target_name,first_dp_id,second_dp_id,wavelength_barycentric_angstrom,first_topocentric_angstrom,second_topocentric_angstrom,feature_topocentric_angstrom,direction,peak_abs_z,prominence_z,fwhm_pixels,instrumental_fwhm_pixels,fwhm_to_instrument_ratio,residual_normalized_flux,brighter_epoch_excess_above_local_spectrum,strongest_nearby_opposite_sign_z,known_line,status,reason,cross_target_matches,gaussian_single_trial_log10_p,gaussian_global_log10_fap
HD   4915,ADP.2021-10-06T01:10:54.463,ADP.2021-10-07T01:03:51.761,3825.34,3825.35887,3825.36627,3825.36627,brighter_later,12.009,12.009,1.961,3.326,0.59,1.292578,1.114656,2.233,,low_sensitivity_spectral_edge,feature is in the low-sensitivity edge of the extracted spectrum,,-32.497,-27.526
HD   4915,ADP.2021-10-06T01:10:54.463,ADP.2021-10-07T01:03:51.761,4554.76,4554.78247,4554.79128,4554.78247,brighter_earlier,14.196,14.196,2.022,3.961,0.511,-0.221608,0.159024,2.34,,likely_single_pixel_or_cosmic_ray,feature is narrower than the instrumental line-spread function,,-45.013,-40.043
HD   4915,ADP.2021-10-06T01:10:54.463,ADP.2021-10-07T01:03:51.761,4612.44,4612.46275,4612.47167,4612.47167,brighter_later,19.796,19.796,1.834,4.011,0.457,0.282509,0.297976,2.626,,likely_single_pixel_or_cosmic_ray,feature is narrower than the instrumental line-spread function,,-86.492,-81.521
HD   4915,ADP.2021-10-06T01:10:54.463,ADP.2021-10-07T01:03:51.761,4638.21,4638.23288,4638.24185,4638.23288,brighter_earlier,24.599,24.599,1.368,4.033,0.339,-0.344468,0.334711,3.005,,likely_single_pixel_or_cosmic_ray,feature is narrower than the instrumental line-spread function,,-132.888,-127.917
HD   4915,ADP.2021-10-06T01:10:54.463,ADP.2021-10-07T01:03:51.761,4902.36,4902.38418,4902.39367,4902.38418,brighter_earlier,15.537,15.537,1.668,4.263,0.391,-0.203757,0.18557,2.28,,likely_single_pixel_or_cosmic_ray,feature is narrower than the instrumental line-spread function,,-53.71,-48.739
HD   4915,ADP.2021-10-06T01:10:54.463,ADP.2021-10-07T01:03:51.761,5711.53,5711.55817,5711.56922,5711.56922,brighter_later,8.946,8.946,3.617,4.967,0.728,0.10545,0.124536,1.877,,likely_single_pixel_or_cosmic_ray,feature is narrower than the instrumental line-spread function,,-18.433,-13.463
HD   4915,ADP.2021-10-06T01:10:54.463,ADP.2021-10-07T01:03:51.761,6775.07,6775.10342,6775.11653,6775.10342,brighter_earlier,9.441,9.441,2.401,5.891,0.408,-0.123862,0.117967,1.433,,likely_single_pixel_or_cosmic_ray,feature is narrower than the instrumental line-spread function,,-20.433,-15.462
HD39091,ADP.2020-11-18T01:18:40.358,ADP.2020-12-03T01:10:58.554,4108.5,4108.56157,4108.53926,4108.53926,brighter_later,27.779,27.779,1.332,3.573,0.373,0.444606,0.470045,3.049,,likely_single_pixel_or_cosmic_ray,feature is narrower than the instrumental line-spread function,,-169.109,-164.138
HD39091,ADP.2020-11-18T01:18:40.358,ADP.2020-12-03T01:10:58.554,5387.85,5387.93074,5387.90149,5387.93074,brighter_earlier,12.276,12.276,1.991,4.685,0.425,-0.099874,0.117198,2.817,,likely_single_pixel_or_cosmic_ray,feature is narrower than the instrumental line-spread function,,-33.914,-28.943
HD39091,ADP.2020-11-18T01:18:40.358,ADP.2020-12-03T01:10:58.554,5400.7,5400.78093,5400.75161,5400.75161,brighter_later,26.442,26.442,2.026,4.696,0.431,0.208723,-0.112608,2.923,,likely_single_pixel_or_cosmic_ray,feature is narrower than the instrumental line-spread function,,-153.346,-148.375
HD39091,ADP.2020-11-18T01:18:40.358,ADP.2020-12-03T01:10:58.554,5539.89,5539.97302,5539.94294,5539.97302,brighter_earlier,8.083,8.083,1.802,4.817,0.374,-0.063581,0.078297,3.009,,likely_single_pixel_or_cosmic_ray,feature is narrower than the instrumental line-spread function,,-15.199,-10.228
HD39091,ADP.2020-11-18T01:18:40.358,ADP.2020-12-03T01:10:58.554,6056.83,6056.92076,6056.88788,6056.88788,brighter_later,15.869,15.869,3.045,5.267,0.578,0.128386,0.132374,2.196,,likely_single_pixel_or_cosmic_ray,feature is narrower than the instrumental line-spread function,,-55.983,-51.013
HD39091,ADP.2020-11-18T01:18:40.358,ADP.2020-12-03T01:10:58.554,6167.68,6167.77242,6167.73894,6167.73894,brighter_later,13.915,13.915,3.913,5.363,0.73,0.126763,0.130912,2.572,,likely_single_pixel_or_cosmic_ray,feature is narrower than the instrumental line-spread function,,-43.289,-38.318
HD39091,ADP.2020-11-18T01:18:40.358,ADP.2020-12-03T01:10:58.554,6276.49,6276.58405,6276.54998,6276.54998,brighter_later,14.978,14.304,5.705,5.458,1.045,0.15844,-0.058042,13.683,,likely_stellar_absorption_variability,difference does not form a bright line above the local spectrum,,-49.99,-45.019
HD39091,ADP.2020-11-18T01:18:40.358,ADP.2020-12-03T01:10:58.554,6276.58,6276.67405,6276.63998,6276.67405,brighter_earlier,13.683,12.759,5.572,5.458,1.021,-0.144764,0.028104,16.074,,likely_stellar_absorption_variability,difference does not form a bright line above the local spectrum,,-41.892,-36.921
HD39091,ADP.2020-11-18T01:18:40.358,ADP.2020-12-03T01:10:58.554,6276.71,6276.80406,6276.76998,6276.76998,brighter_later,16.074,16.073,4.596,5.458,0.842,0.170093,0.020069,13.683,,likely_stellar_absorption_variability,difference does not form a bright line above the local spectrum,,-57.411,-52.44
HD39091,ADP.2020-11-18T01:18:40.358,ADP.2020-12-03T01:10:58.554,6276.78,6276.87406,6276.83998,6276.87406,brighter_earlier,13.561,11.519,4.533,5.458,0.831,-0.143515,-0.044474,16.074,,likely_stellar_absorption_variability,difference does not form a bright line above the local spectrum,,-41.166,-36.195
HD39091,ADP.2020-11-18T01:18:40.358,ADP.2020-12-03T01:10:58.554,6277.2,6277.29406,6277.25999,6277.25999,brighter_later,18.838,18.83,4.682,5.458,0.858,0.19951,-0.012317,16.879,,likely_stellar_absorption_variability,difference does not form a bright line above the local spectrum,,-78.433,-73.463
HD39091,ADP.2020-11-18T01:18:40.358,ADP.2020-12-03T01:10:58.554,6277.26,6277.35407,6277.31999,6277.35407,brighter_earlier,16.879,13.971,3.345,5.458,0.613,-0.178774,-0.05589,18.838,,likely_single_pixel_or_cosmic_ray,feature is narrower than the instrumental line-spread function,,-63.192,-58.221
HD39091,ADP.2020-11-18T01:18:40.358,ADP.2020-12-03T01:10:58.554,6277.32,6277.41407,6277.37999,6277.37999,brighter_later,8.228,5.736,3.232,5.459,0.592,0.087163,-0.028918,16.879,,likely_single_pixel_or_cosmic_ray,feature is narrower than the instrumental line-spread function,,-15.72,-10.75
HD39091,ADP.2020-11-18T01:18:40.358,ADP.2020-12-03T01:10:58.554,6277.53,6277.62407,6277.58999,6277.58999,brighter_later,12.588,12.509,4.843,5.459,0.887,0.133394,0.059324,12.557,,likely_alignment_or_line_profile_change,nearby opposite-sign residual is characteristic of a shifted or changing line,,-35.609,-30.638
HD39091,ADP.2020-11-18T01:18:40.358,ADP.2020-12-03T01:10:58.554,6277.59,6277.68407,6277.64999,6277.68407,brighter_earlier,12.557,10.273,4.243,5.459,0.777,-0.133077,-0.041099,12.588,,likely_stellar_absorption_variability,difference does not form a bright line above the local spectrum,,-35.439,-30.468
HD39091,ADP.2020-11-18T01:18:40.358,ADP.2020-12-03T01:10:58.554,6277.97,6278.06408,6278.02999,6278.02999,brighter_later,20.767,20.759,5.896,5.459,1.08,0.22022,-0.141245,18.66,,likely_stellar_absorption_variability,difference does not form a bright line above the local spectrum,,-95.065,-90.094
HD39091,ADP.2020-11-18T01:18:40.358,ADP.2020-12-03T01:10:58.554,6278.07,6278.16408,6278.13,6278.16408,brighter_earlier,18.66,18.562,6.167,5.459,1.13,-0.197917,-0.140046,20.767,,likely_stellar_absorption_variability,difference does not form a bright line above the local spectrum,,-76.98,-72.009
HD39091,ADP.2020-11-18T01:18:40.358,ADP.2020-12-03T01:10:58.554,6278.77,6278.86409,6278.83,6278.83,brighter_later,17.103,16.664,4.896,5.46,0.897,0.181617,-0.096094,16.205,,likely_stellar_absorption_variability,difference does not form a bright line above the local spectrum,,-64.851,-59.88
HD39091,ADP.2020-11-18T01:18:40.358,ADP.2020-12-03T01:10:58.554,6278.83,6278.92409,6278.89,6278.92409,brighter_earlier,16.205,15.692,3.866,5.46,0.708,-0.172089,-0.085212,21.873,,likely_single_pixel_or_cosmic_ray,feature is narrower than the instrumental line-spread function,,-58.333,-53.362
HD39091,ADP.2020-11-18T01:18:40.358,ADP.2020-12-03T01:10:58.554,6278.99,6279.08409,6279.05,6279.05,brighter_later,21.873,21.872,4.72,5.46,0.865,0.23235,-0.025506,18.246,,likely_stellar_absorption_variability,difference does not form a bright line above the local spectrum,,-105.328,-100.357
HD39091,ADP.2020-11-18T01:18:40.358,ADP.2020-12-03T01:10:58.554,6279.05,6279.14409,6279.11001,6279.14409,brighter_earlier,18.246,15.325,4.425,5.46,0.81,-0.193837,-0.138973,21.873,,likely_stellar_absorption_variability,difference does not form a bright line above the local spectrum,,-73.652,-68.682
HD39091,ADP.2020-11-18T01:18:40.358,ADP.2020-12-03T01:10:58.554,6279.79,6279.8841,6279.85001,6279.85001,brighter_later,18.267,18.264,4.557,5.461,0.835,0.194302,0.001864,17.186,,likely_stellar_absorption_variability,difference does not form a bright line above the local spectrum,,-73.819,-68.849
HD39091,ADP.2020-11-18T01:18:40.358,ADP.2020-12-03T01:10:58.554,6279.85,6279.9441,6279.91001,6279.9441,brighter_earlier,17.186,15.476,4.379,5.461,0.802,-0.182826,0.00267,18.267,,likely_stellar_absorption_variability,difference does not form a bright line above the local spectrum,,-65.471,-60.5
HD39091,ADP.2020-11-18T01:18:40.358,ADP.2020-12-03T01:10:58.554,6280.28,6280.37411,6280.34002,6280.34002,brighter_later,21.404,21.403,4.55,5.461,0.833,0.227862,-0.064894,18.62,,likely_stellar_absorption_variability,difference does not form a bright line above the local spectrum,,-100.911,-95.941
HD39091,ADP.2020-11-18T01:18:40.358,ADP.2020-12-03T01:10:58.554,6280.35,6280.44411,6280.41002,6280.44411,brighter_earlier,18.62,14.386,4.22,5.461,0.773,-0.198247,-0.113009,21.404,,likely_stellar_absorption_variability,difference does not form a bright line above the local spectrum,,-76.655,-71.684
HD39091,ADP.2020-11-18T01:18:40.358,ADP.2020-12-03T01:10:58.554,6281.07,6281.16412,6281.13002,6281.13002,brighter_later,17.775,17.763,4.801,5.462,0.879,0.189476,-0.017338,13.453,,likely_stellar_absorption_variability,difference does not form a bright line above the local spectrum,,-69.957,-64.986
HD39091,ADP.2020-11-18T01:18:40.358,ADP.2020-12-03T01:10:58.554,6281.13,6281.22412,6281.19003,6281.22412,brighter_earlier,13.453,13.264,5.646,5.462,1.034,-0.143421,-0.087052,17.775,,likely_stellar_absorption_variability,difference does not form a bright line above the local spectrum,,-40.529,-35.558
HD39091,ADP.2020-11-18T01:18:40.358,ADP.2020-12-03T01:10:58.554,6281.85,6281.94413,6281.91003,6281.91003,brighter_later,16.738,16.735,5.097,5.462,0.933,0.178661,-0.101085,14.697,,likely_stellar_absorption_variability,difference does not form a bright line above the local spectrum,,-62.159,-57.189
HD39091,ADP.2020-11-18T01:18:40.358,ADP.2020-12-03T01:10:58.554,6281.9,6281.99413,6281.96003,6281.99413,brighter_earlier,14.697,12.758,4.55,5.463,0.833,-0.15689,-0.1385,16.738,,likely_stellar_absorption_variability,difference does not form a bright line above the local spectrum,,-48.171,-43.201
HD39091,ADP.2020-11-18T01:18:40.358,ADP.2020-12-03T01:10:58.554,6282.61,6282.70415,6282.67004,6282.67004,brighter_later,14.317,14.28,5.25,5.463,0.961,0.153008,-0.008172,11.698,,likely_stellar_absorption_variability,difference does not form a bright line above the local spectrum,,-45.766,-40.795
HD39091,ADP.2020-11-18T01:18:40.358,ADP.2020-12-03T01:10:58.554,6282.68,6282.77415,6282.74004,6282.77415,brighter_earlier,11.698,10.23,4.532,5.463,0.83,-0.125041,-0.034361,14.317,,likely_stellar_absorption_variability,difference does not form a bright line above the local spectrum,,-30.884,-25.914
HD39091,ADP.2020-11-18T01:18:40.358,ADP.2020-12-03T01:10:58.554,6283.68,6283.77416,6283.74005,6283.74005,brighter_later,11.381,11.379,4.893,5.464,0.895,0.121856,-0.040713,9.944,,likely_stellar_absorption_variability,difference does not form a bright line above the local spectrum,,-29.284,-24.313
HD39091,ADP.2020-11-18T01:18:40.358,ADP.2020-12-03T01:10:58.554,6283.74,6283.83416,6283.80005,6283.83416,brighter_earlier,9.944,8.472,5.645,5.464,1.033,-0.10648,-0.093845,11.381,,likely_stellar_absorption_variability,difference does not form a bright line above the local spectrum,,-22.572,-17.601
HD39091,ADP.2020-11-18T01:18:40.358,ADP.2020-12-03T01:10:58.554,6287.63,6287.72422,6287.69009,6287.69009,brighter_later,9.596,9.583,5.51,5.468,1.008,0.103422,-0.018651,9.315,,likely_stellar_absorption_variability,difference does not form a bright line above the local spectrum,,-21.08,-16.109
HD39091,ADP.2020-11-18T01:18:40.358,ADP.2020-12-03T01:10:58.554,6287.7,6287.79422,6287.76009,6287.79422,brighter_earlier,9.315,8.648,4.628,5.468,0.847,-0.100407,-0.068637,9.596,,likely_stellar_absorption_variability,difference does not form a bright line above the local spectrum,,-19.914,-14.943
HD39091,ADP.2020-11-18T01:18:40.358,ADP.2020-12-03T01:10:58.554,6289.28,6289.37425,6289.3401,6289.3401,brighter_later,12.218,12.214,4.7,5.469,0.859,0.132038,-0.021131,10.204,,likely_stellar_absorption_variability,difference does not form a bright line above the local spectrum,,-33.604,-28.633
HD39091,ADP.2020-11-18T01:18:40.358,ADP.2020-12-03T01:10:58.554,6289.35,6289.44425,6289.4101,6289.44425,brighter_earlier,10.204,8.812,5.258,5.469,0.961,-0.110281,-0.075662,12.218,,likely_stellar_absorption_variability,difference does not form a bright line above the local spectrum,,-23.721,-18.75
HD39091,ADP.2020-11-18T01:18:40.358,ADP.2020-12-03T01:10:58.554,6290.11,6290.20426,6290.17011,6290.17011,brighter_later,16.976,16.974,4.244,5.47,0.776,0.183508,-0.062761,14.77,,likely_stellar_absorption_variability,difference does not form a bright line above the local spectrum,,-63.908,-58.937
HD39091,ADP.2020-11-18T01:18:40.358,ADP.2020-12-03T01:10:58.554,6290.18,6290.27426,6290.24011,6290.27426,brighter_earlier,14.77,11.433,4.288,5.47,0.784,-0.159565,-0.076724,16.976,,likely_stellar_absorption_variability,difference does not form a bright line above the local spectrum,,-48.641,-43.67
HD39091,ADP.2020-11-18T01:18:40.358,ADP.2020-12-03T01:10:58.554,6292.05,6292.14429,6292.11013,6292.11013,brighter_later,16.999,16.992,5.119,5.471,0.936,0.180703,-0.069939,14.843,,likely_stellar_absorption_variability,difference does not form a bright line above the local spectrum,,-64.078,-59.107
HD39091,ADP.2020-11-18T01:18:40.358,ADP.2020-12-03T01:10:58.554,6292.12,6292.21429,6292.18013,6292.21429,brighter_earlier,14.843,11.937,4.354,5.471,0.796,-0.157689,-0.088781,16.999,,likely_stellar_absorption_variability,difference does not form a bright line above the local spectrum,,-49.112,-44.141
HD39091,ADP.2020-11-18T01:18:40.358,ADP.2020-12-03T01:10:58.554,6292.85,6292.9443,6292.91014,6292.91014,brighter_later,19.664,19.654,5.004,5.472,0.915,0.207576,-0.070942,17.414,,likely_stellar_absorption_variability,difference does not form a bright line above the local spectrum,,-85.358,-80.387
HD39091,ADP.2020-11-18T01:18:40.358,ADP.2020-12-03T01:10:58.554,6292.91,6293.0043,6292.97014,6293.0043,brighter_earlier,17.414,15.39,4.543,5.472,0.83,-0.183734,-0.101058,19.664,,likely_stellar_absorption_variability,difference does not form a bright line above the local spectrum,,-67.19,-62.219
HD39091,ADP.2020-11-18T01:18:40.358,ADP.2020-12-03T01:10:58.554,6295.07,6295.16433,6295.13016,6295.13016,brighter_later,18.374,18.357,5.021,5.474,0.917,0.190189,-0.098656,16.735,,likely_stellar_absorption_variability,difference does not form a bright line above the local spectrum,,-74.673,-69.702
HD39091,ADP.2020-11-18T01:18:40.358,ADP.2020-12-03T01:10:58.554,6295.13,6295.22433,6295.19016,6295.22433,brighter_earlier,16.735,15.579,4.776,5.474,0.872,-0.173137,-0.130127,18.374,,likely_stellar_absorption_variability,difference does not form a bright line above the local spectrum,,-62.138,-57.167
HD39091,ADP.2020-11-18T01:18:40.358,ADP.2020-12-03T01:10:58.554,6295.85,6295.94434,6295.91017,6295.91017,brighter_later,21.998,21.998,4.685,5.475,0.856,0.226125,-0.08923,17.782,,likely_stellar_absorption_variability,difference does not form a bright line above the local spectrum,,-106.521,-101.551
HD39091,ADP.2020-11-18T01:18:40.358,ADP.2020-12-03T01:10:58.554,6295.92,6296.01434,6295.98017,6296.01434,brighter_earlier,17.782,13.782,4.686,5.475,0.856,-0.182664,-0.101574,21.998,,likely_stellar_absorption_variability,difference does not form a bright line above the local spectrum,,-70.011,-65.04
HD39091,ADP.2020-11-18T01:18:40.358,ADP.2020-12-03T01:10:58.554,6298.34,6298.43438,6298.40019,6298.40019,brighter_later,18.54,18.531,4.82,5.477,0.88,0.18631,-0.047697,17.598,,likely_stellar_absorption_variability,difference does not form a bright line above the local spectrum,,-76.008,-71.037
HD39091,ADP.2020-11-18T01:18:40.358,ADP.2020-12-03T01:10:58.554,6298.41,6298.50438,6298.47019,6298.50438,brighter_earlier,17.598,17.532,5.269,5.477,0.962,-0.176733,-0.1068,18.54,,likely_stellar_absorption_variability,difference does not form a bright line above the local spectrum,,-68.593,-63.622
HD39091,ADP.2020-11-18T01:18:40.358,ADP.2020-12-03T01:10:58.554,6299.12,6299.21439,6299.1802,6299.1802,brighter_later,21.223,21.222,4.793,5.477,0.875,0.211745,-0.09828,19.598,,likely_stellar_absorption_variability,difference does not form a bright line above the local spectrum,,-99.232,-94.261
HD39091,ADP.2020-11-18T01:18:40.358,ADP.2020-12-03T01:10:58.554,6299.18,6299.27439,6299.2402,6299.27439,brighter_earlier,19.598,17.328,4.692,5.478,0.857,-0.19542,-0.132101,21.223,,likely_stellar_absorption_variability,difference does not form a bright line above the local spectrum,,-84.794,-79.823
HD39091,ADP.2020-11-18T01:18:40.358,ADP.2020-12-03T01:10:58.554,6301.89,6301.98443,6301.95022,6301.95022,brighter_later,17.083,17.081,4.837,5.48,0.883,0.166065,0.109179,14.921,,likely_alignment_or_line_profile_change,nearby opposite-sign residual is characteristic of a shifted or changing line,,-64.702,-59.731
HD39091,ADP.2020-11-18T01:18:40.358,ADP.2020-12-03T01:10:58.554,6301.96,6302.05444,6302.02022,6302.05444,brighter_earlier,14.921,12.626,4.913,5.48,0.896,-0.14495,0.014775,17.083,,likely_stellar_absorption_variability,difference does not form a bright line above the local spectrum,,-49.619,-44.648
HD39091,ADP.2020-11-18T01:18:40.358,ADP.2020-12-03T01:10:58.554,6302.65,6302.74445,6302.71023,6302.71023,brighter_later,13.296,13.268,4.935,5.481,0.9,0.128316,-0.205492,9.104,,likely_stellar_absorption_variability,difference does not form a bright line above the local spectrum,,-39.612,-34.641
HD39091,ADP.2020-11-18T01:18:40.358,ADP.2020-12-03T01:10:58.554,6302.72,6302.81445,6302.78023,6302.81445,brighter_earlier,9.104,8.884,4.843,5.481,0.884,-0.087806,-0.421645,13.296,,likely_stellar_absorption_variability,difference does not form a bright line above the local spectrum,,-19.06,-14.089
HD39091,ADP.2020-11-18T01:18:40.358,ADP.2020-12-03T01:10:58.554,6305.7,6305.79449,6305.76026,6305.76026,brighter_later,17.142,17.126,4.273,5.483,0.779,0.1606,-0.034959,15.77,,likely_stellar_absorption_variability,difference does not form a bright line above the local spectrum,,-65.142,-60.171
HD39091,ADP.2020-11-18T01:18:40.358,ADP.2020-12-03T01:10:58.554,6305.76,6305.85449,6305.82026,6305.85449,brighter_earlier,15.77,14.859,4.938,5.483,0.901,-0.147659,-0.071127,17.142,,likely_stellar_absorption_variability,difference does not form a bright line above the local spectrum,,-55.301,-50.33
HD39091,ADP.2020-11-18T01:18:40.358,ADP.2020-12-03T01:10:58.554,6306.46,6306.5545,6306.52027,6306.52027,brighter_later,18.198,18.198,4.663,5.484,0.85,0.169221,-0.075652,16.671,,likely_stellar_absorption_variability,difference does not form a bright line above the local spectrum,,-73.271,-68.301
HD39091,ADP.2020-11-18T01:18:40.358,ADP.2020-12-03T01:10:58.554,6306.52,6306.6145,6306.58027,6306.6145,brighter_earlier,16.671,16.334,5.52,5.484,1.007,-0.154931,-0.075075,18.198,,likely_stellar_absorption_variability,difference does not form a bright line above the local spectrum,,-61.672,-56.701
HD39091,ADP.2020-11-18T01:18:40.358,ADP.2020-12-03T01:10:58.554,6309.78,6309.87455,6309.8403,6309.8403,brighter_later,15.755,15.753,3.571,5.487,0.651,0.141665,-0.037176,13.48,,likely_single_pixel_or_cosmic_ray,feature is narrower than the instrumental line-spread function,,-55.198,-50.227
HD39091,ADP.2020-11-18T01:18:40.358,ADP.2020-12-03T01:10:58.554,6309.84,6309.93455,6309.9003,6309.93455,brighter_earlier,13.48,13.243,4.757,5.487,0.867,-0.121135,-0.048501,15.755,,likely_stellar_absorption_variability,difference does not form a bright line above the local spectrum,,-40.688,-35.717
HD39091,ADP.2020-11-18T01:18:40.358,ADP.2020-12-03T01:10:58.554,6310.53,6310.62456,6310.59031,6310.59031,brighter_later,13.105,12.724,5.158,5.487,0.94,0.117736,-0.104302,13.808,,likely_stellar_absorption_variability,difference does not form a bright line above the local spectrum,,-38.511,-33.54
HD39091,ADP.2020-11-18T01:18:40.358,ADP.2020-12-03T01:10:58.554,6310.59,6310.68456,6310.65031,6310.68456,brighter_earlier,13.808,13.804,4.31,5.487,0.785,-0.124071,-0.071803,13.105,,likely_stellar_absorption_variability,difference does not form a bright line above the local spectrum,,-42.642,-37.671
HD39091,ADP.2020-11-18T01:18:40.358,ADP.2020-12-03T01:10:58.554,6314.13,6314.22462,6314.19034,6314.19034,brighter_later,9.384,7.787,4.171,5.491,0.76,0.08508,-0.044676,9.411,,likely_stellar_absorption_variability,difference does not form a bright line above the local spectrum,,-20.197,-15.226
HD39091,ADP.2020-11-18T01:18:40.358,ADP.2020-12-03T01:10:58.554,6314.19,6314.28462,6314.25034,6314.28462,brighter_earlier,9.411,9.41,4.952,5.491,0.902,-0.085331,-0.038094,9.384,,likely_stellar_absorption_variability,difference does not form a bright line above the local spectrum,,-20.309,-15.338
HD39091,ADP.2020-11-18T01:18:40.358,ADP.2020-12-03T01:10:58.554,6688.31,6688.41022,6688.37392,6688.41022,brighter_earlier,25.158,25.158,2.522,5.816,0.434,-0.23652,0.236604,2.995,,likely_single_pixel_or_cosmic_ray,feature is narrower than the instrumental line-spread function,,-138.937,-133.966
HD39091,ADP.2020-11-18T01:18:40.358,ADP.2020-12-03T01:10:58.554,6867.08,6867.1829,6867.14562,6867.14562,brighter_later,22.15,22.15,8.171,5.971,1.368,0.367622,-0.314582,20.142,,low_sensitivity_spectral_edge,feature is in the low-sensitivity edge of the extracted spectrum,,-107.982,-103.011
HD39091,ADP.2020-11-18T01:18:40.358,ADP.2020-12-03T01:10:58.554,6867.2,6867.30291,6867.26563,6867.30291,brighter_earlier,20.142,20.142,6.402,5.971,1.072,-0.3354,0.059257,22.15,,low_sensitivity_spectral_edge,feature is in the low-sensitivity edge of the extracted spectrum,,-89.5,-84.529
HD39091,ADP.2020-11-18T01:18:40.358,ADP.2020-12-03T01:10:58.554,6867.28,6867.38291,6867.34563,6867.34563,brighter_later,8.985,8.303,3.681,5.972,0.616,0.149947,0.252679,20.142,,low_sensitivity_spectral_edge,feature is in the low-sensitivity edge of the extracted spectrum,,-18.587,-13.616
HD39091,ADP.2020-11-18T01:18:40.358,ADP.2020-12-03T01:10:58.554,6867.34,6867.44291,6867.40563,6867.44291,brighter_earlier,10.055,9.578,4.046,5.972,0.677,-0.168082,0.148266,17.064,,low_sensitivity_spectral_edge,feature is in the low-sensitivity edge of the extracted spectrum,,-23.059,-18.088
HD39091,ADP.2020-11-18T01:18:40.358,ADP.2020-12-03T01:10:58.554,6867.42,6867.52291,6867.48563,6867.48563,brighter_later,17.064,15.369,5.592,5.972,0.936,0.285866,-0.033261,18.97,,low_sensitivity_spectral_edge,feature is in the low-sensitivity edge of the extracted spectrum,,-64.561,-59.59
HD39091,ADP.2020-11-18T01:18:40.358,ADP.2020-12-03T01:10:58.554,6867.51,6867.61291,6867.57563,6867.61291,brighter_earlier,18.97,18.501,8.679,5.972,1.453,-0.318572,-0.164372,17.064,,low_sensitivity_spectral_edge,feature is in the low-sensitivity edge of the extracted spectrum,,-79.52,-74.549
HD39091,ADP.2020-11-18T01:18:40.358,ADP.2020-12-03T01:10:58.554,6867.74,6867.84291,6867.80563,6867.80563,brighter_later,9.022,7.798,5.214,5.972,0.873,0.152461,0.035728,10.79,,low_sensitivity_spectral_edge,feature is in the low-sensitivity edge of the extracted spectrum,,-18.734,-13.763
HD39091,ADP.2020-11-18T01:18:40.358,ADP.2020-12-03T01:10:58.554,6867.81,6867.91291,6867.87563,6867.91291,brighter_earlier,9.079,8.209,5.158,5.972,0.864,-0.153715,0.029407,19.824,,low_sensitivity_spectral_edge,feature is in the low-sensitivity edge of the extracted spectrum,,-18.96,-13.989
HD39091,ADP.2020-11-18T01:18:40.358,ADP.2020-12-03T01:10:58.554,6867.97,6868.07292,6868.03563,6868.03563,brighter_later,19.824,19.752,7.125,5.972,1.193,0.337092,-0.175042,9.079,,low_sensitivity_spectral_edge,feature is in the low-sensitivity edge of the extracted spectrum,,-86.733,-81.762
HD39091,ADP.2020-11-18T01:18:40.358,ADP.2020-12-03T01:10:58.554,6868.2,6868.30292,6868.26564,6868.30292,brighter_earlier,19.546,19.546,5.887,5.972,0.986,-0.334428,0.038036,10.915,,low_sensitivity_spectral_edge,feature is in the low-sensitivity edge of the extracted spectrum,,-84.351,-79.38
HD39091,ADP.2020-11-18T01:18:40.358,ADP.2020-12-03T01:10:58.554,6868.3,6868.40292,6868.36564,6868.36564,brighter_later,10.915,10.172,4.356,5.972,0.729,0.187258,0.44512,19.546,,low_sensitivity_spectral_edge,feature is in the low-sensitivity edge of the extracted spectrum,,-27.01,-22.039
HD39091,ADP.2020-11-18T01:18:40.358,ADP.2020-12-03T01:10:58.554,6868.42,6868.52292,6868.48564,6868.48564,brighter_later,14.568,12.267,5.004,5.973,0.838,0.250727,-0.117778,18.742,,low_sensitivity_spectral_edge,feature is in the low-sensitivity edge of the extracted spectrum,,-47.348,-42.377
HD39091,ADP.2020-11-18T01:18:40.358,ADP.2020-12-03T01:10:58.554,6868.51,6868.61293,6868.57564,6868.61293,brighter_earlier,18.742,18.053,7.85,5.973,1.314,-0.32333,-0.035338,14.568,,low_sensitivity_spectral_edge,feature is in the low-sensitivity edge of the extracted spectrum,,-77.648,-72.677
HD39091,ADP.2020-11-18T01:18:40.358,ADP.2020-12-03T01:10:58.554,6868.77,6868.87293,6868.83564,6868.83564,brighter_later,18.179,17.989,8.051,5.973,1.348,0.315781,-0.237655,12.073,,low_sensitivity_spectral_edge,feature is in the low-sensitivity edge of the extracted spectrum,,-73.121,-68.15
HD39091,ADP.2020-11-18T01:18:40.358,ADP.2020-12-03T01:10:58.554,6868.88,6868.98293,6868.94564,6868.98293,brighter_earlier,12.073,10.701,3.455,5.973,0.579,-0.210328,-0.084645,18.179,,low_sensitivity_spectral_edge,feature is in the low-sensitivity edge of the extracted spectrum,,-32.834,-27.863
HD39091,ADP.2020-11-18T01:18:40.358,ADP.2020-12-03T01:10:58.554,6868.97,6869.07293,6869.03564,6869.03564,brighter_later,12.727,12.727,4.296,5.973,0.719,0.222243,-0.110759,17.479,,low_sensitivity_spectral_edge,feature is in the low-sensitivity edge of the extracted spectrum,,-36.378,-31.407
HD39091,ADP.2020-11-18T01:18:40.358,ADP.2020-12-03T01:10:58.554,6869.06,6869.16293,6869.12564,6869.16293,brighter_earlier,17.479,17.479,8.381,5.973,1.403,-0.305952,-0.395224,12.727,,low_sensitivity_spectral_edge,feature is in the low-sensitivity edge of the extracted spectrum,,-67.684,-62.713
HD39091,ADP.2020-11-18T01:18:40.358,ADP.2020-12-03T01:10:58.554,6869.76,6869.86294,6869.82565,6869.82565,brighter_later,17.206,17.155,7.699,5.974,1.289,0.306688,-0.388747,4.339,,low_sensitivity_spectral_edge,feature is in the low-sensitivity edge of the extracted spectrum,,-65.621,-60.65
HD39091,ADP.2020-11-18T01:18:40.358,ADP.2020-12-03T01:10:58.554,6869.96,6870.06295,6870.02565,6870.06295,brighter_earlier,15.951,15.904,7.989,5.974,1.337,-0.285781,-0.438132,0.0,,low_sensitivity_spectral_edge,feature is in the low-sensitivity edge of the extracted spectrum,,-56.552,-51.581
HD39091,ADP.2020-11-18T01:18:40.358,ADP.2020-12-03T01:10:58.554,6870.8,6870.90296,6870.86566,6870.86566,brighter_later,16.971,16.971,7.233,5.975,1.211,0.301889,-0.348388,15.997,,low_sensitivity_spectral_edge,feature is in the low-sensitivity edge of the extracted spectrum,,-63.871,-58.9
HD39091,ADP.2020-11-18T01:18:40.358,ADP.2020-12-03T01:10:58.554,6870.93,6871.03296,6870.99566,6871.03296,brighter_earlier,15.997,15.997,7.336,5.975,1.228,-0.28419,-0.086235,16.971,,low_sensitivity_spectral_edge,feature is in the low-sensitivity edge of the extracted spectrum,,-56.873,-51.902
HD39091,ADP.2020-11-18T01:18:40.358,ADP.2020-12-03T01:10:58.554,6871.13,6871.23296,6871.19566,6871.19566,brighter_later,15.915,15.667,7.854,5.975,1.314,0.282164,-0.094943,15.799,,low_sensitivity_spectral_edge,feature is in the low-sensitivity edge of the extracted spectrum,,-56.302,-51.331
HD39091,ADP.2020-11-18T01:18:40.358,ADP.2020-12-03T01:10:58.554,6871.27,6871.37297,6871.33566,6871.37297,brighter_earlier,15.799,15.797,7.929,5.975,1.327,-0.279698,-0.411074,15.915,,low_sensitivity_spectral_edge,feature is in the low-sensitivity edge of the extracted spectrum,,-55.5,-50.529
HD39091,ADP.2020-11-18T01:18:40.358,ADP.2020-12-03T01:10:58.554,6872.1,6872.20298,6872.16567,6872.16567,brighter_later,17.297,17.297,7.847,5.976,1.313,0.303608,-0.386243,17.086,,low_sensitivity_spectral_edge,feature is in the low-sensitivity edge of the extracted spectrum,,-66.305,-61.334
HD39091,ADP.2020-11-18T01:18:40.358,ADP.2020-12-03T01:10:58.554,6872.24,6872.34298,6872.30567,6872.34298,brighter_earlier,17.086,17.086,7.983,5.976,1.336,-0.299472,-0.345404,17.297,,low_sensitivity_spectral_edge,feature is in the low-sensitivity edge of the extracted spectrum,,-64.724,-59.753
HD39091,ADP.2020-11-18T01:18:40.358,ADP.2020-12-03T01:10:58.554,6872.69,6872.79299,6872.75568,6872.75568,brighter_later,16.735,16.711,8.454,5.976,1.415,0.291951,-0.377733,16.304,,low_sensitivity_spectral_edge,feature is in the low-sensitivity edge of the extracted spectrum,,-62.138,-57.167
HD39091,ADP.2020-11-18T01:18:40.358,ADP.2020-12-03T01:10:58.554,6872.83,6872.93299,6872.89568,6872.93299,brighter_earlier,16.304,16.299,8.511,5.976,1.424,-0.284017,-0.413508,16.735,,low_sensitivity_spectral_edge,feature is in the low-sensitivity edge of the extracted spectrum,,-59.034,-54.063
HD39091,ADP.2020-11-18T01:18:40.358,ADP.2020-12-03T01:10:58.554,6873.65,6873.753,6873.71569,6873.71569,brighter_later,16.732,16.732,8.17,5.977,1.367,0.288988,-0.408821,16.582,,low_sensitivity_spectral_edge,feature is in the low-sensitivity edge of the extracted spectrum,,-62.116,-57.145
HD39091,ADP.2020-11-18T01:18:40.358,ADP.2020-12-03T01:10:58.554,6873.79,6873.893,6873.85569,6873.893,brighter_earlier,16.582,16.578,8.477,5.977,1.418,-0.285966,-0.344982,16.732,,low_sensitivity_spectral_edge,feature is in the low-sensitivity edge of the extracted spectrum,,-61.027,-56.056
HD39091,ADP.2020-11-18T01:18:40.358,ADP.2020-12-03T01:10:58.554,6874.5,6874.60301,6874.5657,6874.5657,brighter_later,17.054,17.054,7.582,5.978,1.268,0.291909,-0.384369,16.773,,low_sensitivity_spectral_edge,feature is in the low-sensitivity edge of the extracted spectrum,,-64.486,-59.515
HD39091,ADP.2020-11-18T01:18:40.358,ADP.2020-12-03T01:10:58.554,6874.64,6874.74302,6874.7057,6874.74302,brighter_earlier,16.773,16.769,7.679,5.978,1.285,-0.286679,-0.413512,17.054,,low_sensitivity_spectral_edge,feature is in the low-sensitivity edge of the extracted spectrum,,-62.415,-57.444
HD39091,ADP.2020-11-18T01:18:40.358,ADP.2020-12-03T01:10:58.554,6875.45,6875.55303,6875.5157,6875.5157,brighter_later,17.3,17.3,7.697,5.979,1.287,0.293151,-0.405345,17.354,,low_sensitivity_spectral_edge,feature is in the low-sensitivity edge of the extracted spectrum,,-66.328,-61.357
HD39091,ADP.2020-11-18T01:18:40.358,ADP.2020-12-03T01:10:58.554,6875.58,6875.68303,6875.64571,6875.68303,brighter_earlier,17.354,17.354,8.189,5.979,1.37,-0.293651,-0.326081,17.3,,low_sensitivity_spectral_edge,feature is in the low-sensitivity edge of the extracted spectrum,,-66.735,-61.764
HD39091,ADP.2020-11-18T01:18:40.358,ADP.2020-12-03T01:10:58.554,6876.56,6876.66305,6876.62572,6876.62572,brighter_later,16.385,16.383,7.915,5.98,1.324,0.274333,-0.355783,17.119,,low_sensitivity_spectral_edge,feature is in the low-sensitivity edge of the extracted spectrum,,-59.611,-54.64
HD39091,ADP.2020-11-18T01:18:40.358,ADP.2020-12-03T01:10:58.554,6876.7,6876.80305,6876.76572,6876.80305,brighter_earlier,17.119,17.112,7.734,5.98,1.293,-0.286186,-0.362852,16.385,,low_sensitivity_spectral_edge,feature is in the low-sensitivity edge of the extracted spectrum,,-64.97,-59.999
HD39091,ADP.2020-11-18T01:18:40.358,ADP.2020-12-03T01:10:58.554,6877.5,6877.60306,6877.56572,6877.56572,brighter_later,18.823,18.823,7.248,5.98,1.212,0.311944,-0.363697,18.068,,low_sensitivity_spectral_edge,feature is in the low-sensitivity edge of the extracted spectrum,,-78.31,-73.34
HD39091,ADP.2020-11-18T01:18:40.358,ADP.2020-12-03T01:10:58.554,6877.62,6877.72306,6877.68573,6877.72306,brighter_earlier,18.068,18.06,7.486,5.981,1.252,-0.299036,-0.320524,18.823,,low_sensitivity_spectral_edge,feature is in the low-sensitivity edge of the extracted spectrum,,-72.245,-67.274
HD39091,ADP.2020-11-18T01:18:40.358,ADP.2020-12-03T01:10:58.554,6878.9,6879.00308,6878.96574,6878.96574,brighter_later,19.167,19.167,7.037,5.982,1.176,0.312774,-0.309628,18.517,,low_sensitivity_spectral_edge,feature is in the low-sensitivity edge of the extracted spectrum,,-81.156,-76.185
HD39091,ADP.2020-11-18T01:18:40.358,ADP.2020-12-03T01:10:58.554,6879.02,6879.12308,6879.08574,6879.12308,brighter_earlier,18.517,18.511,7.556,5.982,1.263,-0.301758,-0.291639,19.167,,low_sensitivity_spectral_edge,feature is in the low-sensitivity edge of the extracted spectrum,,-75.822,-70.851
HD39091,ADP.2020-11-18T01:18:40.358,ADP.2020-12-03T01:10:58.554,6879.8,6879.90309,6879.86575,6879.86575,brighter_later,20.798,20.798,7.635,5.982,1.276,0.335987,-0.25086,19.409,,low_sensitivity_spectral_edge,feature is in the low-sensitivity edge of the extracted spectrum,,-95.346,-90.375
HD39091,ADP.2020-11-18T01:18:40.358,ADP.2020-12-03T01:10:58.554,6879.89,6879.9931,6879.95575,6879.9931,brighter_earlier,19.409,17.568,7.052,5.983,1.179,-0.313239,-0.301242,20.798,,low_sensitivity_spectral_edge,feature is in the low-sensitivity edge of the extracted spectrum,,-83.189,-78.218
HD39091,ADP.2020-11-18T01:18:40.358,ADP.2020-12-03T01:10:58.554,6883.7,6883.80315,6883.76578,6883.76578,brighter_later,20.475,20.471,6.755,5.986,1.128,0.316287,-0.333916,19.63,,low_sensitivity_spectral_edge,feature is in the low-sensitivity edge of the extracted spectrum,,-92.444,-87.473
HD39091,ADP.2020-11-18T01:18:40.358,ADP.2020-12-03T01:10:58.554,6883.81,6883.91315,6883.87578,6883.91315,brighter_earlier,19.63,19.625,7.17,5.986,1.198,-0.302829,-0.269858,20.475,,low_sensitivity_spectral_edge,feature is in the low-sensitivity edge of the extracted spectrum,,-85.067,-80.096
HD39091,ADP.2020-11-18T01:18:40.358,ADP.2020-12-03T01:10:58.554,6885.62,6885.72318,6885.6858,6885.6858,brighter_later,20.607,20.607,7.231,5.987,1.208,0.311137,-0.361823,20.681,,low_sensitivity_spectral_edge,feature is in the low-sensitivity edge of the extracted spectrum,,-93.624,-88.653
HD39091,ADP.2020-11-18T01:18:40.358,ADP.2020-12-03T01:10:58.554,6885.73,6885.83318,6885.7958,6885.83318,brighter_earlier,20.681,20.681,6.492,5.988,1.084,-0.311839,-0.301344,20.607,,low_sensitivity_spectral_edge,feature is in the low-sensitivity edge of the extracted spectrum,,-94.289,-89.318
HD39091,ADP.2020-11-18T01:18:40.358,ADP.2020-12-03T01:10:58.554,6886.59,6886.6932,6886.65581,6886.65581,brighter_later,19.384,19.345,7.436,5.988,1.242,0.289266,-0.308434,19.686,,low_sensitivity_spectral_edge,feature is in the low-sensitivity edge of the extracted spectrum,,-82.977,-78.007
HD39091,ADP.2020-11-18T01:18:40.358,ADP.2020-12-03T01:10:58.554,6886.73,6886.8332,6886.79581,6886.8332,brighter_earlier,19.686,19.676,6.576,5.988,1.098,-0.293262,-0.327445,19.384,,low_sensitivity_spectral_edge,feature is in the low-sensitivity edge of the extracted spectrum,,-85.546,-80.575
HD39091,ADP.2020-11-18T01:18:40.358,ADP.2020-12-03T01:10:58.554,6888.8,6888.90323,6888.86583,6888.86583,brighter_later,21.036,21.036,6.947,5.99,1.16,0.305467,-0.346214,20.242,,low_sensitivity_spectral_edge,feature is in the low-sensitivity edge of the extracted spectrum,,-97.513,-92.542
HD39091,ADP.2020-11-18T01:18:40.358,ADP.2020-12-03T01:10:58.554,6888.93,6889.03323,6888.99583,6889.03323,brighter_earlier,20.242,20.242,7.345,5.99,1.226,-0.29346,-0.353504,21.036,,low_sensitivity_spectral_edge,feature is in the low-sensitivity edge of the extracted spectrum,,-90.379,-85.408
HD39091,ADP.2020-11-18T01:18:40.358,ADP.2020-12-03T01:10:58.554,6889.75,6889.85324,6889.81584,6889.81584,brighter_later,19.8,19.776,7.876,5.991,1.315,0.284114,-0.367555,18.353,,low_sensitivity_spectral_edge,feature is in the low-sensitivity edge of the extracted spectrum,,-86.526,-81.555
HD39091,ADP.2020-11-18T01:18:40.358,ADP.2020-12-03T01:10:58.554,6889.9,6890.00325,6889.96584,6890.00325,brighter_earlier,18.353,18.343,8.007,5.991,1.336,-0.262844,-0.324083,19.8,,low_sensitivity_spectral_edge,feature is in the low-sensitivity edge of the extracted spectrum,,-74.505,-69.534
HD39091,ADP.2020-11-18T01:18:40.358,ADP.2020-12-03T01:10:58.554,6892.22,6892.32328,6892.28586,6892.28586,brighter_later,20.409,20.409,6.862,5.993,1.145,0.294604,-0.342212,19.658,,low_sensitivity_spectral_edge,feature is in the low-sensitivity edge of the extracted spectrum,,-91.857,-86.886
HD39091,ADP.2020-11-18T01:18:40.358,ADP.2020-12-03T01:10:58.554,6892.36,6892.46328,6892.42587,6892.46328,brighter_earlier,19.658,19.658,6.898,5.993,1.151,-0.283928,-0.320606,20.409,,low_sensitivity_spectral_edge,feature is in the low-sensitivity edge of the extracted spectrum,,-85.306,-80.336
HD39091,ADP.2020-11-18T01:18:40.358,ADP.2020-12-03T01:10:58.554,6893.16,6893.26329,6893.22587,6893.22587,brighter_later,19.362,19.219,6.767,5.994,1.129,0.280571,-0.38297,16.875,,low_sensitivity_spectral_edge,feature is in the low-sensitivity edge of the extracted spectrum,,-82.792,-77.821
HD39091,ADP.2020-11-18T01:18:40.358,ADP.2020-12-03T01:10:58.554,6893.3,6893.4033,6893.36588,6893.4033,brighter_earlier,16.875,16.865,8.382,5.994,1.398,-0.244666,-0.393831,19.362,,low_sensitivity_spectral_edge,feature is in the low-sensitivity edge of the extracted spectrum,,-63.163,-58.192
HD39091,ADP.2020-11-18T01:18:40.358,ADP.2020-12-03T01:10:58.554,6895.89,6895.99334,6895.9559,6895.9559,brighter_later,18.978,18.978,7.501,5.996,1.251,0.27808,-0.34499,19.549,,low_sensitivity_spectral_edge,feature is in the low-sensitivity edge of the extracted spectrum,,-79.586,-74.615
HD39091,ADP.2020-11-18T01:18:40.358,ADP.2020-12-03T01:10:58.554,6896.02,6896.12334,6896.0859,6896.12334,brighter_earlier,19.549,19.519,6.935,5.997,1.157,-0.286587,-0.386892,18.978,,low_sensitivity_spectral_edge,feature is in the low-sensitivity edge of the extracted spectrum,,-84.376,-79.405
HD39091,ADP.2020-11-18T01:18:40.358,ADP.2020-12-03T01:10:58.554,6896.82,6896.92335,6896.88591,6896.88591,brighter_later,19.567,19.567,6.538,5.997,1.09,0.287779,-0.402322,19.224,,low_sensitivity_spectral_edge,feature is in the low-sensitivity edge of the extracted spectrum,,-84.529,-79.558
HD39091,ADP.2020-11-18T01:18:40.358,ADP.2020-12-03T01:10:58.554,6896.96,6897.06335,6897.02591,6897.06335,brighter_earlier,19.224,19.212,7.041,5.997,1.174,-0.282897,-0.326412,19.567,,low_sensitivity_spectral_edge,feature is in the low-sensitivity edge of the extracted spectrum,,-81.632,-76.662
HD39091,ADP.2020-11-18T01:18:40.358,ADP.2020-12-03T01:10:58.554,6899.82,6899.92339,6899.88594,6899.88594,brighter_later,20.29,20.29,6.582,6.0,1.097,0.302022,-0.404486,21.008,,low_sensitivity_spectral_edge,feature is in the low-sensitivity edge of the extracted spectrum,,-90.802,-85.832
HD39091,ADP.2020-11-18T01:18:40.358,ADP.2020-12-03T01:10:58.554,6899.93,6900.0334,6899.99594,6900.0334,brighter_earlier,21.008,21.008,6.803,6.0,1.134,-0.312845,-0.381006,20.29,,low_sensitivity_spectral_edge,feature is in the low-sensitivity edge of the extracted spectrum,,-97.256,-92.285
HD39091,ADP.2020-11-18T01:18:40.358,ADP.2020-12-03T01:10:58.554,6900.72,6900.82341,6900.78595,6900.78595,brighter_later,20.913,20.892,6.449,6.001,1.075,0.312414,-0.327284,19.928,,low_sensitivity_spectral_edge,feature is in the low-sensitivity edge of the extracted spectrum,,-96.39,-91.419
HD39091,ADP.2020-11-18T01:18:40.358,ADP.2020-12-03T01:10:58.554,6900.86,6900.96341,6900.92595,6900.96341,brighter_earlier,19.928,19.923,6.338,6.001,1.056,-0.297861,-0.326997,20.913,,low_sensitivity_spectral_edge,feature is in the low-sensitivity edge of the extracted spectrum,,-87.633,-82.662
HD39091,ADP.2020-11-18T01:18:40.358,ADP.2020-12-03T01:10:58.554,6903.99,6904.09346,6904.05598,6904.05598,brighter_later,20.578,20.578,6.768,6.003,1.127,0.311393,-0.412614,22.266,,low_sensitivity_spectral_edge,feature is in the low-sensitivity edge of the extracted spectrum,,-93.364,-88.393
HD39091,ADP.2020-11-18T01:18:40.358,ADP.2020-12-03T01:10:58.554,6904.09,6904.19346,6904.15598,6904.19346,brighter_earlier,22.266,22.266,5.401,6.004,0.9,-0.337067,-0.36182,20.578,,low_sensitivity_spectral_edge,feature is in the low-sensitivity edge of the extracted spectrum,,-109.103,-104.132
HD39091,ADP.2020-11-18T01:18:40.358,ADP.2020-12-03T01:10:58.554,6904.89,6904.99347,6904.95599,6904.95599,brighter_later,20.874,20.865,6.225,6.004,1.037,0.316985,-0.37152,21.767,,low_sensitivity_spectral_edge,feature is in the low-sensitivity edge of the extracted spectrum,,-96.035,-91.064
HD39091,ADP.2020-11-18T01:18:40.358,ADP.2020-12-03T01:10:58.554,6905.01,6905.11347,6905.07599,6905.11347,brighter_earlier,21.767,21.765,5.913,6.004,0.985,-0.330689,-0.297049,20.874,,low_sensitivity_spectral_edge,feature is in the low-sensitivity edge of the extracted spectrum,,-104.322,-99.351
HD39091,ADP.2020-11-18T01:18:40.358,ADP.2020-12-03T01:10:58.554,6908.41,6908.51352,6908.47602,6908.47602,brighter_later,22.853,22.853,5.546,6.007,0.923,0.3518,-0.36284,23.444,,low_sensitivity_spectral_edge,feature is in the low-sensitivity edge of the extracted spectrum,,-114.865,-109.894
HD39091,ADP.2020-11-18T01:18:40.358,ADP.2020-12-03T01:10:58.554,6908.5,6908.60352,6908.56602,6908.60352,brighter_earlier,23.444,23.444,5.739,6.007,0.955,-0.361021,-0.334043,22.853,,low_sensitivity_spectral_edge,feature is in the low-sensitivity edge of the extracted spectrum,,-120.818,-115.847
HD39091,ADP.2020-11-18T01:18:40.358,ADP.2020-12-03T01:10:58.554,6909.3,6909.40354,6909.36603,6909.36603,brighter_later,22.617,22.605,5.552,6.008,0.924,0.349356,-0.320135,23.228,,low_sensitivity_spectral_edge,feature is in the low-sensitivity edge of the extracted spectrum,,-112.53,-107.56
HD39091,ADP.2020-11-18T01:18:40.358,ADP.2020-12-03T01:10:58.554,6909.4,6909.50354,6909.46603,6909.50354,brighter_earlier,23.228,23.217,6.088,6.008,1.013,-0.358932,-0.301741,22.617,,low_sensitivity_spectral_edge,feature is in the low-sensitivity edge of the extracted spectrum,,-118.624,-113.654
TOI-1054,ADP.2020-11-10T01:23:36.359,ADP.2022-03-18T01:02:33.932,3800.99,3801.27931,3800.70303,3800.70303,brighter_later,11.907,11.907,2.128,3.305,0.644,0.919851,0.774783,1.771,,low_sensitivity_spectral_edge,feature is in the low-sensitivity edge of the extracted spectrum,,-31.963,-26.992
TOI-1054,ADP.2020-11-10T01:23:36.359,ADP.2022-03-18T01:02:33.932,3817.98,3818.2706,3817.69175,3817.69175,brighter_later,10.967,10.967,2.445,3.32,0.737,0.717701,0.127967,4.738,,low_sensitivity_spectral_edge,feature is in the low-sensitivity edge of the extracted spectrum,,-27.259,-22.288
TOI-1054,ADP.2020-11-10T01:23:36.359,ADP.2022-03-18T01:02:33.932,3849.66,3849.95301,3849.36936,3849.36936,brighter_later,10.428,10.428,1.645,3.348,0.492,0.508433,0.540704,1.175,,low_sensitivity_spectral_edge,feature is in the low-sensitivity edge of the extracted spectrum,,-24.733,-19.763
TOI-1054,ADP.2020-11-10T01:23:36.359,ADP.2022-03-18T01:02:33.932,3883.17,3883.46556,3882.87683,3882.87683,brighter_later,9.043,9.043,2.002,3.377,0.593,0.400996,0.16399,1.412,,low_sensitivity_spectral_edge,feature is in the low-sensitivity edge of the extracted spectrum,,-18.817,-13.846
TOI-1054,ADP.2020-11-10T01:23:36.359,ADP.2022-03-18T01:02:33.932,3975.42,3975.72258,3975.11986,3975.11986,brighter_later,13.237,13.237,1.84,3.457,0.532,0.531594,8.2e-05,8.044,,low_sensitivity_spectral_edge,feature is in the low-sensitivity edge of the extracted spectrum,,-39.27,-34.3
TOI-1054,ADP.2020-11-10T01:23:36.359,ADP.2022-03-18T01:02:33.932,3975.75,3976.05261,3975.44984,3975.44984,brighter_later,8.245,8.227,1.659,3.457,0.48,0.328831,0.268569,1.98,,low_sensitivity_spectral_edge,feature is in the low-sensitivity edge of the extracted spectrum,,-15.782,-10.811
TOI-1054,ADP.2020-11-10T01:23:36.359,ADP.2022-03-18T01:02:33.932,4050.6,4050.90831,4050.29419,4050.29419,brighter_later,24.564,24.564,1.255,3.522,0.356,0.543774,0.555714,1.154,,likely_single_pixel_or_cosmic_ray,feature is narrower than the instrumental line-spread function,,-132.514,-127.543
TOI-1054,ADP.2020-11-10T01:23:36.359,ADP.2022-03-18T01:02:33.932,4115.5,4115.81325,4115.18929,4115.81325,brighter_earlier,42.738,42.738,2.099,3.579,0.586,-0.939342,0.954826,7.117,,likely_single_pixel_or_cosmic_ray,feature is narrower than the instrumental line-spread function,,-398.357,-393.386
TOI-1054,ADP.2020-11-10T01:23:36.359,ADP.2022-03-18T01:02:33.932,4202.73,4203.04989,4202.4127,4202.4127,brighter_later,22.702,22.702,1.438,3.655,0.394,0.448429,0.521123,2.727,,likely_single_pixel_or_cosmic_ray,feature is narrower than the instrumental line-spread function,,-113.368,-108.398
TOI-1054,ADP.2020-11-10T01:23:36.359,ADP.2022-03-18T01:02:33.932,4234.93,4235.25234,4234.61027,4235.25234,brighter_earlier,15.437,15.437,1.615,3.683,0.438,-0.290152,0.259918,2.801,,likely_single_pixel_or_cosmic_ray,feature is narrower than the instrumental line-spread function,,-53.035,-48.064
TOI-1054,ADP.2020-11-10T01:23:36.359,ADP.2022-03-18T01:02:33.932,4251.2,4251.52357,4250.87904,4250.87904,brighter_later,8.246,8.246,5.48,3.697,1.482,0.15932,0.068837,2.983,,follow_up_required,instrument-width bright feature in one epoch; cosmic ray remains unexcluded,,-15.786,-10.815
TOI-1054,ADP.2020-11-10T01:23:36.359,ADP.2022-03-18T01:02:33.932,4351.09,4351.42118,4350.7615,4350.7615,brighter_later,27.877,27.877,1.697,3.784,0.448,0.490642,0.527453,3.064,,likely_single_pixel_or_cosmic_ray,feature is narrower than the instrumental line-spread function,,-170.295,-165.324
TOI-1054,ADP.2020-11-10T01:23:36.359,ADP.2022-03-18T01:02:33.932,4430.94,4431.27726,4430.60547,4431.27726,brighter_earlier,16.579,16.578,1.817,3.853,0.472,-0.256326,0.269237,1.754,,likely_single_pixel_or_cosmic_ray,feature is narrower than the instrumental line-spread function,,-61.005,-56.034
TOI-1054,ADP.2020-11-10T01:23:36.359,ADP.2022-03-18T01:02:33.932,4445.77,4446.10838,4445.43435,4445.43435,brighter_later,32.308,32.308,2.164,3.866,0.56,0.484324,0.510615,2.645,,likely_single_pixel_or_cosmic_ray,feature is narrower than the instrumental line-spread function,,-228.268,-223.297
TOI-1054,ADP.2020-11-10T01:23:36.359,ADP.2022-03-18T01:02:33.932,4453.55,4453.88898,4453.21376,4453.21376,brighter_later,8.173,8.172,1.68,3.873,0.434,0.120331,-0.089994,2.141,,likely_single_pixel_or_cosmic_ray,feature is narrower than the instrumental line-spread function,,-15.522,-10.551
TOI-1054,ADP.2020-11-10T01:23:36.359,ADP.2022-03-18T01:02:33.932,4550.17,4550.51633,4549.82647,4549.82647,brighter_later,15.051,15.051,1.934,3.957,0.489,0.208296,0.194089,3.518,,likely_single_pixel_or_cosmic_ray,feature is narrower than the instrumental line-spread function,,-50.468,-45.498
TOI-1054,ADP.2020-11-10T01:23:36.359,ADP.2022-03-18T01:02:33.932,5106.96,5107.34871,5106.57443,5107.34871,brighter_earlier,15.852,15.851,1.784,4.441,0.402,-0.172425,0.17901,2.143,,likely_single_pixel_or_cosmic_ray,feature is narrower than the instrumental line-spread function,,-55.866,-50.895
TOI-1054,ADP.2020-11-10T01:23:36.359,ADP.2022-03-18T01:02:33.932,5108.39,5108.77882,5108.00432,5108.77882,brighter_earlier,16.44,16.44,1.417,4.442,0.319,-0.177875,0.187225,3.453,,likely_single_pixel_or_cosmic_ray,feature is narrower than the instrumental line-spread function,,-60.005,-55.034
TOI-1054,ADP.2020-11-10T01:23:36.359,ADP.2022-03-18T01:02:33.932,5115.82,5116.20938,5115.43376,5115.43376,brighter_later,9.933,9.926,1.893,4.449,0.426,0.107901,0.09957,1.455,,likely_single_pixel_or_cosmic_ray,feature is narrower than the instrumental line-spread function,,-22.524,-17.553
TOI-1054,ADP.2020-11-10T01:23:36.359,ADP.2022-03-18T01:02:33.932,5131.34,5131.73057,5130.95259,5131.73057,brighter_earlier,8.09,8.085,2.809,4.462,0.63,-0.089945,-0.094098,1.495,,likely_single_pixel_or_cosmic_ray,feature is narrower than the instrumental line-spread function,,-15.224,-10.253
TOI-1054,ADP.2020-11-10T01:23:36.359,ADP.2022-03-18T01:02:33.932,5241.1,5241.49892,5240.70431,5241.49892,brighter_earlier,11.122,11.121,1.942,4.557,0.426,-0.124557,0.153086,3.611,,likely_single_pixel_or_cosmic_ray,feature is narrower than the instrumental line-spread function,,-28.009,-23.038
TOI-1054,ADP.2020-11-10T01:23:36.359,ADP.2022-03-18T01:02:33.932,5242.64,5243.03904,5242.24419,5243.03904,brighter_earlier,10.072,10.07,2.473,4.559,0.543,-0.113722,0.117777,3.261,,likely_single_pixel_or_cosmic_ray,feature is narrower than the instrumental line-spread function,,-23.134,-18.163
TOI-1054,ADP.2020-11-10T01:23:36.359,ADP.2022-03-18T01:02:33.932,5251.98,5252.37975,5251.58348,5251.58348,brighter_later,11.443,11.443,2.594,4.567,0.568,0.133136,0.150488,1.901,,likely_single_pixel_or_cosmic_ray,feature is narrower than the instrumental line-spread function,,-29.594,-24.623
TOI-1054,ADP.2020-11-10T01:23:36.359,ADP.2022-03-18T01:02:33.932,5256.52,5256.92009,5256.12314,5256.12314,brighter_later,8.127,8.127,2.979,4.571,0.652,0.092746,0.093725,2.851,,likely_single_pixel_or_cosmic_ray,feature is narrower than the instrumental line-spread function,,-15.357,-10.386
TOI-1054,ADP.2020-11-10T01:23:36.359,ADP.2022-03-18T01:02:33.932,5292.9,5293.30286,5292.50039,5293.30286,brighter_earlier,9.508,9.508,2.702,4.603,0.587,-0.119236,0.102228,1.86,,likely_single_pixel_or_cosmic_ray,feature is narrower than the instrumental line-spread function,,-20.711,-15.741
TOI-1054,ADP.2020-11-10T01:23:36.359,ADP.2022-03-18T01:02:33.932,5375.45,5375.85915,5375.04416,5375.85915,brighter_earlier,10.531,10.531,1.774,4.674,0.38,-0.113798,0.11641,1.762,,likely_single_pixel_or_cosmic_ray,feature is narrower than the instrumental line-spread function,,-25.206,-20.236
TOI-1054,ADP.2020-11-10T01:23:36.359,ADP.2022-03-18T01:02:33.932,5459.94,5460.35558,5459.52778,5460.35558,brighter_earlier,8.512,8.512,2.018,4.748,0.425,-0.097698,0.096742,2.179,,likely_single_pixel_or_cosmic_ray,feature is narrower than the instrumental line-spread function,,-16.767,-11.796
TOI-1054,ADP.2020-11-10T01:23:36.359,ADP.2022-03-18T01:02:33.932,5502.74,5503.15883,5502.32455,5502.32455,brighter_later,9.685,9.685,2.372,4.785,0.496,0.102779,0.111731,1.818,,likely_single_pixel_or_cosmic_ray,feature is narrower than the instrumental line-spread function,,-21.457,-16.486
TOI-1054,ADP.2020-11-10T01:23:36.359,ADP.2022-03-18T01:02:33.932,5792.11,5792.55086,5791.67271,5792.55086,brighter_earlier,9.499,9.498,1.451,5.037,0.288,-0.108932,0.123449,2.65,,likely_single_pixel_or_cosmic_ray,feature is narrower than the instrumental line-spread function,,-20.674,-15.703
TOI-1054,ADP.2020-11-10T01:23:36.359,ADP.2022-03-18T01:02:33.932,5886.42,5886.86804,5885.97558,5886.86804,brighter_earlier,10.968,10.968,7.824,5.119,1.528,-0.214929,0.001719,2.081,,likely_stellar_absorption_variability,difference does not form a bright line above the local spectrum,,-27.264,-22.293
TOI-1054,ADP.2020-11-10T01:23:36.359,ADP.2022-03-18T01:02:33.932,5887.68,5888.12813,5887.23549,5888.12813,brighter_earlier,8.946,8.925,7.332,5.12,1.432,-0.180217,0.008376,1.555,,likely_stellar_absorption_variability,difference does not form a bright line above the local spectrum,,-18.433,-13.463
TOI-1054,ADP.2020-11-10T01:23:36.359,ADP.2022-03-18T01:02:33.932,5892.1,5892.54847,5891.65516,5892.54847,brighter_earlier,10.909,10.909,6.858,5.124,1.338,-0.230534,0.021308,2.222,,likely_stellar_absorption_variability,difference does not form a bright line above the local spectrum,,-26.981,-22.01
TOI-1054,ADP.2020-11-10T01:23:36.359,ADP.2022-03-18T01:02:33.932,5892.83,5893.27853,5892.3851,5893.27853,brighter_earlier,8.35,8.272,6.566,5.124,1.281,-0.176394,0.053399,1.954,,likely_stellar_absorption_variability,difference does not form a bright line above the local spectrum,,-16.166,-11.195
TOI-1054,ADP.2020-11-10T01:23:36.359,ADP.2022-03-18T01:02:33.932,5897.7,5898.1489,5897.25473,5897.25473,brighter_later,8.274,8.268,7.218,5.128,1.407,0.174405,0.017846,1.314,,likely_stellar_absorption_variability,difference does not form a bright line above the local spectrum,,-15.888,-10.917
TOI-1054,ADP.2020-11-10T01:23:36.359,ADP.2022-03-18T01:02:33.932,5898.61,5899.05897,5898.16466,5899.05897,brighter_earlier,9.505,9.504,7.043,5.129,1.373,-0.200276,-0.009606,2.639,,likely_stellar_absorption_variability,difference does not form a bright line above the local spectrum,,-20.699,-15.728
TOI-1054,ADP.2020-11-10T01:23:36.359,ADP.2022-03-18T01:02:33.932,5900.49,5900.93911,5900.04452,5900.93911,brighter_earlier,10.289,10.282,8.236,5.131,1.605,-0.216597,-0.013226,0.906,,likely_stellar_absorption_variability,difference does not form a bright line above the local spectrum,,-24.102,-19.132
TOI-1054,ADP.2020-11-10T01:23:36.359,ADP.2022-03-18T01:02:33.932,5901.01,5901.45915,5900.56448,5900.56448,brighter_later,9.704,9.681,7.759,5.131,1.512,0.204229,0.003647,0.369,,likely_stellar_absorption_variability,difference does not form a bright line above the local spectrum,,-21.538,-16.567
TOI-1054,ADP.2020-11-10T01:23:36.359,ADP.2022-03-18T01:02:33.932,5901.91,5902.35922,5901.46442,5902.35922,brighter_earlier,12.932,12.932,8.123,5.132,1.583,-0.272054,-0.009726,1.611,,likely_stellar_absorption_variability,difference does not form a bright line above the local spectrum,,-37.527,-32.556
TOI-1054,ADP.2020-11-10T01:23:36.359,ADP.2022-03-18T01:02:33.932,5918.88,5919.33051,5918.43313,5919.33051,brighter_earlier,9.431,9.421,11.782,5.147,2.289,-0.187665,0.018007,1.162,,likely_stellar_line_profile_change,feature is substantially broader than an unresolved HARPS line,,-20.391,-15.42
TOI-1054,ADP.2020-11-10T01:23:36.359,ADP.2022-03-18T01:02:33.932,5919.2,5919.65053,5918.75311,5918.75311,brighter_later,10.877,10.817,10.234,5.147,1.988,0.216015,0.022116,0.297,,likely_stellar_line_profile_change,feature is substantially broader than an unresolved HARPS line,,-26.829,-21.858
TOI-1054,ADP.2020-11-10T01:23:36.359,ADP.2022-03-18T01:02:33.932,5919.5,5919.95056,5919.05309,5919.95056,brighter_earlier,10.975,10.91,8.898,5.147,1.729,-0.217562,-0.005345,1.209,,likely_stellar_absorption_variability,difference does not form a bright line above the local spectrum,,-27.298,-22.327
TOI-1054,ADP.2020-11-10T01:23:36.359,ADP.2022-03-18T01:02:33.932,5920.1,5920.5506,5919.65304,5920.5506,brighter_earlier,11.044,11.043,8.912,5.148,1.731,-0.218152,-0.047804,2.52,,likely_stellar_absorption_variability,difference does not form a bright line above the local spectrum,,-27.63,-22.659
TOI-1054,ADP.2020-11-10T01:23:36.359,ADP.2022-03-18T01:02:33.932,5924.72,5925.17095,5924.27269,5925.17095,brighter_earlier,9.603,9.593,7.906,5.152,1.535,-0.184386,0.016658,5.776,,likely_stellar_absorption_variability,difference does not form a bright line above the local spectrum,,-21.11,-16.139
TOI-1054,ADP.2020-11-10T01:23:36.359,ADP.2022-03-18T01:02:33.932,5932.53,5932.98155,5932.0821,5932.98155,brighter_earlier,11.218,11.218,9.285,5.159,1.8,-0.212914,0.015236,2.553,,likely_stellar_absorption_variability,difference does not form a bright line above the local spectrum,,-28.478,-23.507
TOI-1054,ADP.2020-11-10T01:23:36.359,ADP.2022-03-18T01:02:33.932,5941.54,5941.99223,5941.09142,5941.99223,brighter_earlier,11.645,11.645,8.413,5.167,1.628,-0.238056,-0.037651,1.398,,likely_stellar_absorption_variability,difference does not form a bright line above the local spectrum,,-30.614,-25.643
TOI-1054,ADP.2020-11-10T01:23:36.359,ADP.2022-03-18T01:02:33.932,5943.01,5943.46234,5942.56131,5943.46234,brighter_earlier,10.337,10.316,7.522,5.168,1.456,-0.213775,-0.000104,0.879,,likely_stellar_absorption_variability,difference does not form a bright line above the local spectrum,,-24.319,-19.349
TOI-1054,ADP.2020-11-10T01:23:36.359,ADP.2022-03-18T01:02:33.932,5946.46,5946.91261,5946.01105,5946.91261,brighter_earlier,10.668,10.666,7.38,5.171,1.427,-0.226587,0.034443,7.129,,likely_stellar_absorption_variability,difference does not form a bright line above the local spectrum,,-25.843,-20.872
TOI-1054,ADP.2020-11-10T01:23:36.359,ADP.2022-03-18T01:02:33.932,5947.52,5947.97269,5947.07097,5947.97269,brighter_earlier,9.007,9.005,7.15,5.172,1.382,-0.192855,0.014079,1.842,,likely_stellar_absorption_variability,difference does not form a bright line above the local spectrum,,-18.674,-13.703
TOI-1054,ADP.2020-11-10T01:23:36.359,ADP.2022-03-18T01:02:33.932,5949.62,5950.07285,5949.17081,5950.07285,brighter_earlier,9.409,9.408,7.012,5.174,1.355,-0.204672,0.008646,1.97,,likely_stellar_absorption_variability,difference does not form a bright line above the local spectrum,,-20.3,-15.329
TOI-1054,ADP.2020-11-10T01:23:36.359,ADP.2022-03-18T01:02:33.932,5984.18,5984.63548,5983.7282,5984.63548,brighter_earlier,23.268,23.268,2.236,5.204,0.43,-0.31869,0.33705,2.537,,likely_single_pixel_or_cosmic_ray,feature is narrower than the instrumental line-spread function,,-119.029,-114.058
TOI-1054,ADP.2020-11-10T01:23:36.359,ADP.2022-03-18T01:02:33.932,6040.67,6041.12978,6040.21394,6041.12978,brighter_earlier,11.462,11.462,1.944,5.253,0.37,-0.128987,0.143252,3.834,,likely_single_pixel_or_cosmic_ray,feature is narrower than the instrumental line-spread function,,-29.689,-24.718
TOI-1054,ADP.2020-11-10T01:23:36.359,ADP.2022-03-18T01:02:33.932,6074.83,6075.29238,6074.37136,6075.29238,brighter_earlier,8.185,8.184,3.086,5.282,0.584,-0.089925,0.112051,2.328,,likely_single_pixel_or_cosmic_ray,feature is narrower than the instrumental line-spread function,,-15.565,-10.594
TOI-1054,ADP.2020-11-10T01:23:36.359,ADP.2022-03-18T01:02:33.932,6109.82,6110.28504,6109.35872,6109.35872,brighter_later,10.364,10.363,4.375,5.313,0.823,0.113492,0.099746,3.434,,follow_up_required,instrument-width bright feature in one epoch; cosmic ray remains unexcluded,,-24.442,-19.471
TOI-1054,ADP.2020-11-10T01:23:36.359,ADP.2022-03-18T01:02:33.932,6116.58,6117.04556,6116.11821,6116.11821,brighter_later,11.14,11.14,5.245,5.319,0.986,0.120685,0.124363,2.136,,follow_up_required,instrument-width bright feature in one epoch; cosmic ray remains unexcluded,,-28.096,-23.125
TOI-1054,ADP.2020-11-10T01:23:36.359,ADP.2022-03-18T01:02:33.932,6185.71,6186.18082,6185.24299,6186.18082,brighter_earlier,13.905,13.905,2.161,5.379,0.402,-0.14369,0.162976,2.689,,likely_single_pixel_or_cosmic_ray,feature is narrower than the instrumental line-spread function,,-43.229,-38.258
TOI-1054,ADP.2020-11-10T01:23:36.359,ADP.2022-03-18T01:02:33.932,6214.62,6215.09302,6214.15081,6215.09302,brighter_earlier,9.689,9.688,2.824,5.404,0.523,-0.114462,0.129843,2.7,,likely_single_pixel_or_cosmic_ray,feature is narrower than the instrumental line-spread function,,-21.474,-16.503
TOI-1054,ADP.2020-11-10T01:23:36.359,ADP.2022-03-18T01:02:33.932,6276.14,6276.6177,6275.66616,6275.66616,brighter_later,11.772,11.764,7.73,5.458,1.416,0.228532,0.009141,2.467,,likely_stellar_absorption_variability,difference does not form a bright line above the local spectrum,,-31.264,-26.293
TOI-1054,ADP.2020-11-10T01:23:36.359,ADP.2022-03-18T01:02:33.932,6276.34,6276.81772,6275.86615,6275.86615,brighter_later,9.201,9.182,6.085,5.458,1.115,0.179541,-0.011682,1.765,,likely_stellar_absorption_variability,difference does not form a bright line above the local spectrum,,-19.45,-14.479
TOI-1054,ADP.2020-11-10T01:23:36.359,ADP.2022-03-18T01:02:33.932,6276.84,6277.31775,6276.36611,6276.36611,brighter_later,12.022,11.732,6.253,5.458,1.146,0.237607,-0.005343,3.566,,likely_stellar_absorption_variability,difference does not form a bright line above the local spectrum,,-32.565,-27.594
TOI-1054,ADP.2020-11-10T01:23:36.359,ADP.2022-03-18T01:02:33.932,6276.95,6277.42776,6276.4761,6276.4761,brighter_later,9.377,6.725,7.495,5.458,1.373,0.185843,0.015475,13.238,,likely_stellar_absorption_variability,difference does not form a bright line above the local spectrum,,-20.168,-15.197
TOI-1054,ADP.2020-11-10T01:23:36.359,ADP.2022-03-18T01:02:33.932,6277.09,6277.56777,6276.61609,6277.56777,brighter_earlier,13.238,13.121,6.67,5.458,1.222,-0.263284,0.09772,9.377,,likely_alignment_or_line_profile_change,nearby opposite-sign residual is characteristic of a shifted or changing line,,-39.276,-34.305
TOI-1054,ADP.2020-11-10T01:23:36.359,ADP.2022-03-18T01:02:33.932,6277.3,6277.77779,6276.82607,6277.77779,brighter_earlier,11.317,10.964,6.826,5.459,1.251,-0.226268,-0.005311,7.826,,likely_stellar_absorption_variability,difference does not form a bright line above the local spectrum,,-28.966,-23.995
TOI-1054,ADP.2020-11-10T01:23:36.359,ADP.2022-03-18T01:02:33.932,6277.61,6278.08781,6277.13605,6277.13605,brighter_later,21.672,21.672,11.351,5.459,2.079,0.436692,0.045024,13.273,,likely_stellar_line_profile_change,feature is substantially broader than an unresolved HARPS line,,-103.424,-98.453
TOI-1054,ADP.2020-11-10T01:23:36.359,ADP.2022-03-18T01:02:33.932,6277.79,6278.26783,6277.31604,6278.26783,brighter_earlier,14.249,14.079,6.469,5.459,1.185,-0.288387,0.083208,21.569,,likely_alignment_or_line_profile_change,nearby opposite-sign residual is characteristic of a shifted or changing line,,-45.342,-40.371
TOI-1054,ADP.2020-11-10T01:23:36.359,ADP.2022-03-18T01:02:33.932,6277.94,6278.41784,6277.46603,6278.41784,brighter_earlier,8.389,5.586,7.418,5.459,1.359,-0.170419,-0.010591,0.0,,likely_stellar_absorption_variability,difference does not form a bright line above the local spectrum,,-16.31,-11.339
TOI-1054,ADP.2020-11-10T01:23:36.359,ADP.2022-03-18T01:02:33.932,6278.12,6278.59785,6277.64601,6278.59785,brighter_earlier,9.687,8.772,6.052,5.459,1.109,-0.197656,0.024464,1.118,,likely_stellar_absorption_variability,difference does not form a bright line above the local spectrum,,-21.465,-16.495
TOI-1054,ADP.2020-11-10T01:23:36.359,ADP.2022-03-18T01:02:33.932,6278.4,6278.87787,6277.92599,6277.92599,brighter_later,16.663,16.662,6.611,5.459,1.211,0.342338,0.063687,15.853,,likely_alignment_or_line_profile_change,nearby opposite-sign residual is characteristic of a shifted or changing line,,-61.614,-56.643
TOI-1054,ADP.2020-11-10T01:23:36.359,ADP.2022-03-18T01:02:33.932,6278.56,6279.03788,6278.08598,6279.03788,brighter_earlier,15.853,15.749,7.873,5.46,1.442,-0.326968,0.061546,16.663,,likely_stellar_absorption_variability,difference does not form a bright line above the local spectrum,,-55.873,-50.902
TOI-1054,ADP.2020-11-10T01:23:36.359,ADP.2022-03-18T01:02:33.932,6278.64,6279.11789,6278.16597,6278.16597,brighter_later,8.242,8.126,5.403,5.46,0.99,0.170322,-0.094874,15.853,,likely_stellar_absorption_variability,difference does not form a bright line above the local spectrum,,-15.771,-10.8
TOI-1054,ADP.2020-11-10T01:23:36.359,ADP.2022-03-18T01:02:33.932,6279.35,6279.82794,6278.87592,6279.82794,brighter_earlier,10.959,8.877,5.141,5.46,0.942,-0.230376,0.046935,12.546,,likely_stellar_absorption_variability,difference does not form a bright line above the local spectrum,,-27.221,-22.25
TOI-1054,ADP.2020-11-10T01:23:36.359,ADP.2022-03-18T01:02:33.932,6279.42,6279.89795,6278.94591,6278.94591,brighter_later,12.546,12.278,6.529,5.46,1.196,0.264175,0.075392,14.647,,likely_alignment_or_line_profile_change,nearby opposite-sign residual is characteristic of a shifted or changing line,,-35.379,-30.408
TOI-1054,ADP.2020-11-10T01:23:36.359,ADP.2022-03-18T01:02:33.932,6279.58,6280.05796,6279.1059,6280.05796,brighter_earlier,14.647,14.607,7.562,5.461,1.385,-0.309584,0.014629,12.546,,likely_stellar_absorption_variability,difference does not form a bright line above the local spectrum,,-47.851,-42.881
TOI-1054,ADP.2020-11-10T01:23:36.359,ADP.2022-03-18T01:02:33.932,6279.92,6280.39799,6279.44588,6279.44588,brighter_later,16.532,16.522,7.454,5.461,1.365,0.352245,0.008561,1.427,,likely_stellar_absorption_variability,difference does not form a bright line above the local spectrum,,-60.666,-55.695
TOI-1054,ADP.2020-11-10T01:23:36.359,ADP.2022-03-18T01:02:33.932,6280.37,6280.84802,6279.89584,6280.84802,brighter_earlier,9.807,9.751,8.196,5.461,1.501,-0.211169,-0.202276,1.529,,likely_stellar_absorption_variability,difference does not form a bright line above the local spectrum,,-21.979,-17.008
TOI-1054,ADP.2020-11-10T01:23:36.359,ADP.2022-03-18T01:02:33.932,6280.7,6281.17805,6280.22582,6280.22582,brighter_later,13.246,12.964,7.663,5.461,1.403,0.287401,0.029546,15.385,,likely_stellar_absorption_variability,difference does not form a bright line above the local spectrum,,-39.322,-34.352
TOI-1054,ADP.2020-11-10T01:23:36.359,ADP.2022-03-18T01:02:33.932,6280.87,6281.34806,6280.3958,6281.34806,brighter_earlier,15.385,15.378,7.663,5.462,1.403,-0.335133,0.02007,13.246,,likely_stellar_absorption_variability,difference does not form a bright line above the local spectrum,,-52.685,-47.715
TOI-1054,ADP.2020-11-10T01:23:36.359,ADP.2022-03-18T01:02:33.932,6281.47,6281.94811,6280.99576,6280.99576,brighter_later,12.447,12.114,7.602,5.462,1.392,0.274878,0.006,10.665,,likely_stellar_absorption_variability,difference does not form a bright line above the local spectrum,,-34.838,-29.867
TOI-1054,ADP.2020-11-10T01:23:36.359,ADP.2022-03-18T01:02:33.932,6281.66,6282.13812,6281.18574,6282.13812,brighter_earlier,12.628,12.59,7.07,5.462,1.294,-0.280078,0.013235,10.403,,likely_stellar_absorption_variability,difference does not form a bright line above the local spectrum,,-35.83,-30.859
TOI-1054,ADP.2020-11-10T01:23:36.359,ADP.2022-03-18T01:02:33.932,6282.25,6282.72817,6281.7757,6281.7757,brighter_later,9.868,9.815,8.52,5.463,1.56,0.221766,0.012394,10.888,,likely_stellar_absorption_variability,difference does not form a bright line above the local spectrum,,-22.242,-17.271
TOI-1054,ADP.2020-11-10T01:23:36.359,ADP.2022-03-18T01:02:33.932,6282.43,6282.90818,6281.95569,6282.90818,brighter_earlier,11.329,11.31,7.42,5.463,1.358,-0.255639,0.02558,9.078,,likely_stellar_absorption_variability,difference does not form a bright line above the local spectrum,,-29.026,-24.055
TOI-1054,ADP.2020-11-10T01:23:36.359,ADP.2022-03-18T01:02:33.932,6283.2,6283.67824,6282.72563,6283.67824,brighter_earlier,9.013,8.944,6.82,5.464,1.248,-0.206845,0.006802,7.959,,likely_stellar_absorption_variability,difference does not form a bright line above the local spectrum,,-18.698,-13.727
TOI-1054,ADP.2020-11-10T01:23:36.359,ADP.2022-03-18T01:02:33.932,6289.74,6290.21874,6289.26513,6289.26513,brighter_later,10.703,10.691,6.37,5.469,1.165,0.280681,0.043299,8.173,,likely_stellar_absorption_variability,difference does not form a bright line above the local spectrum,,-26.006,-21.036
TOI-1054,ADP.2020-11-10T01:23:36.359,ADP.2022-03-18T01:02:33.932,6289.87,6290.34875,6289.39513,6290.34875,brighter_earlier,8.173,7.88,5.884,5.469,1.076,-0.214883,0.023938,10.703,,likely_stellar_absorption_variability,difference does not form a bright line above the local spectrum,,-15.522,-10.551
TOI-1054,ADP.2020-11-10T01:23:36.359,ADP.2022-03-18T01:02:33.932,6291.68,6292.15888,6291.20499,6291.20499,brighter_later,9.387,9.374,7.488,5.471,1.369,0.240929,-0.006703,1.264,,likely_stellar_absorption_variability,difference does not form a bright line above the local spectrum,,-20.209,-15.239
TOI-1054,ADP.2020-11-10T01:23:36.359,ADP.2022-03-18T01:02:33.932,6292.48,6292.95894,6292.00493,6292.00493,brighter_later,12.333,12.326,7.16,5.472,1.309,0.312486,0.01748,9.884,,likely_stellar_absorption_variability,difference does not form a bright line above the local spectrum,,-34.221,-29.25
TOI-1054,ADP.2020-11-10T01:23:36.359,ADP.2022-03-18T01:02:33.932,6292.64,6293.11896,6292.16492,6293.11896,brighter_earlier,9.884,9.65,7.659,5.472,1.4,-0.249773,0.006872,12.333,,likely_stellar_absorption_variability,difference does not form a bright line above the local spectrum,,-22.311,-17.34
TOI-1054,ADP.2020-11-10T01:23:36.359,ADP.2022-03-18T01:02:33.932,6293.44,6293.91902,6292.96486,6293.91902,brighter_earlier,11.329,11.292,7.286,5.473,1.331,-0.282574,0.003343,2.051,,likely_stellar_absorption_variability,difference does not form a bright line above the local spectrum,,-29.026,-24.055
TOI-1054,ADP.2020-11-10T01:23:36.359,ADP.2022-03-18T01:02:33.932,6294.7,6295.17911,6294.22476,6294.22476,brighter_later,11.534,11.485,7.083,5.474,1.294,0.281702,0.003062,1.847,,likely_stellar_absorption_variability,difference does not form a bright line above the local spectrum,,-30.051,-25.08
TOI-1054,ADP.2020-11-10T01:23:36.359,ADP.2022-03-18T01:02:33.932,6295.48,6295.95917,6295.0047,6295.0047,brighter_later,13.568,13.564,7.458,5.474,1.362,0.327044,0.000323,10.72,,likely_stellar_absorption_variability,difference does not form a bright line above the local spectrum,,-41.208,-36.237
TOI-1054,ADP.2020-11-10T01:23:36.359,ADP.2022-03-18T01:02:33.932,6295.66,6296.13919,6295.18469,6296.13919,brighter_earlier,11.147,11.049,8.023,5.474,1.465,-0.267851,-0.002107,13.265,,likely_stellar_absorption_variability,difference does not form a bright line above the local spectrum,,-28.13,-23.16
TOI-1054,ADP.2020-11-10T01:23:36.359,ADP.2022-03-18T01:02:33.932,6296.44,6296.91925,6295.96463,6296.91925,brighter_earlier,12.478,12.461,7.272,5.475,1.328,-0.295843,-0.006939,1.551,,likely_stellar_absorption_variability,difference does not form a bright line above the local spectrum,,-35.007,-30.036
TOI-1054,ADP.2020-11-10T01:23:36.359,ADP.2022-03-18T01:02:33.932,6297.98,6298.45936,6297.50451,6297.50451,brighter_later,11.771,11.734,6.83,5.477,1.247,0.271632,0.00613,1.555,,likely_stellar_absorption_variability,difference does not form a bright line above the local spectrum,,-31.259,-26.288
TOI-1054,ADP.2020-11-10T01:23:36.359,ADP.2022-03-18T01:02:33.932,6298.75,6299.22942,6298.27445,6298.27445,brighter_later,13.676,13.675,7.643,5.477,1.395,0.311261,0.002078,10.014,,likely_stellar_absorption_variability,difference does not form a bright line above the local spectrum,,-41.85,-36.879
TOI-1054,ADP.2020-11-10T01:23:36.359,ADP.2022-03-18T01:02:33.932,6298.94,6299.41944,6298.46444,6299.41944,brighter_earlier,12.536,12.404,6.975,5.477,1.273,-0.284343,0.013197,11.69,,likely_stellar_absorption_variability,difference does not form a bright line above the local spectrum,,-35.324,-30.353
TOI-1054,ADP.2020-11-10T01:23:36.359,ADP.2022-03-18T01:02:33.932,6299.71,6300.18949,6299.23438,6300.18949,brighter_earlier,13.571,13.562,6.734,5.478,1.229,-0.303515,0.004722,1.947,OI_sky_6300,known_line_proximity,feature is close to a common sky/stellar reference line,,-41.225,-36.255
TOI-1054,ADP.2020-11-10T01:23:36.359,ADP.2022-03-18T01:02:33.932,6301.52,6301.99963,6301.04425,6301.04425,brighter_later,11.309,11.276,7.14,5.48,1.303,0.244521,0.010459,1.736,,likely_stellar_absorption_variability,difference does not form a bright line above the local spectrum,,-28.927,-23.956
TOI-1054,ADP.2020-11-10T01:23:36.359,ADP.2022-03-18T01:02:33.932,6302.28,6302.75969,6301.80419,6301.80419,brighter_later,8.672,8.564,7.188,5.48,1.312,0.18479,-0.236109,7.51,,likely_stellar_absorption_variability,difference does not form a bright line above the local spectrum,,-17.372,-12.401
TOI-1054,ADP.2020-11-10T01:23:36.359,ADP.2022-03-18T01:02:33.932,6302.49,6302.96971,6302.01417,6302.96971,brighter_earlier,11.696,11.654,7.575,5.48,1.382,-0.248217,0.03131,4.667,,likely_stellar_absorption_variability,difference does not form a bright line above the local spectrum,,-30.874,-25.903
TOI-1054,ADP.2020-11-10T01:23:36.359,ADP.2022-03-18T01:02:33.932,6303.24,6303.71976,6302.76412,6303.71976,brighter_earlier,12.006,12.003,6.879,5.481,1.255,-0.251104,-0.014153,1.544,,likely_stellar_absorption_variability,difference does not form a bright line above the local spectrum,,-32.481,-27.51
TOI-1054,ADP.2020-11-10T01:23:36.359,ADP.2022-03-18T01:02:33.932,6305.33,6305.80992,6304.85396,6304.85396,brighter_later,10.398,10.38,7.019,5.483,1.28,0.20855,-0.003594,2.232,,likely_stellar_absorption_variability,difference does not form a bright line above the local spectrum,,-24.597,-19.626
TOI-1054,ADP.2020-11-10T01:23:36.359,ADP.2022-03-18T01:02:33.932,6306.09,6306.56998,6305.6139,6305.6139,brighter_later,13.381,13.379,6.627,5.484,1.209,0.264191,0.015708,6.594,,likely_stellar_absorption_variability,difference does not form a bright line above the local spectrum,,-40.107,-35.137
TOI-1054,ADP.2020-11-10T01:23:36.359,ADP.2022-03-18T01:02:33.932,6306.29,6306.77,6305.81389,6306.77,brighter_earlier,11.876,11.661,6.887,5.484,1.256,-0.233495,0.012895,6.825,,likely_stellar_absorption_variability,difference does not form a bright line above the local spectrum,,-31.802,-26.831
TOI-1054,ADP.2020-11-10T01:23:36.359,ADP.2022-03-18T01:02:33.932,6307.05,6307.53005,6306.57383,6307.53005,brighter_earlier,11.499,11.489,7.197,5.484,1.312,-0.222493,0.007006,2.077,,likely_stellar_absorption_variability,difference does not form a bright line above the local spectrum,,-29.875,-24.904
TOI-1054,ADP.2020-11-10T01:23:36.359,ADP.2022-03-18T01:02:33.932,6309.4,6309.88023,6308.92365,6308.92365,brighter_later,9.693,9.692,6.445,5.486,1.175,0.178196,0.017458,1.42,,likely_stellar_absorption_variability,difference does not form a bright line above the local spectrum,,-21.491,-16.52
TOI-1054,ADP.2020-11-10T01:23:36.359,ADP.2022-03-18T01:02:33.932,6310.15,6310.63029,6309.67359,6309.67359,brighter_later,10.466,10.466,6.25,5.487,1.139,0.18943,0.020742,2.153,,likely_stellar_absorption_variability,difference does not form a bright line above the local spectrum,,-24.907,-19.937
TOI-1054,ADP.2020-11-10T01:23:36.359,ADP.2022-03-18T01:02:33.932,6310.37,6310.85031,6309.89358,6310.85031,brighter_earlier,9.621,9.59,6.089,5.487,1.11,-0.173594,-0.000215,3.762,,likely_stellar_absorption_variability,difference does not form a bright line above the local spectrum,,-21.186,-16.215
TOI-1054,ADP.2020-11-10T01:23:36.359,ADP.2022-03-18T01:02:33.932,6311.13,6311.61036,6310.65352,6311.61036,brighter_earlier,8.693,8.692,6.959,5.488,1.268,-0.155197,0.036699,1.304,,likely_stellar_absorption_variability,difference does not form a bright line above the local spectrum,,-17.452,-12.481
TOI-1054,ADP.2020-11-10T01:23:36.359,ADP.2022-03-18T01:02:33.932,6315.46,6315.94069,6314.98319,6315.94069,brighter_earlier,8.161,8.159,5.859,5.492,1.067,-0.136809,0.051916,1.049,,follow_up_required,instrument-width bright feature in one epoch; cosmic ray remains unexcluded,,-15.479,-10.508
TOI-1054,ADP.2020-11-10T01:23:36.359,ADP.2022-03-18T01:02:33.932,6475.33,6475.82286,6474.84112,6474.84112,brighter_later,9.242,9.222,10.392,5.631,1.846,0.191735,-0.0247,3.299,,likely_stellar_line_profile_change,feature is substantially broader than an unresolved HARPS line,,-19.616,-14.645
TOI-1054,ADP.2020-11-10T01:23:36.359,ADP.2022-03-18T01:02:33.932,6475.7,6476.19289,6475.2111,6476.19289,brighter_earlier,8.759,8.555,8.966,5.631,1.592,-0.181662,0.007253,2.163,,likely_stellar_absorption_variability,difference does not form a bright line above the local spectrum,,-17.706,-12.735
TOI-1054,ADP.2020-11-10T01:23:36.359,ADP.2022-03-18T01:02:33.932,6476.3,6476.79294,6475.81105,6476.79294,brighter_earlier,12.576,12.576,9.208,5.632,1.635,-0.260769,0.010254,2.845,,likely_stellar_absorption_variability,difference does not form a bright line above the local spectrum,,-35.543,-30.573
TOI-1054,ADP.2020-11-10T01:23:36.359,ADP.2022-03-18T01:02:33.932,6480.56,6481.05326,6480.07073,6481.05326,brighter_earlier,11.799,11.798,8.693,5.635,1.543,-0.244125,0.016073,2.375,,likely_stellar_absorption_variability,difference does not form a bright line above the local spectrum,,-31.403,-26.433
TOI-1054,ADP.2020-11-10T01:23:36.359,ADP.2022-03-18T01:02:33.932,6483.73,6484.2235,6483.24049,6484.2235,brighter_earlier,10.929,10.919,9.541,5.638,1.692,-0.225767,-0.000194,0.994,,likely_stellar_absorption_variability,difference does not form a bright line above the local spectrum,,-27.077,-22.106
TOI-1054,ADP.2020-11-10T01:23:36.359,ADP.2022-03-18T01:02:33.932,6490.29,6490.784,6489.79999,6489.79999,brighter_later,8.461,8.456,9.668,5.644,1.713,0.173724,0.009882,0.96,,likely_stellar_absorption_variability,difference does not form a bright line above the local spectrum,,-16.577,-11.606
TOI-1054,ADP.2020-11-10T01:23:36.359,ADP.2022-03-18T01:02:33.932,6491.3,6491.79408,6490.80992,6491.79408,brighter_earlier,10.614,10.611,10.079,5.645,1.786,-0.215713,-0.098979,0.928,,likely_stellar_absorption_variability,difference does not form a bright line above the local spectrum,,-25.591,-20.62
TOI-1054,ADP.2020-11-10T01:23:36.359,ADP.2022-03-18T01:02:33.932,6493.39,6493.88424,6492.89976,6493.88424,brighter_earlier,9.836,9.827,8.723,5.646,1.545,-0.195667,0.071134,2.049,,follow_up_required,instrument-width bright feature in one epoch; cosmic ray remains unexcluded,,-22.104,-17.133
TOI-1054,ADP.2020-11-10T01:23:36.359,ADP.2022-03-18T01:02:33.932,6495.38,6495.87439,6494.88961,6494.88961,brighter_later,9.134,9.081,7.611,5.648,1.348,0.177946,0.031268,0.598,,likely_stellar_absorption_variability,difference does not form a bright line above the local spectrum,,-19.18,-14.21
TOI-1054,ADP.2020-11-10T01:23:36.359,ADP.2022-03-18T01:02:33.932,6496.37,6496.86446,6495.87953,6496.86446,brighter_earlier,12.422,12.421,10.027,5.649,1.775,-0.239486,0.107504,1.658,,follow_up_required,instrument-width bright feature in one epoch; cosmic ray remains unexcluded,,-34.702,-29.731
TOI-1054,ADP.2020-11-10T01:23:36.359,ADP.2022-03-18T01:02:33.932,6514.23,6514.72582,6513.73819,6513.73819,brighter_later,10.791,10.79,8.673,5.665,1.531,0.174967,-0.006297,3.226,,likely_stellar_absorption_variability,difference does not form a bright line above the local spectrum,,-26.421,-21.45
TOI-1054,ADP.2020-11-10T01:23:36.359,ADP.2022-03-18T01:02:33.932,6515.23,6515.7259,6514.73811,6515.7259,brighter_earlier,17.651,17.651,8.591,5.665,1.516,-0.285144,0.015639,5.234,,likely_stellar_absorption_variability,difference does not form a bright line above the local spectrum,,-69.0,-64.029
TOI-1054,ADP.2020-11-10T01:23:36.359,ADP.2022-03-18T01:02:33.932,6516.34,6516.83598,6515.84803,6516.83598,brighter_earlier,8.588,8.262,9.105,5.666,1.607,-0.138167,0.022049,6.52,,likely_stellar_absorption_variability,difference does not form a bright line above the local spectrum,,-17.053,-12.082
TOI-1054,ADP.2020-11-10T01:23:36.359,ADP.2022-03-18T01:02:33.932,6519.95,6520.44626,6519.45775,6520.44626,brighter_earlier,8.727,8.719,10.015,5.67,1.767,-0.138491,-0.002656,1.623,,likely_stellar_absorption_variability,difference does not form a bright line above the local spectrum,,-17.582,-12.612
TOI-1054,ADP.2020-11-10T01:23:36.359,ADP.2022-03-18T01:02:33.932,6523.35,6523.84652,6522.8575,6522.8575,brighter_later,8.054,8.045,8.678,5.672,1.53,0.126168,0.019204,1.039,,likely_stellar_absorption_variability,difference does not form a bright line above the local spectrum,,-15.096,-10.125
TOI-1054,ADP.2020-11-10T01:23:36.359,ADP.2022-03-18T01:02:33.932,6524.34,6524.83659,6523.84742,6524.83659,brighter_earlier,10.492,10.491,8.84,5.673,1.558,-0.163735,-0.002467,2.386,,likely_stellar_absorption_variability,difference does not form a bright line above the local spectrum,,-25.027,-20.056
TOI-1054,ADP.2020-11-10T01:23:36.359,ADP.2022-03-18T01:02:33.932,6531.87,6532.36716,6531.37685,6531.37685,brighter_later,8.02,8.005,8.658,5.68,1.524,0.125013,0.011692,1.469,,likely_stellar_absorption_variability,difference does not form a bright line above the local spectrum,,-14.976,-10.005
TOI-1054,ADP.2020-11-10T01:23:36.359,ADP.2022-03-18T01:02:33.932,6532.86,6533.35724,6532.36678,6533.35724,brighter_earlier,13.815,13.814,7.862,5.681,1.384,-0.217703,0.019665,0.996,,likely_stellar_absorption_variability,difference does not form a bright line above the local spectrum,,-42.684,-37.713
TOI-1054,ADP.2020-11-10T01:23:36.359,ADP.2022-03-18T01:02:33.932,6543.39,6543.88804,6542.89598,6542.89598,brighter_later,9.26,9.25,9.352,5.69,1.644,0.162802,0.006104,0.99,,likely_stellar_absorption_variability,difference does not form a bright line above the local spectrum,,-19.689,-14.719
TOI-1054,ADP.2020-11-10T01:23:36.359,ADP.2022-03-18T01:02:33.932,6544.4,6544.89812,6543.90591,6544.89812,brighter_earlier,16.162,16.162,8.944,5.691,1.572,-0.286964,0.00985,1.428,,likely_stellar_absorption_variability,difference does not form a bright line above the local spectrum,,-58.029,-53.058
TOI-1054,ADP.2020-11-10T01:23:36.359,ADP.2022-03-18T01:02:33.932,6549.11,6549.60848,6548.61555,6549.60848,brighter_earlier,10.815,10.809,9.468,5.695,1.663,-0.20084,-0.004554,1.962,,likely_stellar_absorption_variability,difference does not form a bright line above the local spectrum,,-26.534,-21.563
TOI-1054,ADP.2020-11-10T01:23:36.359,ADP.2022-03-18T01:02:33.932,6553.12,6553.61878,6552.62525,6553.61878,brighter_earlier,12.652,12.651,9.92,5.698,1.741,-0.229022,-0.003184,2.5,,likely_stellar_absorption_variability,difference does not form a bright line above the local spectrum,,-35.962,-30.992
TOI-1054,ADP.2020-11-10T01:23:36.359,ADP.2022-03-18T01:02:33.932,6564.69,6565.18966,6564.19438,6565.18966,brighter_earlier,9.845,9.844,8.985,5.708,1.574,-0.155514,0.012757,1.106,,likely_stellar_absorption_variability,difference does not form a bright line above the local spectrum,,-22.142,-17.172
TOI-1054,ADP.2020-11-10T01:23:36.359,ADP.2022-03-18T01:02:33.932,6572.6,6573.10026,6572.10378,6573.10026,brighter_earlier,9.274,9.262,11.398,5.715,1.994,-0.134536,-0.032076,2.127,,likely_stellar_line_profile_change,feature is substantially broader than an unresolved HARPS line,,-19.746,-14.776
TOI-1054,ADP.2020-11-10T01:23:36.359,ADP.2022-03-18T01:02:33.932,6574.35,6574.8504,6573.85365,6573.85365,brighter_later,10.212,10.212,8.947,5.717,1.565,0.146555,-0.001766,1.482,,likely_stellar_absorption_variability,difference does not form a bright line above the local spectrum,,-23.756,-18.786
TOI-1054,ADP.2020-11-10T01:23:36.359,ADP.2022-03-18T01:02:33.932,6575.36,6575.86047,6574.86357,6575.86047,brighter_earlier,16.352,16.352,9.045,5.718,1.582,-0.233192,0.013885,2.31,,likely_stellar_absorption_variability,difference does not form a bright line above the local spectrum,,-59.376,-54.405
TOI-1054,ADP.2020-11-10T01:23:36.359,ADP.2022-03-18T01:02:33.932,6690.23,6690.73922,6689.7249,6689.7249,brighter_later,8.087,8.087,3.172,5.818,0.545,0.104079,0.086585,2.107,,likely_single_pixel_or_cosmic_ray,feature is narrower than the instrumental line-spread function,,-15.214,-10.243
TOI-1054,ADP.2020-11-10T01:23:36.359,ADP.2022-03-18T01:02:33.932,6866.7,6867.22265,6866.18158,6866.18158,brighter_later,13.213,13.213,10.698,5.971,1.792,0.646049,-0.01283,4.415,,low_sensitivity_spectral_edge,feature is in the low-sensitivity edge of the extracted spectrum,,-39.132,-34.161
TOI-1054,ADP.2020-11-10T01:23:36.359,ADP.2022-03-18T01:02:33.932,6867.02,6867.54267,6866.50155,6866.50155,brighter_later,10.378,10.172,8.796,5.971,1.473,0.514696,-0.017513,5.641,,low_sensitivity_spectral_edge,feature is in the low-sensitivity edge of the extracted spectrum,,-24.506,-19.535
TOI-1054,ADP.2020-11-10T01:23:36.359,ADP.2022-03-18T01:02:33.932,6867.59,6868.11272,6867.07151,6867.07151,brighter_later,13.206,13.197,12.747,5.972,2.135,0.671307,-0.017646,8.265,,low_sensitivity_spectral_edge,feature is in the low-sensitivity edge of the extracted spectrum,,-39.091,-34.121
TOI-1054,ADP.2020-11-10T01:23:36.359,ADP.2022-03-18T01:02:33.932,6867.78,6868.30273,6867.26149,6868.30273,brighter_earlier,8.835,8.725,9.996,5.972,1.674,-0.452776,0.167408,12.651,,low_sensitivity_spectral_edge,feature is in the low-sensitivity edge of the extracted spectrum,,-18.0,-13.029
TOI-1054,ADP.2020-11-10T01:23:36.359,ADP.2022-03-18T01:02:33.932,6868.37,6868.89278,6867.85145,6867.85145,brighter_later,11.397,11.397,6.028,5.972,1.009,0.598705,-0.173099,2.36,,low_sensitivity_spectral_edge,feature is in the low-sensitivity edge of the extracted spectrum,,-29.364,-24.393
TOI-1054,ADP.2020-11-10T01:23:36.359,ADP.2022-03-18T01:02:33.932,6868.74,6869.26281,6868.22142,6869.26281,brighter_earlier,13.38,13.38,10.114,5.973,1.693,-0.713623,-0.025667,9.931,,low_sensitivity_spectral_edge,feature is in the low-sensitivity edge of the extracted spectrum,,-40.102,-35.131
TOI-1054,ADP.2020-11-10T01:23:36.359,ADP.2022-03-18T01:02:33.932,6868.77,6869.29281,6868.25142,6869.29281,brighter_earlier,13.333,13.333,5.643,5.973,0.945,-0.712001,-0.022168,5.317,,low_sensitivity_spectral_edge,feature is in the low-sensitivity edge of the extracted spectrum,,-39.827,-34.857
TOI-1054,ADP.2020-11-10T01:23:36.359,ADP.2022-03-18T01:02:33.932,6869.07,6869.59283,6868.5514,6869.59283,brighter_earlier,9.187,7.321,8.014,5.973,1.342,-0.496558,-0.080432,4.417,,low_sensitivity_spectral_edge,feature is in the low-sensitivity edge of the extracted spectrum,,-19.394,-14.423
TOI-1054,ADP.2020-11-10T01:23:36.359,ADP.2022-03-18T01:02:33.932,6869.35,6869.87285,6868.83138,6868.83138,brighter_later,12.403,12.245,7.825,5.973,1.31,0.677977,-0.154783,0.0,,low_sensitivity_spectral_edge,feature is in the low-sensitivity edge of the extracted spectrum,,-34.599,-29.628
TOI-1054,ADP.2020-11-10T01:23:36.359,ADP.2022-03-18T01:02:33.932,6869.62,6870.14287,6869.10135,6870.14287,brighter_earlier,11.137,11.137,10.316,5.974,1.727,-0.615332,-0.115397,5.896,,low_sensitivity_spectral_edge,feature is in the low-sensitivity edge of the extracted spectrum,,-28.082,-23.111
TOI-1054,ADP.2020-11-10T01:23:36.359,ADP.2022-03-18T01:02:33.932,6870.53,6871.05294,6870.01129,6871.05294,brighter_earlier,9.873,9.597,6.138,5.974,1.027,-0.558743,0.114284,11.327,,low_sensitivity_spectral_edge,feature is in the low-sensitivity edge of the extracted spectrum,,-22.264,-17.293
TOI-1054,ADP.2020-11-10T01:23:36.359,ADP.2022-03-18T01:02:33.932,6870.73,6871.25296,6870.21127,6870.21127,brighter_later,13.992,13.992,5.257,5.975,0.88,0.794596,0.019878,8.958,,low_sensitivity_spectral_edge,feature is in the low-sensitivity edge of the extracted spectrum,,-43.758,-38.788
TOI-1054,ADP.2020-11-10T01:23:36.359,ADP.2022-03-18T01:02:33.932,6870.8,6871.32296,6870.28127,6870.28127,brighter_later,14.395,14.395,6.154,5.975,1.03,0.818435,-0.028245,1.365,,low_sensitivity_spectral_edge,feature is in the low-sensitivity edge of the extracted spectrum,,-46.255,-41.284
TOI-1054,ADP.2020-11-10T01:23:36.359,ADP.2022-03-18T01:02:33.932,6871.44,6871.96301,6870.92122,6871.96301,brighter_earlier,13.553,13.531,5.376,5.975,0.9,-0.77901,0.032718,2.263,,low_sensitivity_spectral_edge,feature is in the low-sensitivity edge of the extracted spectrum,,-41.119,-36.148
TOI-1054,ADP.2020-11-10T01:23:36.359,ADP.2022-03-18T01:02:33.932,6871.5,6872.02302,6870.98121,6872.02302,brighter_earlier,13.426,13.426,4.864,5.975,0.814,-0.772517,-0.019862,9.582,,low_sensitivity_spectral_edge,feature is in the low-sensitivity edge of the extracted spectrum,,-40.371,-35.4
TOI-1054,ADP.2020-11-10T01:23:36.359,ADP.2022-03-18T01:02:33.932,6871.7,6872.22303,6871.1812,6871.1812,brighter_later,10.412,10.288,6.038,5.975,1.01,0.601134,0.153879,10.642,,low_sensitivity_spectral_edge,feature is in the low-sensitivity edge of the extracted spectrum,,-24.66,-19.69
TOI-1054,ADP.2020-11-10T01:23:36.359,ADP.2022-03-18T01:02:33.932,6871.84,6872.36304,6871.32119,6872.36304,brighter_earlier,10.101,10.05,7.194,5.976,1.204,-0.584517,-0.202838,10.412,,low_sensitivity_spectral_edge,feature is in the low-sensitivity edge of the extracted spectrum,,-23.262,-18.291
TOI-1054,ADP.2020-11-10T01:23:36.359,ADP.2022-03-18T01:02:33.932,6872.28,6872.80307,6871.76115,6871.76115,brighter_later,14.587,14.587,5.62,5.976,0.94,0.850375,0.032256,0.0,,low_sensitivity_spectral_edge,feature is in the low-sensitivity edge of the extracted spectrum,,-47.469,-42.498
TOI-1054,ADP.2020-11-10T01:23:36.359,ADP.2022-03-18T01:02:33.932,6872.36,6872.88308,6871.84115,6871.84115,brighter_later,15.041,15.041,6.349,5.976,1.063,0.878032,0.008922,0.0,,low_sensitivity_spectral_edge,feature is in the low-sensitivity edge of the extracted spectrum,,-50.403,-45.432
TOI-1054,ADP.2020-11-10T01:23:36.359,ADP.2022-03-18T01:02:33.932,6872.74,6873.26311,6872.22112,6873.26311,brighter_earlier,14.814,14.76,5.643,5.976,0.944,-0.870283,0.034666,0.22,,low_sensitivity_spectral_edge,feature is in the low-sensitivity edge of the extracted spectrum,,-48.925,-43.954
TOI-1054,ADP.2020-11-10T01:23:36.359,ADP.2022-03-18T01:02:33.932,6872.8,6873.32311,6872.28111,6873.32311,brighter_earlier,14.675,14.675,5.868,5.976,0.982,-0.862976,0.001436,0.268,,low_sensitivity_spectral_edge,feature is in the low-sensitivity edge of the extracted spectrum,,-48.031,-43.06
TOI-1054,ADP.2020-11-10T01:23:36.359,ADP.2022-03-18T01:02:33.932,6873.24,6873.76315,6872.72108,6872.72108,brighter_later,11.149,11.068,6.811,5.977,1.14,0.660397,-0.184885,10.766,,low_sensitivity_spectral_edge,feature is in the low-sensitivity edge of the extracted spectrum,,-28.14,-23.169
TOI-1054,ADP.2020-11-10T01:23:36.359,ADP.2022-03-18T01:02:33.932,6873.41,6873.93316,6872.89107,6873.93316,brighter_earlier,10.766,10.76,6.178,5.977,1.034,-0.639479,-0.147338,11.149,,low_sensitivity_spectral_edge,feature is in the low-sensitivity edge of the extracted spectrum,,-26.303,-21.332
TOI-1054,ADP.2020-11-10T01:23:36.359,ADP.2022-03-18T01:02:33.932,6874.1,6874.62321,6873.58102,6873.58102,brighter_later,14.086,14.086,6.85,5.977,1.146,0.84614,-0.040976,10.348,,low_sensitivity_spectral_edge,feature is in the low-sensitivity edge of the extracted spectrum,,-44.334,-39.364
TOI-1054,ADP.2020-11-10T01:23:36.359,ADP.2022-03-18T01:02:33.932,6874.17,6874.69322,6873.65101,6873.65101,brighter_later,12.337,12.337,3.7,5.978,0.619,0.741949,-0.091113,13.949,,low_sensitivity_spectral_edge,feature is in the low-sensitivity edge of the extracted spectrum,,-34.242,-29.271
TOI-1054,ADP.2020-11-10T01:23:36.359,ADP.2022-03-18T01:02:33.932,6874.29,6874.81323,6873.771,6874.81323,brighter_earlier,11.916,11.662,3.755,5.978,0.628,-0.718021,-0.125644,12.337,,low_sensitivity_spectral_edge,feature is in the low-sensitivity edge of the extracted spectrum,,-32.01,-27.039
TOI-1054,ADP.2020-11-10T01:23:36.359,ADP.2022-03-18T01:02:33.932,6874.35,6874.87323,6873.831,6874.87323,brighter_earlier,13.949,13.949,6.525,5.978,1.091,-0.841333,-0.030056,12.337,,low_sensitivity_spectral_edge,feature is in the low-sensitivity edge of the extracted spectrum,,-43.496,-38.525
TOI-1054,ADP.2020-11-10T01:23:36.359,ADP.2022-03-18T01:02:33.932,6875.04,6875.56328,6874.52095,6874.52095,brighter_later,11.297,11.276,6.018,5.978,1.007,0.688955,-0.145347,10.592,,low_sensitivity_spectral_edge,feature is in the low-sensitivity edge of the extracted spectrum,,-28.867,-23.896
TOI-1054,ADP.2020-11-10T01:23:36.359,ADP.2022-03-18T01:02:33.932,6875.22,6875.7433,6874.70093,6875.7433,brighter_earlier,10.592,10.592,5.939,5.978,0.993,-0.647845,-0.128393,11.297,,low_sensitivity_spectral_edge,feature is in the low-sensitivity edge of the extracted spectrum,,-25.489,-20.518
TOI-1054,ADP.2020-11-10T01:23:36.359,ADP.2022-03-18T01:02:33.932,6876.09,6876.61336,6875.57087,6876.61336,brighter_earlier,8.785,8.764,6.325,5.979,1.058,-0.544731,-0.249689,9.183,,low_sensitivity_spectral_edge,feature is in the low-sensitivity edge of the extracted spectrum,,-17.806,-12.835
TOI-1054,ADP.2020-11-10T01:23:36.359,ADP.2022-03-18T01:02:33.932,6876.23,6876.75338,6875.71086,6875.71086,brighter_later,9.183,9.178,6.456,5.979,1.08,0.570659,-0.207385,8.785,,low_sensitivity_spectral_edge,feature is in the low-sensitivity edge of the extracted spectrum,,-19.378,-14.407
TOI-1054,ADP.2020-11-10T01:23:36.359,ADP.2022-03-18T01:02:33.932,6877.09,6877.61344,6876.57079,6876.57079,brighter_later,11.006,11.006,5.441,5.98,0.91,0.693203,-0.09871,11.854,,low_sensitivity_spectral_edge,feature is in the low-sensitivity edge of the extracted spectrum,,-27.447,-22.476
TOI-1054,ADP.2020-11-10T01:23:36.359,ADP.2022-03-18T01:02:33.932,6877.14,6877.66344,6876.62079,6876.62079,brighter_later,8.28,7.018,1.978,5.98,0.331,0.521914,-0.255249,11.854,,low_sensitivity_spectral_edge,feature is in the low-sensitivity edge of the extracted spectrum,,-15.909,-10.939
TOI-1054,ADP.2020-11-10T01:23:36.359,ADP.2022-03-18T01:02:33.932,6877.21,6877.73345,6876.69078,6877.73345,brighter_earlier,8.7,8.7,2.369,5.98,0.396,-0.548996,-0.220453,11.006,,low_sensitivity_spectral_edge,feature is in the low-sensitivity edge of the extracted spectrum,,-17.479,-12.508
TOI-1054,ADP.2020-11-10T01:23:36.359,ADP.2022-03-18T01:02:33.932,6877.27,6877.79345,6876.75078,6877.79345,brighter_earlier,11.854,11.851,6.15,5.98,1.028,-0.748692,-0.063223,11.006,,low_sensitivity_spectral_edge,feature is in the low-sensitivity edge of the extracted spectrum,,-31.688,-26.717
TOI-1054,ADP.2020-11-10T01:23:36.359,ADP.2022-03-18T01:02:33.932,6878.14,6878.66352,6877.62071,6878.66352,brighter_earlier,12.555,12.555,5.428,5.981,0.908,-0.803584,0.007905,0.586,,low_sensitivity_spectral_edge,feature is in the low-sensitivity edge of the extracted spectrum,,-35.428,-30.457
TOI-1054,ADP.2020-11-10T01:23:36.359,ADP.2022-03-18T01:02:33.932,6878.18,6878.70352,6877.66071,6878.70352,brighter_earlier,13.02,13.02,5.747,5.981,0.961,-0.833871,0.013198,0.56,,low_sensitivity_spectral_edge,feature is in the low-sensitivity edge of the extracted spectrum,,-38.026,-33.055
TOI-1054,ADP.2020-11-10T01:23:36.359,ADP.2022-03-18T01:02:33.932,6878.5,6879.02355,6877.98068,6877.98068,brighter_later,12.816,12.781,5.277,5.981,0.882,0.824831,0.021156,0.445,,low_sensitivity_spectral_edge,feature is in the low-sensitivity edge of the extracted spectrum,,-36.875,-31.904
TOI-1054,ADP.2020-11-10T01:23:36.359,ADP.2022-03-18T01:02:33.932,6878.54,6879.06355,6878.02068,6878.02068,brighter_later,12.498,12.498,5.217,5.981,0.872,0.804824,0.005082,0.444,,low_sensitivity_spectral_edge,feature is in the low-sensitivity edge of the extracted spectrum,,-35.116,-30.145
TOI-1054,ADP.2020-11-10T01:23:36.359,ADP.2022-03-18T01:02:33.932,6879.41,6879.93362,6878.89062,6878.89062,brighter_later,10.682,10.46,9.346,5.982,1.562,0.696916,-0.042126,12.15,,low_sensitivity_spectral_edge,feature is in the low-sensitivity edge of the extracted spectrum,,-25.908,-20.937
TOI-1054,ADP.2020-11-10T01:23:36.359,ADP.2022-03-18T01:02:33.932,6879.55,6880.07363,6879.03061,6880.07363,brighter_earlier,11.746,11.715,4.722,5.982,0.789,-0.767983,0.062513,10.682,,low_sensitivity_spectral_edge,feature is in the low-sensitivity edge of the extracted spectrum,,-31.131,-26.16
TOI-1054,ADP.2020-11-10T01:23:36.359,ADP.2022-03-18T01:02:33.932,6879.58,6880.10363,6879.0606,6880.10363,brighter_earlier,12.15,12.15,5.746,5.982,0.96,-0.794732,0.016265,10.682,,low_sensitivity_spectral_edge,feature is in the low-sensitivity edge of the extracted spectrum,,-33.241,-28.271
TOI-1054,ADP.2020-11-10T01:23:36.359,ADP.2022-03-18T01:02:33.932,6880.45,6880.9737,6879.93054,6880.9737,brighter_earlier,9.951,9.882,9.687,5.983,1.619,-0.659308,0.018627,1.312,,low_sensitivity_spectral_edge,feature is in the low-sensitivity edge of the extracted spectrum,,-22.603,-17.632
TOI-1054,ADP.2020-11-10T01:23:36.359,ADP.2022-03-18T01:02:33.932,6883.3,6883.82391,6882.78032,6882.78032,brighter_later,10.773,10.772,5.483,5.985,0.916,0.743697,0.001106,1.041,,low_sensitivity_spectral_edge,feature is in the low-sensitivity edge of the extracted spectrum,,-26.336,-21.365
TOI-1054,ADP.2020-11-10T01:23:36.359,ADP.2022-03-18T01:02:33.932,6883.33,6883.85392,6882.81032,6882.81032,brighter_later,10.405,10.398,4.932,5.986,0.824,0.718575,0.003488,0.52,,low_sensitivity_spectral_edge,feature is in the low-sensitivity edge of the extracted spectrum,,-24.628,-19.658
TOI-1054,ADP.2020-11-10T01:23:36.359,ADP.2022-03-18T01:02:33.932,6884.34,6884.86399,6883.82024,6884.86399,brighter_earlier,10.464,10.464,4.862,5.986,0.812,-0.73296,-0.001861,0.398,,low_sensitivity_spectral_edge,feature is in the low-sensitivity edge of the extracted spectrum,,-24.898,-19.927
TOI-1054,ADP.2020-11-10T01:23:36.359,ADP.2022-03-18T01:02:33.932,6884.37,6884.89399,6883.85024,6884.89399,brighter_earlier,10.811,10.811,5.328,5.986,0.89,-0.757621,-0.005631,0.398,,low_sensitivity_spectral_edge,feature is in the low-sensitivity edge of the extracted spectrum,,-26.515,-21.544
TOI-1054,ADP.2020-11-10T01:23:36.359,ADP.2022-03-18T01:02:33.932,6885.21,6885.73406,6884.69018,6884.69018,brighter_later,10.436,10.426,5.155,5.987,0.861,0.739877,0.00246,0.316,,low_sensitivity_spectral_edge,feature is in the low-sensitivity edge of the extracted spectrum,,-24.77,-19.799
TOI-1054,ADP.2020-11-10T01:23:36.359,ADP.2022-03-18T01:02:33.932,6885.26,6885.78406,6884.74017,6884.74017,brighter_later,10.134,10.134,4.812,5.987,0.804,0.718931,0.002304,0.882,,low_sensitivity_spectral_edge,feature is in the low-sensitivity edge of the extracted spectrum,,-23.409,-18.438
TOI-1054,ADP.2020-11-10T01:23:36.359,ADP.2022-03-18T01:02:33.932,6887.24,6887.76421,6886.72002,6887.76421,brighter_earlier,10.077,10.077,5.379,5.989,0.898,-0.734347,0.00982,0.512,,low_sensitivity_spectral_edge,feature is in the low-sensitivity edge of the extracted spectrum,,-23.156,-18.185
TOI-1054,ADP.2020-11-10T01:23:36.359,ADP.2022-03-18T01:02:33.932,6887.3,6887.82422,6886.78002,6887.82422,brighter_earlier,9.994,9.994,5.231,5.989,0.874,-0.728857,0.004441,0.714,,low_sensitivity_spectral_edge,feature is in the low-sensitivity edge of the extracted spectrum,,-22.791,-17.82
TOI-1054,ADP.2020-11-10T01:23:36.359,ADP.2022-03-18T01:02:33.932,6888.39,6888.9143,6887.86994,6887.86994,brighter_later,9.643,9.64,4.787,5.99,0.799,0.713541,0.006056,0.511,,low_sensitivity_spectral_edge,feature is in the low-sensitivity edge of the extracted spectrum,,-21.279,-16.308
TOI-1054,ADP.2020-11-10T01:23:36.359,ADP.2022-03-18T01:02:33.932,6888.46,6888.98431,6887.93993,6887.93993,brighter_later,9.597,9.597,4.634,5.99,0.774,0.710766,-0.013165,0.514,,low_sensitivity_spectral_edge,feature is in the low-sensitivity edge of the extracted spectrum,,-21.085,-16.114
TOI-1054,ADP.2020-11-10T01:23:36.359,ADP.2022-03-18T01:02:33.932,6889.34,6889.86437,6888.81987,6888.81987,brighter_later,8.554,8.522,5.447,5.991,0.909,0.640845,-0.123234,7.406,,low_sensitivity_spectral_edge,feature is in the low-sensitivity edge of the extracted spectrum,,-16.925,-11.954
TOI-1054,ADP.2020-11-10T01:23:36.359,ADP.2022-03-18T01:02:33.932,6890.39,6890.91445,6889.86979,6890.91445,brighter_earlier,9.001,9.001,5.073,5.992,0.847,-0.680615,-0.022684,1.02,,low_sensitivity_spectral_edge,feature is in the low-sensitivity edge of the extracted spectrum,,-18.65,-13.68
TOI-1054,ADP.2020-11-10T01:23:36.359,ADP.2022-03-18T01:02:33.932,6890.47,6890.99446,6889.94978,6890.99446,brighter_earlier,9.08,9.075,5.385,5.992,0.899,-0.686704,-0.022212,0.235,,low_sensitivity_spectral_edge,feature is in the low-sensitivity edge of the extracted spectrum,,-18.964,-13.993
TOI-1054,ADP.2020-11-10T01:23:36.359,ADP.2022-03-18T01:02:33.932,6891.81,6892.33456,6891.28968,6891.28968,brighter_later,9.293,9.293,4.771,5.993,0.796,0.704628,0.003147,0.598,,low_sensitivity_spectral_edge,feature is in the low-sensitivity edge of the extracted spectrum,,-19.824,-14.853
TOI-1054,ADP.2020-11-10T01:23:36.359,ADP.2022-03-18T01:02:33.932,6891.89,6892.41457,6891.36967,6891.36967,brighter_later,9.336,9.336,4.864,5.993,0.812,0.707978,0.01037,0.608,,low_sensitivity_spectral_edge,feature is in the low-sensitivity edge of the extracted spectrum,,-20.0,-15.029
TOI-1054,ADP.2020-11-10T01:23:36.359,ADP.2022-03-18T01:02:33.932,6892.75,6893.27463,6892.22961,6892.22961,brighter_later,8.648,8.622,6.19,5.994,1.033,0.656822,-0.137069,2.907,,low_sensitivity_spectral_edge,feature is in the low-sensitivity edge of the extracted spectrum,,-17.281,-12.31
TOI-1054,ADP.2020-11-10T01:23:36.359,ADP.2022-03-18T01:02:33.932,6893.79,6894.31471,6893.26953,6894.31471,brighter_earlier,8.961,8.961,4.767,5.995,0.795,-0.681942,0.012191,0.584,,low_sensitivity_spectral_edge,feature is in the low-sensitivity edge of the extracted spectrum,,-18.492,-13.522
TOI-1054,ADP.2020-11-10T01:23:36.359,ADP.2022-03-18T01:02:33.932,6893.88,6894.40472,6893.35952,6894.40472,brighter_earlier,8.745,8.745,5.324,5.995,0.888,-0.665654,-0.033783,0.374,,low_sensitivity_spectral_edge,feature is in the low-sensitivity edge of the extracted spectrum,,-17.652,-12.681
TOI-1054,ADP.2020-11-10T01:23:36.359,ADP.2022-03-18T01:02:33.932,6895.48,6896.00484,6894.9594,6894.9594,brighter_later,9.058,9.058,4.786,5.996,0.798,0.691497,-0.014707,0.46,,low_sensitivity_spectral_edge,feature is in the low-sensitivity edge of the extracted spectrum,,-18.877,-13.906
TOI-1054,ADP.2020-11-10T01:23:36.359,ADP.2022-03-18T01:02:33.932,6895.56,6896.08485,6895.0394,6895.0394,brighter_later,8.836,8.836,4.542,5.996,0.757,0.67465,-0.007979,0.578,,low_sensitivity_spectral_edge,feature is in the low-sensitivity edge of the extracted spectrum,,-18.003,-13.033
TOI-1054,ADP.2020-11-10T01:23:36.359,ADP.2022-03-18T01:02:33.932,6896.4,6896.92491,6895.87933,6895.87933,brighter_later,8.757,8.755,5.329,5.997,0.889,0.66969,-0.072583,4.398,,low_sensitivity_spectral_edge,feature is in the low-sensitivity edge of the extracted spectrum,,-17.698,-12.727
TOI-1054,ADP.2020-11-10T01:23:36.359,ADP.2022-03-18T01:02:33.932,6896.61,6897.13493,6896.08932,6897.13493,brighter_earlier,8.258,8.252,4.822,5.997,0.804,-0.631781,-0.0954,4.08,,low_sensitivity_spectral_edge,feature is in the low-sensitivity edge of the extracted spectrum,,-15.829,-10.859
TOI-1054,ADP.2020-11-10T01:23:36.359,ADP.2022-03-18T01:02:33.932,6897.45,6897.97499,6896.92925,6897.97499,brighter_earlier,8.708,8.708,4.638,5.998,0.773,-0.667202,-0.003339,0.451,,low_sensitivity_spectral_edge,feature is in the low-sensitivity edge of the extracted spectrum,,-17.51,-12.539
TOI-1054,ADP.2020-11-10T01:23:36.359,ADP.2022-03-18T01:02:33.932,6897.53,6898.055,6897.00925,6898.055,brighter_earlier,9.494,9.494,5.036,5.998,0.84,-0.727577,0.004941,0.47,,low_sensitivity_spectral_edge,feature is in the low-sensitivity edge of the extracted spectrum,,-20.653,-15.682
TOI-1054,ADP.2020-11-10T01:23:36.359,ADP.2022-03-18T01:02:33.932,6899.4,6899.92514,6898.87911,6898.87911,brighter_later,9.275,9.27,4.883,5.999,0.814,0.713275,0.002536,0.514,,low_sensitivity_spectral_edge,feature is in the low-sensitivity edge of the extracted spectrum,,-19.751,-14.78
TOI-1054,ADP.2020-11-10T01:23:36.359,ADP.2022-03-18T01:02:33.932,6899.47,6899.99514,6898.9491,6898.9491,brighter_later,8.694,8.693,4.587,6.0,0.765,0.668644,-0.021995,0.645,,low_sensitivity_spectral_edge,feature is in the low-sensitivity edge of the extracted spectrum,,-17.456,-12.485
TOI-1054,ADP.2020-11-10T01:23:36.359,ADP.2022-03-18T01:02:33.932,6900.31,6900.83521,6899.78904,6899.78904,brighter_later,9.027,9.027,4.972,6.0,0.829,0.695368,-0.051266,6.467,,low_sensitivity_spectral_edge,feature is in the low-sensitivity edge of the extracted spectrum,,-18.753,-13.783
TOI-1054,ADP.2020-11-10T01:23:36.359,ADP.2022-03-18T01:02:33.932,6900.52,6901.04522,6899.99902,6901.04522,brighter_earlier,8.761,8.753,4.857,6.0,0.809,-0.675159,-0.071991,5.756,,low_sensitivity_spectral_edge,feature is in the low-sensitivity edge of the extracted spectrum,,-17.713,-12.742
TOI-1054,ADP.2020-11-10T01:23:36.359,ADP.2022-03-18T01:02:33.932,6901.36,6901.88529,6900.83896,6901.88529,brighter_earlier,8.938,8.938,4.554,6.001,0.759,-0.689829,0.00044,0.83,,low_sensitivity_spectral_edge,feature is in the low-sensitivity edge of the extracted spectrum,,-18.402,-13.431
TOI-1054,ADP.2020-11-10T01:23:36.359,ADP.2022-03-18T01:02:33.932,6901.43,6901.95529,6900.90895,6901.95529,brighter_earlier,9.369,9.369,4.88,6.001,0.813,-0.723228,-0.008277,0.458,,low_sensitivity_spectral_edge,feature is in the low-sensitivity edge of the extracted spectrum,,-20.135,-15.165
TOI-1054,ADP.2020-11-10T01:23:36.359,ADP.2022-03-18T01:02:33.932,6903.57,6904.09546,6903.04879,6903.04879,brighter_later,8.973,8.966,4.713,6.003,0.785,0.695367,-0.018315,0.665,,low_sensitivity_spectral_edge,feature is in the low-sensitivity edge of the extracted spectrum,,-18.54,-13.569
TOI-1054,ADP.2020-11-10T01:23:36.359,ADP.2022-03-18T01:02:33.932,6903.63,6904.15546,6903.10879,6903.10879,brighter_later,8.853,8.846,3.933,6.003,0.655,0.686123,-0.003644,0.837,,low_sensitivity_spectral_edge,feature is in the low-sensitivity edge of the extracted spectrum,,-18.07,-13.099
TOI-1054,ADP.2020-11-10T01:23:36.359,ADP.2022-03-18T01:02:33.932,6904.47,6904.99552,6903.94872,6903.94872,brighter_later,9.151,9.151,4.428,6.004,0.738,0.710298,-0.024258,8.24,,low_sensitivity_spectral_edge,feature is in the low-sensitivity edge of the extracted spectrum,,-19.249,-14.278
TOI-1054,ADP.2020-11-10T01:23:36.359,ADP.2022-03-18T01:02:33.932,6904.53,6905.05553,6904.00872,6904.00872,brighter_later,8.252,8.252,3.043,6.004,0.507,0.640624,-0.14595,9.089,,low_sensitivity_spectral_edge,feature is in the low-sensitivity edge of the extracted spectrum,,-15.808,-10.837
TOI-1054,ADP.2020-11-10T01:23:36.359,ADP.2022-03-18T01:02:33.932,6904.62,6905.14554,6904.09871,6905.14554,brighter_earlier,8.24,7.711,2.712,6.004,0.452,-0.63982,-0.122613,9.151,,low_sensitivity_spectral_edge,feature is in the low-sensitivity edge of the extracted spectrum,,-15.764,-10.793
TOI-1054,ADP.2020-11-10T01:23:36.359,ADP.2022-03-18T01:02:33.932,6904.68,6905.20554,6904.15871,6905.20554,brighter_earlier,9.089,9.089,4.598,6.004,0.766,-0.705771,-0.034733,8.252,,low_sensitivity_spectral_edge,feature is in the low-sensitivity edge of the extracted spectrum,,-19.0,-14.029
TOI-1054,ADP.2020-11-10T01:23:36.359,ADP.2022-03-18T01:02:33.932,6905.52,6906.0456,6904.99864,6906.0456,brighter_earlier,8.245,8.207,4.174,6.005,0.695,-0.64126,-0.027584,0.6,,low_sensitivity_spectral_edge,feature is in the low-sensitivity edge of the extracted spectrum,,-15.782,-10.811
TOI-1054,ADP.2020-11-10T01:23:36.359,ADP.2022-03-18T01:02:33.932,6905.58,6906.10561,6905.05864,6906.10561,brighter_earlier,9.445,9.445,4.757,6.005,0.792,-0.734638,0.000355,0.596,,low_sensitivity_spectral_edge,feature is in the low-sensitivity edge of the extracted spectrum,,-20.449,-15.478
TOI-1054,ADP.2020-11-10T01:23:36.359,ADP.2022-03-18T01:02:33.932,6907.99,6908.51579,6907.46846,6907.46846,brighter_later,8.906,8.905,4.04,6.007,0.673,0.695743,-0.003588,1.222,,low_sensitivity_spectral_edge,feature is in the low-sensitivity edge of the extracted spectrum,,-18.276,-13.306
TOI-1054,ADP.2020-11-10T01:23:36.359,ADP.2022-03-18T01:02:33.932,6908.03,6908.5558,6907.50845,6907.50845,brighter_later,9.539,9.506,4.609,6.007,0.767,0.745258,0.00954,1.404,,low_sensitivity_spectral_edge,feature is in the low-sensitivity edge of the extracted spectrum,,-20.841,-15.87
TOI-1054,ADP.2020-11-10T01:23:36.359,ADP.2022-03-18T01:02:33.932,6908.89,6909.41586,6908.36839,6908.36839,brighter_later,9.636,9.636,4.666,6.008,0.777,0.754053,-0.037574,9.887,,low_sensitivity_spectral_edge,feature is in the low-sensitivity edge of the extracted spectrum,,-21.249,-16.278
TOI-1054,ADP.2020-11-10T01:23:36.359,ADP.2022-03-18T01:02:33.932,6908.93,6909.45586,6908.40839,6908.40839,brighter_later,9.541,9.541,3.506,6.008,0.584,0.746627,-0.041415,9.887,,low_sensitivity_spectral_edge,feature is in the low-sensitivity edge of the extracted spectrum,,-20.849,-15.879
TOI-1054,ADP.2020-11-10T01:23:36.359,ADP.2022-03-18T01:02:33.932,6909.04,6909.56587,6908.51838,6909.56587,brighter_earlier,8.827,8.098,3.256,6.008,0.542,-0.690917,-0.068723,9.636,,low_sensitivity_spectral_edge,feature is in the low-sensitivity edge of the extracted spectrum,,-17.969,-12.998
TOI-1054,ADP.2020-11-10T01:23:36.359,ADP.2022-03-18T01:02:33.932,6909.08,6909.60588,6908.55838,6909.60588,brighter_earlier,9.887,9.887,5.091,6.008,0.847,-0.773966,-0.022493,9.636,,low_sensitivity_spectral_edge,feature is in the low-sensitivity edge of the extracted spectrum,,-22.324,-17.353
TOI-1054,ADP.2020-11-10T01:23:36.359,ADP.2022-03-18T01:02:33.932,6909.94,6910.46594,6909.41831,6910.46594,brighter_earlier,9.351,9.349,4.033,6.009,0.671,-0.733125,-0.00479,1.121,,low_sensitivity_spectral_edge,feature is in the low-sensitivity edge of the extracted spectrum,,-20.061,-15.091
TOI-1054,ADP.2020-11-10T01:23:36.359,ADP.2022-03-18T01:02:33.932,6909.98,6910.50594,6909.45831,6910.50594,brighter_earlier,9.446,9.349,4.046,6.009,0.673,-0.740609,0.008231,0.73,,low_sensitivity_spectral_edge,feature is in the low-sensitivity edge of the extracted spectrum,,-20.453,-15.483
TOI-1203,ADP.2020-11-20T01:24:25.672,ADP.2022-07-08T01:10:02.814,3807.91,3807.65881,3808.20962,3808.20962,brighter_later,11.567,11.567,1.387,3.311,0.419,0.820952,1.044567,1.902,,low_sensitivity_spectral_edge,feature is in the low-sensitivity edge of the extracted spectrum,,-30.218,-25.247
TOI-1203,ADP.2020-11-20T01:24:25.672,ADP.2022-07-08T01:10:02.814,3934.32,3934.06047,3934.62956,3934.06047,brighter_earlier,12.457,12.457,2.447,3.421,0.715,-0.632222,0.686854,4.019,,low_sensitivity_spectral_edge,feature is in the low-sensitivity edge of the extracted spectrum,,-34.892,-29.922
TOI-1203,ADP.2020-11-20T01:24:25.672,ADP.2022-07-08T01:10:02.814,4057.82,4057.55233,4058.13928,4058.13928,brighter_later,13.155,13.155,1.16,3.529,0.329,0.359218,0.34304,2.468,,likely_single_pixel_or_cosmic_ray,feature is narrower than the instrumental line-spread function,,-38.798,-33.827
TOI-1203,ADP.2020-11-20T01:24:25.672,ADP.2022-07-08T01:10:02.814,4191.31,4191.03352,4191.63979,4191.63979,brighter_later,16.446,16.446,1.783,3.645,0.489,0.361975,0.390043,0.82,,likely_single_pixel_or_cosmic_ray,feature is narrower than the instrumental line-spread function,,-60.048,-55.077
TOI-1203,ADP.2020-11-20T01:24:25.672,ADP.2022-07-08T01:10:02.814,4239.5,4239.22034,4239.83358,4239.22034,brighter_earlier,30.926,30.926,1.837,3.687,0.498,-0.64949,0.731901,2.352,,likely_single_pixel_or_cosmic_ray,feature is narrower than the instrumental line-spread function,,-209.272,-204.302
TOI-1203,ADP.2020-11-20T01:24:25.672,ADP.2022-07-08T01:10:02.814,4470.74,4470.44509,4471.09177,4471.09177,brighter_later,21.988,21.988,1.892,3.888,0.487,0.356225,0.406531,1.269,,likely_single_pixel_or_cosmic_ray,feature is narrower than the instrumental line-spread function,,-106.426,-101.455
TOI-1203,ADP.2020-11-20T01:24:25.672,ADP.2022-07-08T01:10:02.814,5221.05,5220.70559,5221.46081,5221.46081,brighter_later,9.184,9.184,2.037,4.54,0.449,0.114038,0.09296,1.431,,likely_single_pixel_or_cosmic_ray,feature is narrower than the instrumental line-spread function,,-19.382,-14.411
TOI-1203,ADP.2020-11-20T01:24:25.672,ADP.2022-07-08T01:10:02.814,5512.92,5512.55634,5513.35377,5513.35377,brighter_later,8.582,8.582,2.326,4.794,0.485,0.100448,0.102327,1.636,,likely_single_pixel_or_cosmic_ray,feature is narrower than the instrumental line-spread function,,-17.03,-12.06
TOI-1203,ADP.2020-11-20T01:24:25.672,ADP.2022-07-08T01:10:02.814,5597.6,5597.23075,5598.04044,5597.23075,brighter_earlier,8.563,8.563,3.528,4.867,0.725,-0.107326,0.109531,2.373,,likely_single_pixel_or_cosmic_ray,feature is narrower than the instrumental line-spread function,,-16.959,-11.988
TOI-1203,ADP.2020-11-20T01:24:25.672,ADP.2022-07-08T01:10:02.814,5829.77,5829.38544,5830.2287,5830.2287,brighter_later,23.043,23.043,2.542,5.069,0.501,0.267402,0.264254,2.263,,likely_single_pixel_or_cosmic_ray,feature is narrower than the instrumental line-spread function,,-116.762,-111.792
TOI-1203,ADP.2020-11-20T01:24:25.672,ADP.2022-07-08T01:10:02.814,5949.6,5949.20754,5950.06813,5950.06813,brighter_later,20.217,20.217,2.278,5.174,0.44,0.298164,0.271883,2.66,,likely_single_pixel_or_cosmic_ray,feature is narrower than the instrumental line-spread function,,-90.159,-85.188
TOI-1203,ADP.2020-11-20T01:24:25.672,ADP.2022-07-08T01:10:02.814,6118.0,6117.59643,6118.48138,6117.59643,brighter_earlier,8.135,8.126,2.274,5.32,0.428,-0.093024,0.099613,1.963,,likely_single_pixel_or_cosmic_ray,feature is narrower than the instrumental line-spread function,,-15.385,-10.415
TOI-1203,ADP.2020-11-20T01:24:25.672,ADP.2022-07-08T01:10:02.814,6119.17,6118.76635,6119.65148,6119.65148,brighter_later,14.006,14.006,2.878,5.321,0.541,0.160765,0.159076,2.974,,likely_single_pixel_or_cosmic_ray,feature is narrower than the instrumental line-spread function,,-43.844,-38.873
TOI-1203,ADP.2020-11-20T01:24:25.672,ADP.2022-07-08T01:10:02.814,6206.57,6206.16058,6207.05835,6207.05835,brighter_later,9.505,9.505,2.89,5.397,0.536,0.123206,0.099476,2.928,,likely_single_pixel_or_cosmic_ray,feature is narrower than the instrumental line-spread function,,-20.699,-15.728
TOI-1203,ADP.2020-11-20T01:24:25.672,ADP.2022-07-08T01:10:02.814,6276.11,6275.696,6276.60382,6275.696,brighter_earlier,9.565,9.548,7.357,5.457,1.348,-0.1797,-0.00619,2.767,,likely_stellar_absorption_variability,difference does not form a bright line above the local spectrum,,-20.95,-15.98
TOI-1203,ADP.2020-11-20T01:24:25.672,ADP.2022-07-08T01:10:02.814,6276.32,6275.90598,6276.81384,6275.90598,brighter_earlier,9.093,8.998,5.238,5.458,0.96,-0.171464,0.007076,2.767,,likely_stellar_absorption_variability,difference does not form a bright line above the local spectrum,,-19.016,-14.046
TOI-1203,ADP.2020-11-20T01:24:25.672,ADP.2022-07-08T01:10:02.814,6276.82,6276.40595,6277.31388,6276.40595,brighter_earlier,11.951,11.872,6.068,5.458,1.112,-0.227378,0.010314,3.199,,likely_stellar_absorption_variability,difference does not form a bright line above the local spectrum,,-32.193,-27.222
TOI-1203,ADP.2020-11-20T01:24:25.672,ADP.2022-07-08T01:10:02.814,6277.02,6276.60594,6277.5139,6277.5139,brighter_later,12.082,11.277,6.884,5.458,1.261,0.230685,0.059464,7.845,,likely_alignment_or_line_profile_change,nearby opposite-sign residual is characteristic of a shifted or changing line,,-32.881,-27.911
TOI-1203,ADP.2020-11-20T01:24:25.672,ADP.2022-07-08T01:10:02.814,6277.23,6276.81592,6277.72391,6277.72391,brighter_later,12.944,12.76,6.926,5.458,1.269,0.248054,0.02037,7.839,,likely_stellar_absorption_variability,difference does not form a bright line above the local spectrum,,-37.595,-32.625
TOI-1203,ADP.2020-11-20T01:24:25.672,ADP.2022-07-08T01:10:02.814,6277.59,6277.1759,6278.08394,6277.1759,brighter_earlier,20.438,20.431,11.144,5.459,2.041,-0.394143,0.042465,12.957,,likely_stellar_line_profile_change,feature is substantially broader than an unresolved HARPS line,,-92.115,-87.144
TOI-1203,ADP.2020-11-20T01:24:25.672,ADP.2022-07-08T01:10:02.814,6277.74,6277.32589,6278.23395,6278.23395,brighter_later,12.957,11.543,6.312,5.459,1.156,0.250535,0.060961,20.438,,likely_alignment_or_line_profile_change,nearby opposite-sign residual is characteristic of a shifted or changing line,,-37.669,-32.698
TOI-1203,ADP.2020-11-20T01:24:25.672,ADP.2022-07-08T01:10:02.814,6278.05,6277.63587,6278.54398,6278.54398,brighter_later,10.4,10.339,6.181,5.459,1.132,0.20217,0.008568,1.156,,likely_stellar_absorption_variability,difference does not form a bright line above the local spectrum,,-24.606,-19.635
TOI-1203,ADP.2020-11-20T01:24:25.672,ADP.2022-07-08T01:10:02.814,6278.37,6277.95585,6278.864,6277.95585,brighter_earlier,14.198,13.324,7.037,5.459,1.289,-0.277544,0.052893,20.664,,likely_stellar_absorption_variability,difference does not form a bright line above the local spectrum,,-45.026,-40.055
TOI-1203,ADP.2020-11-20T01:24:25.672,ADP.2022-07-08T01:10:02.814,6278.51,6278.09584,6279.00401,6279.00401,brighter_later,20.664,20.664,8.904,5.46,1.631,0.404913,0.137311,14.198,,likely_alignment_or_line_profile_change,nearby opposite-sign residual is characteristic of a shifted or changing line,,-94.136,-89.166
TOI-1203,ADP.2020-11-20T01:24:25.672,ADP.2022-07-08T01:10:02.814,6278.61,6278.19583,6279.10402,6278.19583,brighter_earlier,14.027,13.595,6.377,5.46,1.168,-0.275334,0.012401,20.664,,likely_stellar_absorption_variability,difference does not form a bright line above the local spectrum,,-43.972,-39.002
TOI-1203,ADP.2020-11-20T01:24:25.672,ADP.2022-07-08T01:10:02.814,6279.29,6278.87579,6279.78407,6279.78407,brighter_later,13.522,13.166,6.98,5.46,1.278,0.268506,-0.004306,12.292,,likely_stellar_absorption_variability,difference does not form a bright line above the local spectrum,,-40.936,-35.965
TOI-1203,ADP.2020-11-20T01:24:25.672,ADP.2022-07-08T01:10:02.814,6279.4,6278.98578,6279.89408,6278.98578,brighter_earlier,12.292,11.637,6.746,5.46,1.235,-0.244538,0.139671,16.583,,likely_alignment_or_line_profile_change,nearby opposite-sign residual is characteristic of a shifted or changing line,,-34.0,-29.03
TOI-1203,ADP.2020-11-20T01:24:25.672,ADP.2022-07-08T01:10:02.814,6279.52,6279.10577,6280.01409,6280.01409,brighter_later,16.583,16.564,6.878,5.46,1.26,0.330584,0.025691,12.292,,likely_stellar_absorption_variability,difference does not form a bright line above the local spectrum,,-61.034,-56.063
TOI-1203,ADP.2020-11-20T01:24:25.672,ADP.2022-07-08T01:10:02.814,6279.9,6279.48575,6280.39412,6279.48575,brighter_earlier,15.536,15.493,6.932,5.461,1.269,-0.311703,0.004994,0.0,,likely_stellar_absorption_variability,difference does not form a bright line above the local spectrum,,-53.703,-48.733
TOI-1203,ADP.2020-11-20T01:24:25.672,ADP.2022-07-08T01:10:02.814,6280.31,6279.89572,6280.80415,6280.80415,brighter_later,15.328,15.266,7.279,5.461,1.333,0.309637,0.013391,1.228,,likely_stellar_absorption_variability,difference does not form a bright line above the local spectrum,,-52.304,-47.333
TOI-1203,ADP.2020-11-20T01:24:25.672,ADP.2022-07-08T01:10:02.814,6280.68,6280.2657,6281.17418,6280.2657,brighter_earlier,12.999,12.301,7.167,5.461,1.312,-0.264212,0.033695,15.551,,likely_stellar_absorption_variability,difference does not form a bright line above the local spectrum,,-37.907,-32.936
TOI-1203,ADP.2020-11-20T01:24:25.672,ADP.2022-07-08T01:10:02.814,6280.81,6280.39569,6281.30419,6281.30419,brighter_later,15.551,15.53,7.033,5.462,1.288,0.316751,0.005338,12.999,,likely_stellar_absorption_variability,difference does not form a bright line above the local spectrum,,-53.805,-48.835
TOI-1203,ADP.2020-11-20T01:24:25.672,ADP.2022-07-08T01:10:02.814,6281.45,6281.03564,6281.94424,6281.03564,brighter_earlier,12.138,11.345,6.791,5.462,1.243,-0.249859,0.127618,13.647,,likely_alignment_or_line_profile_change,nearby opposite-sign residual is characteristic of a shifted or changing line,,-33.178,-28.207
TOI-1203,ADP.2020-11-20T01:24:25.672,ADP.2022-07-08T01:10:02.814,6281.6,6281.18563,6282.09426,6282.09426,brighter_later,13.647,13.634,6.809,5.462,1.247,0.281609,0.036864,12.138,,likely_stellar_absorption_variability,difference does not form a bright line above the local spectrum,,-41.677,-36.707
TOI-1203,ADP.2020-11-20T01:24:25.672,ADP.2022-07-08T01:10:02.814,6282.23,6281.81559,6282.72431,6281.81559,brighter_earlier,8.526,7.782,7.022,5.463,1.285,-0.177742,0.094574,13.709,,likely_alignment_or_line_profile_change,nearby opposite-sign residual is characteristic of a shifted or changing line,,-16.82,-11.849
TOI-1203,ADP.2020-11-20T01:24:25.672,ADP.2022-07-08T01:10:02.814,6282.37,6281.95558,6282.86432,6282.86432,brighter_later,13.709,13.699,7.136,5.463,1.306,0.286444,0.048926,8.526,,likely_stellar_absorption_variability,difference does not form a bright line above the local spectrum,,-42.047,-37.077
TOI-1203,ADP.2020-11-20T01:24:25.672,ADP.2022-07-08T01:10:02.814,6283.14,6282.72553,6283.63438,6283.63438,brighter_later,9.724,9.704,6.782,5.464,1.241,0.2057,-0.004358,6.485,,likely_stellar_absorption_variability,difference does not form a bright line above the local spectrum,,-21.623,-16.653
TOI-1203,ADP.2020-11-20T01:24:25.672,ADP.2022-07-08T01:10:02.814,6284.21,6283.79546,6284.70446,6284.70446,brighter_later,8.043,8.035,7.368,5.465,1.348,0.173029,0.011967,4.046,,likely_stellar_absorption_variability,difference does not form a bright line above the local spectrum,,-15.057,-10.087
TOI-1203,ADP.2020-11-20T01:24:25.672,ADP.2022-07-08T01:10:02.814,6289.73,6289.3151,6290.2249,6289.3151,brighter_earlier,8.724,8.696,7.107,5.469,1.299,-0.203882,-0.00686,8.152,,likely_stellar_absorption_variability,difference does not form a bright line above the local spectrum,,-17.571,-12.6
TOI-1203,ADP.2020-11-20T01:24:25.672,ADP.2022-07-08T01:10:02.814,6289.81,6289.39509,6290.3049,6290.3049,brighter_later,8.152,7.295,5.592,5.469,1.022,0.190753,-0.009445,8.724,,likely_stellar_absorption_variability,difference does not form a bright line above the local spectrum,,-15.446,-10.476
TOI-1203,ADP.2020-11-20T01:24:25.672,ADP.2022-07-08T01:10:02.814,6290.64,6290.22504,6291.13497,6291.13497,brighter_later,10.015,10.012,7.537,5.47,1.378,0.232956,-0.00742,1.614,,likely_stellar_absorption_variability,difference does not form a bright line above the local spectrum,,-22.883,-17.912
TOI-1203,ADP.2020-11-20T01:24:25.672,ADP.2022-07-08T01:10:02.814,6291.67,6291.25497,6292.16505,6291.25497,brighter_earlier,9.092,9.059,7.39,5.471,1.351,-0.208509,0.005481,1.793,,likely_stellar_absorption_variability,difference does not form a bright line above the local spectrum,,-19.012,-14.042
TOI-1203,ADP.2020-11-20T01:24:25.672,ADP.2022-07-08T01:10:02.814,6292.46,6292.04492,6292.95511,6292.04492,brighter_earlier,8.654,8.309,6.976,5.472,1.275,-0.196303,-0.164102,10.422,,likely_stellar_absorption_variability,difference does not form a bright line above the local spectrum,,-17.303,-12.333
TOI-1203,ADP.2020-11-20T01:24:25.672,ADP.2022-07-08T01:10:02.814,6292.58,6292.16491,6293.07512,6293.07512,brighter_later,10.422,10.422,7.013,5.472,1.282,0.236019,-0.085576,8.654,,likely_stellar_absorption_variability,difference does not form a bright line above the local spectrum,,-24.706,-19.736
TOI-1203,ADP.2020-11-20T01:24:25.672,ADP.2022-07-08T01:10:02.814,6293.37,6292.95486,6293.86518,6293.86518,brighter_later,13.066,13.059,6.673,5.472,1.219,0.292645,-0.006476,1.916,,likely_stellar_absorption_variability,difference does not form a bright line above the local spectrum,,-38.288,-33.318
TOI-1203,ADP.2020-11-20T01:24:25.672,ADP.2022-07-08T01:10:02.814,6294.69,6294.27477,6295.18529,6294.27477,brighter_earlier,10.461,10.45,6.897,5.474,1.26,-0.229925,0.006225,1.713,,likely_stellar_absorption_variability,difference does not form a bright line above the local spectrum,,-24.884,-19.914
TOI-1203,ADP.2020-11-20T01:24:25.672,ADP.2022-07-08T01:10:02.814,6295.46,6295.04472,6295.95535,6295.04472,brighter_earlier,13.786,12.746,6.092,5.474,1.113,-0.299652,0.004163,13.881,,likely_stellar_absorption_variability,difference does not form a bright line above the local spectrum,,-42.509,-37.539
TOI-1203,ADP.2020-11-20T01:24:25.672,ADP.2022-07-08T01:10:02.814,6295.59,6295.17471,6296.08536,6296.08536,brighter_later,13.881,13.876,6.456,5.474,1.179,0.301145,0.028317,13.786,,likely_stellar_absorption_variability,difference does not form a bright line above the local spectrum,,-43.083,-38.113
TOI-1203,ADP.2020-11-20T01:24:25.672,ADP.2022-07-08T01:10:02.814,6296.38,6295.96466,6296.87542,6296.87542,brighter_later,13.184,13.141,7.719,5.475,1.41,0.282727,-0.022484,2.63,,likely_stellar_absorption_variability,difference does not form a bright line above the local spectrum,,-38.965,-33.994
TOI-1203,ADP.2020-11-20T01:24:25.672,ADP.2022-07-08T01:10:02.814,6297.96,6297.54456,6298.45554,6297.54456,brighter_earlier,11.088,10.99,7.184,5.476,1.312,-0.232232,-0.002296,2.075,,likely_stellar_absorption_variability,difference does not form a bright line above the local spectrum,,-27.843,-22.873
TOI-1203,ADP.2020-11-20T01:24:25.672,ADP.2022-07-08T01:10:02.814,6298.73,6298.3145,6299.2256,6298.3145,brighter_earlier,12.572,12.284,7.458,5.477,1.362,-0.260258,0.010952,13.533,,likely_stellar_absorption_variability,difference does not form a bright line above the local spectrum,,-35.521,-30.551
TOI-1203,ADP.2020-11-20T01:24:25.672,ADP.2022-07-08T01:10:02.814,6298.87,6298.4545,6299.36562,6299.36562,brighter_later,13.533,13.511,7.411,5.477,1.353,0.279559,0.004786,12.572,,likely_stellar_absorption_variability,difference does not form a bright line above the local spectrum,,-41.001,-36.03
TOI-1203,ADP.2020-11-20T01:24:25.672,ADP.2022-07-08T01:10:02.814,6299.65,6299.23444,6300.14568,6300.14568,brighter_later,14.925,14.925,6.779,5.478,1.238,0.304633,-0.010171,3.011,OI_sky_6300,known_line_proximity,feature is close to a common sky/stellar reference line,,-49.645,-44.674
TOI-1203,ADP.2020-11-20T01:24:25.672,ADP.2022-07-08T01:10:02.814,6301.5,6301.08432,6301.99582,6301.08432,brighter_earlier,10.732,10.689,7.088,5.48,1.294,-0.212766,0.008482,1.795,,likely_stellar_absorption_variability,difference does not form a bright line above the local spectrum,,-26.143,-21.172
TOI-1203,ADP.2020-11-20T01:24:25.672,ADP.2022-07-08T01:10:02.814,6302.27,6301.85427,6302.76588,6301.85427,brighter_earlier,12.36,12.133,7.115,5.48,1.298,-0.242039,0.015443,14.436,,likely_stellar_absorption_variability,difference does not form a bright line above the local spectrum,,-34.366,-29.396
TOI-1203,ADP.2020-11-20T01:24:25.672,ADP.2022-07-08T01:10:02.814,6302.42,6302.00426,6302.91589,6302.91589,brighter_later,14.436,14.413,6.736,5.48,1.229,0.282,0.017269,12.36,,likely_stellar_absorption_variability,difference does not form a bright line above the local spectrum,,-46.513,-41.542
TOI-1203,ADP.2020-11-20T01:24:25.672,ADP.2022-07-08T01:10:02.814,6303.18,6302.76421,6303.67595,6303.67595,brighter_later,13.041,12.987,6.75,5.481,1.232,0.251627,0.059052,1.763,,likely_observer_frame_artifact,topocentric wavelength recurs in unrelated targets,TOI-1054,-38.146,-33.175
TOI-1203,ADP.2020-11-20T01:24:25.672,ADP.2022-07-08T01:10:02.814,6305.31,6304.89407,6305.80612,6304.89407,brighter_earlier,9.078,9.069,6.655,5.483,1.214,-0.169049,-0.026071,1.996,,likely_stellar_absorption_variability,difference does not form a bright line above the local spectrum,,-18.956,-13.986
TOI-1203,ADP.2020-11-20T01:24:25.672,ADP.2022-07-08T01:10:02.814,6306.07,6305.65402,6306.56618,6305.65402,brighter_earlier,9.916,9.518,8.017,5.484,1.462,-0.182257,0.000612,12.037,,likely_stellar_absorption_variability,difference does not form a bright line above the local spectrum,,-22.45,-17.48
TOI-1203,ADP.2020-11-20T01:24:25.672,ADP.2022-07-08T01:10:02.814,6306.22,6305.80401,6306.71619,6306.71619,brighter_later,12.037,12.026,7.668,5.484,1.398,0.22068,0.004652,9.916,,likely_stellar_absorption_variability,difference does not form a bright line above the local spectrum,,-32.644,-27.673
TOI-1203,ADP.2020-11-20T01:24:25.672,ADP.2022-07-08T01:10:02.814,6306.99,6306.57396,6307.48625,6307.48625,brighter_later,12.71,12.71,6.597,5.484,1.203,0.229922,0.017198,2.375,,likely_stellar_absorption_variability,difference does not form a bright line above the local spectrum,,-36.284,-31.313
TOI-1203,ADP.2020-11-20T01:24:25.672,ADP.2022-07-08T01:10:02.814,6310.14,6309.72375,6310.6365,6309.72375,brighter_earlier,9.564,9.285,5.727,5.487,1.044,-0.16366,0.019376,9.884,,likely_stellar_absorption_variability,difference does not form a bright line above the local spectrum,,-20.946,-15.975
TOI-1203,ADP.2020-11-20T01:24:25.672,ADP.2022-07-08T01:10:02.814,6310.3,6309.88374,6310.79651,6310.79651,brighter_later,9.884,9.87,6.324,5.487,1.153,0.168836,-0.002774,9.564,,likely_stellar_absorption_variability,difference does not form a bright line above the local spectrum,,-22.311,-17.341
TOI-1203,ADP.2020-11-20T01:24:25.672,ADP.2022-07-08T01:10:02.814,6311.06,6310.64369,6311.55657,6311.55657,brighter_later,9.48,9.458,6.435,5.488,1.173,0.160575,-0.017892,1.758,,likely_stellar_absorption_variability,difference does not form a bright line above the local spectrum,,-20.595,-15.624
TOI-1203,ADP.2020-11-20T01:24:25.672,ADP.2022-07-08T01:10:02.814,6344.39,6343.97149,6344.8892,6343.97149,brighter_earlier,8.662,8.662,2.944,5.517,0.534,-0.116801,0.109075,3.458,,likely_single_pixel_or_cosmic_ray,feature is narrower than the instrumental line-spread function,,-17.334,-12.363
TOI-1203,ADP.2020-11-20T01:24:25.672,ADP.2022-07-08T01:10:02.814,6354.45,6354.03083,6354.94999,6354.03083,brighter_earlier,10.891,10.891,2.178,5.526,0.394,-0.141629,0.135402,2.757,,likely_single_pixel_or_cosmic_ray,feature is narrower than the instrumental line-spread function,,-26.895,-21.925
TOI-1203,ADP.2020-11-20T01:24:25.672,ADP.2022-07-08T01:10:02.814,6424.74,6424.31619,6425.24552,6425.24552,brighter_later,10.281,10.281,3.742,5.587,0.67,0.13082,0.13112,1.774,,likely_single_pixel_or_cosmic_ray,feature is narrower than the instrumental line-spread function,,-24.066,-19.096
TOI-1203,ADP.2020-11-20T01:24:25.672,ADP.2022-07-08T01:10:02.814,6698.21,6697.76815,6698.73704,6698.73704,brighter_later,12.566,12.566,4.302,5.825,0.739,0.163116,0.190086,2.391,,likely_single_pixel_or_cosmic_ray,feature is narrower than the instrumental line-spread function,,-35.488,-30.518
TOI-1203,ADP.2020-11-20T01:24:25.672,ADP.2022-07-08T01:10:02.814,6761.57,6761.12397,6762.10202,6761.12397,brighter_earlier,20.05,20.05,2.532,5.88,0.431,-0.272083,0.282636,2.383,,likely_single_pixel_or_cosmic_ray,feature is narrower than the instrumental line-spread function,,-88.695,-83.724
TOI-1203,ADP.2020-11-20T01:24:25.672,ADP.2022-07-08T01:10:02.814,6837.8,6837.34895,6838.33802,6838.33802,brighter_later,8.756,8.756,5.277,5.946,0.888,0.125102,0.155634,3.218,,low_sensitivity_spectral_edge,feature is in the low-sensitivity edge of the extracted spectrum,,-17.694,-12.724
TOI-1203,ADP.2020-11-20T01:24:25.672,ADP.2022-07-08T01:10:02.814,6866.68,6866.22704,6867.22029,6866.22704,brighter_earlier,12.442,12.418,10.372,5.971,1.737,-0.639827,0.017096,3.611,,low_sensitivity_spectral_edge,feature is in the low-sensitivity edge of the extracted spectrum,,-34.811,-29.84
TOI-1203,ADP.2020-11-20T01:24:25.672,ADP.2022-07-08T01:10:02.814,6867.0,6866.54702,6867.54032,6866.54702,brighter_earlier,10.048,9.998,8.577,5.971,1.436,-0.524098,-0.000736,4.277,,low_sensitivity_spectral_edge,feature is in the low-sensitivity edge of the extracted spectrum,,-23.028,-18.058
TOI-1203,ADP.2020-11-20T01:24:25.672,ADP.2022-07-08T01:10:02.814,6867.56,6867.10698,6868.10036,6867.10698,brighter_earlier,11.3,11.161,8.616,5.972,1.443,-0.603878,0.069812,3.114,,low_sensitivity_spectral_edge,feature is in the low-sensitivity edge of the extracted spectrum,,-28.882,-23.912
TOI-1203,ADP.2020-11-20T01:24:25.672,ADP.2022-07-08T01:10:02.814,6868.36,6867.90693,6868.90042,6867.90693,brighter_earlier,13.861,13.861,3.989,5.972,0.668,-0.766096,-0.012027,0.414,,low_sensitivity_spectral_edge,feature is in the low-sensitivity edge of the extracted spectrum,,-42.962,-37.992
TOI-1203,ADP.2020-11-20T01:24:25.672,ADP.2022-07-08T01:10:02.814,6868.39,6867.93693,6868.93043,6867.93693,brighter_earlier,14.758,14.758,6.231,5.973,1.043,-0.81669,0.154136,0.0,,low_sensitivity_spectral_edge,feature is in the low-sensitivity edge of the extracted spectrum,,-48.563,-43.593
TOI-1203,ADP.2020-11-20T01:24:25.672,ADP.2022-07-08T01:10:02.814,6868.67,6868.21691,6869.21045,6869.21045,brighter_later,10.787,10.787,4.406,5.973,0.738,0.603839,-0.098773,3.022,,low_sensitivity_spectral_edge,feature is in the low-sensitivity edge of the extracted spectrum,,-26.402,-21.431
TOI-1203,ADP.2020-11-20T01:24:25.672,ADP.2022-07-08T01:10:02.814,6868.7,6868.24691,6869.24045,6869.24045,brighter_later,11.4,11.4,5.593,5.973,0.936,0.638977,-0.050501,2.326,,low_sensitivity_spectral_edge,feature is in the low-sensitivity edge of the extracted spectrum,,-29.379,-24.408
TOI-1203,ADP.2020-11-20T01:24:25.672,ADP.2022-07-08T01:10:02.814,6869.0,6868.54689,6869.54047,6869.54047,brighter_later,9.894,8.739,9.552,5.973,1.599,0.561348,-0.01233,2.796,,low_sensitivity_spectral_edge,feature is in the low-sensitivity edge of the extracted spectrum,,-22.355,-17.384
TOI-1203,ADP.2020-11-20T01:24:25.672,ADP.2022-07-08T01:10:02.814,6869.46,6869.00686,6870.00051,6869.00686,brighter_earlier,8.192,8.192,3.272,5.973,0.548,-0.473425,-0.024214,9.233,,low_sensitivity_spectral_edge,feature is in the low-sensitivity edge of the extracted spectrum,,-15.59,-10.62
TOI-1203,ADP.2020-11-20T01:24:25.672,ADP.2022-07-08T01:10:02.814,6869.56,6869.10685,6870.10052,6870.10052,brighter_later,9.233,9.233,5.837,5.974,0.977,0.535669,-0.164142,8.192,,low_sensitivity_spectral_edge,feature is in the low-sensitivity edge of the extracted spectrum,,-19.58,-14.609
TOI-1203,ADP.2020-11-20T01:24:25.672,ADP.2022-07-08T01:10:02.814,6870.71,6870.25677,6871.25061,6870.25677,brighter_earlier,13.228,13.228,5.305,5.975,0.888,-0.787199,0.002557,2.903,,low_sensitivity_spectral_edge,feature is in the low-sensitivity edge of the extracted spectrum,,-39.218,-34.248
TOI-1203,ADP.2020-11-20T01:24:25.672,ADP.2022-07-08T01:10:02.814,6870.77,6870.31677,6871.31061,6870.31677,brighter_earlier,14.464,14.464,6.575,5.975,1.101,-0.861395,0.004377,0.0,,low_sensitivity_spectral_edge,feature is in the low-sensitivity edge of the extracted spectrum,,-46.689,-41.719
TOI-1203,ADP.2020-11-20T01:24:25.672,ADP.2022-07-08T01:10:02.814,6871.37,6870.91673,6871.91066,6871.91066,brighter_later,12.383,12.34,4.967,5.975,0.831,0.742572,-0.008734,0.0,,low_sensitivity_spectral_edge,feature is in the low-sensitivity edge of the extracted spectrum,,-34.491,-29.52
TOI-1203,ADP.2020-11-20T01:24:25.672,ADP.2022-07-08T01:10:02.814,6871.43,6870.97673,6871.97067,6871.97067,brighter_later,13.149,13.149,5.625,5.975,0.941,0.789052,0.016189,2.051,,low_sensitivity_spectral_edge,feature is in the low-sensitivity edge of the extracted spectrum,,-38.763,-33.793
TOI-1203,ADP.2020-11-20T01:24:25.672,ADP.2022-07-08T01:10:02.814,6872.27,6871.81667,6872.81073,6871.81667,brighter_earlier,14.56,14.56,5.936,5.976,0.993,-0.882085,0.018862,0.0,,low_sensitivity_spectral_edge,feature is in the low-sensitivity edge of the extracted spectrum,,-47.297,-42.327
TOI-1203,ADP.2020-11-20T01:24:25.672,ADP.2022-07-08T01:10:02.814,6872.34,6871.88667,6872.88074,6871.88667,brighter_earlier,13.532,13.442,5.971,5.976,0.999,-0.820468,-0.015504,0.0,,low_sensitivity_spectral_edge,feature is in the low-sensitivity edge of the extracted spectrum,,-40.995,-36.024
TOI-1203,ADP.2020-11-20T01:24:25.672,ADP.2022-07-08T01:10:02.814,6872.67,6872.21664,6873.21076,6873.21076,brighter_later,13.639,13.639,5.582,5.976,0.934,0.830025,0.003761,0.718,,low_sensitivity_spectral_edge,feature is in the low-sensitivity edge of the extracted spectrum,,-41.629,-36.659
TOI-1203,ADP.2020-11-20T01:24:25.672,ADP.2022-07-08T01:10:02.814,6872.74,6872.28664,6873.28077,6873.28077,brighter_later,13.756,13.756,5.594,5.976,0.936,0.837794,0.025935,0.562,,low_sensitivity_spectral_edge,feature is in the low-sensitivity edge of the extracted spectrum,,-42.329,-37.359
TOI-1203,ADP.2020-11-20T01:24:25.672,ADP.2022-07-08T01:10:02.814,6874.08,6873.62655,6874.62087,6873.62655,brighter_earlier,11.951,11.951,5.807,5.977,0.971,-0.738852,-0.071876,9.389,,low_sensitivity_spectral_edge,feature is in the low-sensitivity edge of the extracted spectrum,,-32.193,-27.222
TOI-1203,ADP.2020-11-20T01:24:25.672,ADP.2022-07-08T01:10:02.814,6874.22,6873.76654,6874.76089,6874.76089,brighter_later,9.389,9.389,2.555,5.978,0.427,0.581381,-0.226144,11.951,,low_sensitivity_spectral_edge,feature is in the low-sensitivity edge of the extracted spectrum,,-20.218,-15.247
TOI-1203,ADP.2020-11-20T01:24:25.672,ADP.2022-07-08T01:10:02.814,6874.29,6873.83654,6874.83089,6874.83089,brighter_later,11.958,11.958,5.791,5.978,0.969,0.741028,-0.085451,7.621,,low_sensitivity_spectral_edge,feature is in the low-sensitivity edge of the extracted spectrum,,-32.229,-27.259
TOI-1203,ADP.2020-11-20T01:24:25.672,ADP.2022-07-08T01:10:02.814,6875.15,6874.69648,6875.69096,6875.69096,brighter_later,8.102,8.085,7.112,5.978,1.19,0.506872,-0.251473,5.801,,low_sensitivity_spectral_edge,feature is in the low-sensitivity edge of the extracted spectrum,,-15.267,-10.297
TOI-1203,ADP.2020-11-20T01:24:25.672,ADP.2022-07-08T01:10:02.814,6876.02,6875.56642,6876.56103,6876.56103,brighter_later,11.794,11.794,6.285,5.979,1.051,0.744887,-0.081076,11.294,,low_sensitivity_spectral_edge,feature is in the low-sensitivity edge of the extracted spectrum,,-31.378,-26.407
TOI-1203,ADP.2020-11-20T01:24:25.672,ADP.2022-07-08T01:10:02.814,6876.08,6875.62642,6876.62103,6876.62103,brighter_later,8.541,8.541,2.426,5.979,0.406,0.539743,-0.240892,11.294,,low_sensitivity_spectral_edge,feature is in the low-sensitivity edge of the extracted spectrum,,-16.876,-11.905
TOI-1203,ADP.2020-11-20T01:24:25.672,ADP.2022-07-08T01:10:02.814,6876.15,6875.69642,6876.69104,6875.69642,brighter_earlier,8.415,7.121,2.005,5.979,0.335,-0.532191,-0.267516,11.794,,low_sensitivity_spectral_edge,feature is in the low-sensitivity edge of the extracted spectrum,,-16.406,-11.435
TOI-1203,ADP.2020-11-20T01:24:25.672,ADP.2022-07-08T01:10:02.814,6876.2,6875.74641,6876.74104,6875.74641,brighter_earlier,11.294,11.294,6.013,5.979,1.006,-0.714703,-0.10516,11.794,,low_sensitivity_spectral_edge,feature is in the low-sensitivity edge of the extracted spectrum,,-28.852,-23.882
TOI-1203,ADP.2020-11-20T01:24:25.672,ADP.2022-07-08T01:10:02.814,6877.21,6876.75635,6877.75112,6877.75112,brighter_later,9.802,9.793,5.864,5.98,0.981,0.62704,-0.130584,7.092,,low_sensitivity_spectral_edge,feature is in the low-sensitivity edge of the extracted spectrum,,-21.957,-16.987
TOI-1203,ADP.2020-11-20T01:24:25.672,ADP.2022-07-08T01:10:02.814,6878.07,6877.61629,6878.61119,6878.61119,brighter_later,12.167,12.167,5.308,5.981,0.888,0.785548,-0.008193,0.356,,low_sensitivity_spectral_edge,feature is in the low-sensitivity edge of the extracted spectrum,,-33.332,-28.361
TOI-1203,ADP.2020-11-20T01:24:25.672,ADP.2022-07-08T01:10:02.814,6878.12,6877.66629,6878.66119,6878.66119,brighter_later,12.132,11.884,5.459,5.981,0.913,0.78368,-0.002809,0.0,,low_sensitivity_spectral_edge,feature is in the low-sensitivity edge of the extracted spectrum,,-33.146,-28.175
TOI-1203,ADP.2020-11-20T01:24:25.672,ADP.2022-07-08T01:10:02.814,6878.49,6878.03626,6879.03122,6878.03626,brighter_earlier,12.302,12.302,5.991,5.981,1.002,-0.797819,0.000464,0.248,,low_sensitivity_spectral_edge,feature is in the low-sensitivity edge of the extracted spectrum,,-34.054,-29.083
TOI-1203,ADP.2020-11-20T01:24:25.672,ADP.2022-07-08T01:10:02.814,6879.38,6878.9262,6879.92129,6878.9262,brighter_earlier,8.311,7.827,7.706,5.982,1.288,-0.544023,-0.116289,11.389,,low_sensitivity_spectral_edge,feature is in the low-sensitivity edge of the extracted spectrum,,-16.023,-11.052
TOI-1203,ADP.2020-11-20T01:24:25.672,ADP.2022-07-08T01:10:02.814,6879.48,6879.0262,6880.0213,6880.0213,brighter_later,10.563,10.553,3.369,5.982,0.563,0.692222,-0.078315,8.311,,low_sensitivity_spectral_edge,feature is in the low-sensitivity edge of the extracted spectrum,,-25.354,-20.384
TOI-1203,ADP.2020-11-20T01:24:25.672,ADP.2022-07-08T01:10:02.814,6879.52,6879.06619,6880.0613,6880.0613,brighter_later,11.389,11.389,5.221,5.982,0.873,0.746641,0.053055,8.311,,low_sensitivity_spectral_edge,feature is in the low-sensitivity edge of the extracted spectrum,,-29.324,-24.353
TOI-1203,ADP.2020-11-20T01:24:25.672,ADP.2022-07-08T01:10:02.814,6880.39,6879.93614,6880.93137,6880.93137,brighter_later,10.1,10.08,9.857,5.983,1.647,0.668153,0.011432,1.189,,low_sensitivity_spectral_edge,feature is in the low-sensitivity edge of the extracted spectrum,,-23.258,-18.287
TOI-1203,ADP.2020-11-20T01:24:25.672,ADP.2022-07-08T01:10:02.814,6883.29,6882.83594,6883.8316,6882.83594,brighter_earlier,10.799,10.798,10.598,5.985,1.771,-0.735934,0.012606,0.825,,low_sensitivity_spectral_edge,feature is in the low-sensitivity edge of the extracted spectrum,,-26.458,-21.488
TOI-1203,ADP.2020-11-20T01:24:25.672,ADP.2022-07-08T01:10:02.814,6884.27,6883.81588,6884.81168,6884.81168,brighter_later,10.196,10.185,4.528,5.986,0.756,0.701662,-0.031478,0.551,,low_sensitivity_spectral_edge,feature is in the low-sensitivity edge of the extracted spectrum,,-23.685,-18.714
TOI-1203,ADP.2020-11-20T01:24:25.672,ADP.2022-07-08T01:10:02.814,6884.31,6883.85588,6884.85168,6884.85168,brighter_later,10.45,10.443,5.225,5.986,0.873,0.719457,0.003219,0.379,,low_sensitivity_spectral_edge,feature is in the low-sensitivity edge of the extracted spectrum,,-24.834,-19.864
TOI-1203,ADP.2020-11-20T01:24:25.672,ADP.2022-07-08T01:10:02.814,6885.2,6884.74582,6885.74175,6884.74582,brighter_earlier,11.038,11.038,5.136,5.987,0.858,-0.766686,0.016773,0.54,,low_sensitivity_spectral_edge,feature is in the low-sensitivity edge of the extracted spectrum,,-27.601,-22.631
TOI-1203,ADP.2020-11-20T01:24:25.672,ADP.2022-07-08T01:10:02.814,6885.23,6884.77582,6885.77175,6884.77582,brighter_earlier,10.665,10.665,4.711,5.987,0.787,-0.740967,0.010631,1.029,,low_sensitivity_spectral_edge,feature is in the low-sensitivity edge of the extracted spectrum,,-25.829,-20.858
TOI-1203,ADP.2020-11-20T01:24:25.672,ADP.2022-07-08T01:10:02.814,6887.17,6886.71569,6887.7119,6887.7119,brighter_later,10.376,10.376,5.509,5.989,0.92,0.734724,0.010788,0.743,,low_sensitivity_spectral_edge,feature is in the low-sensitivity edge of the extracted spectrum,,-24.496,-19.526
TOI-1203,ADP.2020-11-20T01:24:25.672,ADP.2022-07-08T01:10:02.814,6887.24,6886.78568,6887.78191,6887.78191,brighter_later,9.74,9.735,4.92,5.989,0.821,0.690125,0.01331,0.534,,low_sensitivity_spectral_edge,feature is in the low-sensitivity edge of the extracted spectrum,,-21.691,-16.721
TOI-1203,ADP.2020-11-20T01:24:25.672,ADP.2022-07-08T01:10:02.814,6888.38,6887.92561,6888.922,6887.92561,brighter_earlier,10.311,10.311,5.099,5.99,0.851,-0.738634,-0.00379,0.571,,low_sensitivity_spectral_edge,feature is in the low-sensitivity edge of the extracted spectrum,,-24.202,-19.231
TOI-1203,ADP.2020-11-20T01:24:25.672,ADP.2022-07-08T01:10:02.814,6888.44,6887.9856,6888.982,6887.9856,brighter_earlier,9.22,9.22,4.497,5.99,0.751,-0.660868,-0.045508,0.562,,low_sensitivity_spectral_edge,feature is in the low-sensitivity edge of the extracted spectrum,,-19.527,-14.557
TOI-1203,ADP.2020-11-20T01:24:25.672,ADP.2022-07-08T01:10:02.814,6890.32,6889.86548,6890.86215,6890.86215,brighter_later,9.702,9.702,5.175,5.992,0.864,0.705489,0.009949,0.717,,low_sensitivity_spectral_edge,feature is in the low-sensitivity edge of the extracted spectrum,,-21.529,-16.559
TOI-1203,ADP.2020-11-20T01:24:25.672,ADP.2022-07-08T01:10:02.814,6890.4,6889.94548,6890.94216,6890.94216,brighter_later,9.919,9.919,5.28,5.992,0.881,0.72117,-0.004653,0.47,,low_sensitivity_spectral_edge,feature is in the low-sensitivity edge of the extracted spectrum,,-22.463,-17.493
TOI-1203,ADP.2020-11-20T01:24:25.672,ADP.2022-07-08T01:10:02.814,6891.8,6891.34538,6892.34227,6891.34538,brighter_earlier,9.875,9.859,4.982,5.993,0.831,-0.716465,-0.008096,0.613,,low_sensitivity_spectral_edge,feature is in the low-sensitivity edge of the extracted spectrum,,-22.272,-17.302
TOI-1203,ADP.2020-11-20T01:24:25.672,ADP.2022-07-08T01:10:02.814,6891.86,6891.40538,6892.40227,6891.40538,brighter_earlier,10.246,10.246,4.822,5.993,0.805,-0.743387,0.012038,1.315,,low_sensitivity_spectral_edge,feature is in the low-sensitivity edge of the extracted spectrum,,-23.909,-18.938
TOI-1203,ADP.2020-11-20T01:24:25.672,ADP.2022-07-08T01:10:02.814,6893.72,6893.26526,6894.26242,6894.26242,brighter_later,9.27,9.27,4.818,5.995,0.804,0.670702,0.001021,0.523,,low_sensitivity_spectral_edge,feature is in the low-sensitivity edge of the extracted spectrum,,-19.73,-14.76
TOI-1203,ADP.2020-11-20T01:24:25.672,ADP.2022-07-08T01:10:02.814,6893.81,6893.35525,6894.35243,6894.35243,brighter_later,9.9,9.899,5.074,5.995,0.846,0.716138,0.016214,0.408,,low_sensitivity_spectral_edge,feature is in the low-sensitivity edge of the extracted spectrum,,-22.381,-17.41
TOI-1203,ADP.2020-11-20T01:24:25.672,ADP.2022-07-08T01:10:02.814,6895.47,6895.01514,6896.01256,6895.01514,brighter_earlier,9.983,9.983,4.963,5.996,0.828,-0.720364,-0.00969,0.803,,low_sensitivity_spectral_edge,feature is in the low-sensitivity edge of the extracted spectrum,,-22.743,-17.772
TOI-1203,ADP.2020-11-20T01:24:25.672,ADP.2022-07-08T01:10:02.814,6895.53,6895.07514,6896.07256,6895.07514,brighter_earlier,9.964,9.964,4.767,5.996,0.795,-0.718976,-0.002701,0.906,,low_sensitivity_spectral_edge,feature is in the low-sensitivity edge of the extracted spectrum,,-22.659,-17.689
TOI-1203,ADP.2020-11-20T01:24:25.672,ADP.2022-07-08T01:10:02.814,6897.38,6896.92501,6897.92271,6897.92271,brighter_later,9.491,9.491,4.663,5.998,0.777,0.682935,0.002932,0.686,,low_sensitivity_spectral_edge,feature is in the low-sensitivity edge of the extracted spectrum,,-20.64,-15.67
TOI-1203,ADP.2020-11-20T01:24:25.672,ADP.2022-07-08T01:10:02.814,6897.47,6897.01501,6898.01271,6898.01271,brighter_later,9.313,9.302,4.721,5.998,0.787,0.670041,-0.001756,0.494,,low_sensitivity_spectral_edge,feature is in the low-sensitivity edge of the extracted spectrum,,-19.906,-14.935
TOI-1203,ADP.2020-11-20T01:24:25.672,ADP.2022-07-08T01:10:02.814,6899.38,6898.92488,6899.92287,6898.92488,brighter_earlier,9.556,9.556,4.29,5.999,0.715,-0.685583,-0.01286,0.826,,low_sensitivity_spectral_edge,feature is in the low-sensitivity edge of the extracted spectrum,,-20.912,-15.942
TOI-1203,ADP.2020-11-20T01:24:25.672,ADP.2022-07-08T01:10:02.814,6899.44,6898.98488,6899.98287,6898.98488,brighter_earlier,10.262,10.262,4.655,6.0,0.776,-0.736165,0.00432,0.796,,low_sensitivity_spectral_edge,feature is in the low-sensitivity edge of the extracted spectrum,,-23.981,-19.01
TOI-1203,ADP.2020-11-20T01:24:25.672,ADP.2022-07-08T01:10:02.814,6900.3,6899.84482,6900.84294,6899.84482,brighter_earlier,8.762,8.668,5.164,6.0,0.861,-0.627719,-0.136731,8.511,,low_sensitivity_spectral_edge,feature is in the low-sensitivity edge of the extracted spectrum,,-17.717,-12.747
TOI-1203,ADP.2020-11-20T01:24:25.672,ADP.2022-07-08T01:10:02.814,6900.45,6899.99481,6900.99295,6900.99295,brighter_later,8.511,8.505,5.307,6.0,0.884,0.609587,-0.14373,8.762,,low_sensitivity_spectral_edge,feature is in the low-sensitivity edge of the extracted spectrum,,-16.763,-11.793
TOI-1203,ADP.2020-11-20T01:24:25.672,ADP.2022-07-08T01:10:02.814,6901.29,6900.83476,6901.83302,6901.83302,brighter_later,9.813,9.813,4.478,6.001,0.746,0.701992,0.013802,0.704,,low_sensitivity_spectral_edge,feature is in the low-sensitivity edge of the extracted spectrum,,-22.004,-17.034
TOI-1203,ADP.2020-11-20T01:24:25.672,ADP.2022-07-08T01:10:02.814,6901.37,6900.91475,6901.91302,6901.91302,brighter_later,9.638,9.635,4.804,6.001,0.801,0.689401,0.00271,0.583,,low_sensitivity_spectral_edge,feature is in the low-sensitivity edge of the extracted spectrum,,-21.258,-16.287
TOI-1203,ADP.2020-11-20T01:24:25.672,ADP.2022-07-08T01:10:02.814,6903.55,6903.09461,6904.09319,6903.09461,brighter_earlier,9.702,9.702,4.051,6.003,0.675,-0.691731,0.003157,0.867,,low_sensitivity_spectral_edge,feature is in the low-sensitivity edge of the extracted spectrum,,-21.529,-16.559
TOI-1203,ADP.2020-11-20T01:24:25.672,ADP.2022-07-08T01:10:02.814,6903.6,6903.1446,6904.1432,6903.1446,brighter_earlier,9.966,9.966,4.55,6.003,0.758,-0.710449,0.006851,0.846,,low_sensitivity_spectral_edge,feature is in the low-sensitivity edge of the extracted spectrum,,-22.668,-17.698
TOI-1203,ADP.2020-11-20T01:24:25.672,ADP.2022-07-08T01:10:02.814,6904.46,6904.00455,6905.00326,6904.00455,brighter_earlier,8.568,8.554,5.117,6.004,0.852,-0.610008,-0.148341,9.262,,low_sensitivity_spectral_edge,feature is in the low-sensitivity edge of the extracted spectrum,,-16.978,-12.007
TOI-1203,ADP.2020-11-20T01:24:25.672,ADP.2022-07-08T01:10:02.814,6904.61,6904.15454,6905.15328,6905.15328,brighter_later,9.262,9.226,4.515,6.004,0.752,0.659298,-0.080609,8.568,,low_sensitivity_spectral_edge,feature is in the low-sensitivity edge of the extracted spectrum,,-19.698,-14.727
TOI-1203,ADP.2020-11-20T01:24:25.672,ADP.2022-07-08T01:10:02.814,6905.45,6904.99448,6905.99334,6905.99334,brighter_later,9.603,9.603,4.585,6.005,0.764,0.682683,-0.002124,0.984,,low_sensitivity_spectral_edge,feature is in the low-sensitivity edge of the extracted spectrum,,-21.11,-16.139
TOI-1203,ADP.2020-11-20T01:24:25.672,ADP.2022-07-08T01:10:02.814,6905.52,6905.06448,6906.06335,6906.06335,brighter_later,8.916,8.913,4.435,6.005,0.739,0.633802,-0.055801,0.912,,low_sensitivity_spectral_edge,feature is in the low-sensitivity edge of the extracted spectrum,,-18.316,-13.345
TOI-1203,ADP.2020-11-20T01:24:25.672,ADP.2022-07-08T01:10:02.814,6907.97,6907.51432,6908.51354,6907.51432,brighter_earlier,9.4,9.4,3.92,6.007,0.653,-0.665711,-0.002853,1.095,,low_sensitivity_spectral_edge,feature is in the low-sensitivity edge of the extracted spectrum,,-20.263,-15.293
TOI-1203,ADP.2020-11-20T01:24:25.672,ADP.2022-07-08T01:10:02.814,6908.01,6907.55431,6908.55354,6907.55431,brighter_earlier,9.408,9.402,4.319,6.007,0.719,-0.666213,-0.019453,1.018,,low_sensitivity_spectral_edge,feature is in the low-sensitivity edge of the extracted spectrum,,-20.296,-15.326
TOI-1203,ADP.2020-11-20T01:24:25.672,ADP.2022-07-08T01:10:02.814,6908.87,6908.41426,6909.41361,6908.41426,brighter_earlier,9.461,9.461,4.637,6.008,0.772,-0.669098,-0.083527,9.787,,low_sensitivity_spectral_edge,feature is in the low-sensitivity edge of the extracted spectrum,,-20.516,-15.545
TOI-1203,ADP.2020-11-20T01:24:25.672,ADP.2022-07-08T01:10:02.814,6908.9,6908.44426,6909.44361,6908.44426,brighter_earlier,8.909,8.909,2.784,6.008,0.463,-0.630052,-0.148161,9.787,,low_sensitivity_spectral_edge,feature is in the low-sensitivity edge of the extracted spectrum,,-18.288,-13.318
TOI-1203,ADP.2020-11-20T01:24:25.672,ADP.2022-07-08T01:10:02.814,6908.97,6908.51425,6909.51362,6909.51362,brighter_later,8.012,7.729,2.072,6.008,0.345,0.566522,-0.167583,9.461,,low_sensitivity_spectral_edge,feature is in the low-sensitivity edge of the extracted spectrum,,-14.947,-9.977
TOI-1203,ADP.2020-11-20T01:24:25.672,ADP.2022-07-08T01:10:02.814,6909.02,6908.56425,6909.56362,6909.56362,brighter_later,9.787,9.73,4.559,6.008,0.759,0.692025,-0.049761,9.461,,low_sensitivity_spectral_edge,feature is in the low-sensitivity edge of the extracted spectrum,,-21.893,-16.922
TOI-1203,ADP.2020-11-20T01:24:25.672,ADP.2022-07-08T01:10:02.814,6909.87,6909.41419,6910.41369,6910.41369,brighter_later,10.118,10.118,4.199,6.009,0.699,0.71448,0.002295,1.105,,low_sensitivity_spectral_edge,feature is in the low-sensitivity edge of the extracted spectrum,,-23.338,-18.367
TOI-1203,ADP.2020-11-20T01:24:25.672,ADP.2022-07-08T01:10:02.814,6909.91,6909.45419,6910.45369,6910.45369,brighter_later,10.743,10.677,4.275,6.009,0.712,0.758557,0.018727,1.099,,low_sensitivity_spectral_edge,feature is in the low-sensitivity edge of the extracted spectrum,,-26.194,-21.224
TOI-1233,ADP.2020-12-23T01:06:55.617,ADP.2021-05-26T01:01:31.042,3879.47,3879.22247,3879.61516,3879.61516,brighter_later,9.089,9.089,1.35,3.373,0.4,0.474308,0.370469,1.975,,low_sensitivity_spectral_edge,feature is in the low-sensitivity edge of the extracted spectrum,,-19.0,-14.03
TOI-1233,ADP.2020-12-23T01:06:55.617,ADP.2021-05-26T01:01:31.042,3936.33,3936.07884,3936.47729,3936.07884,brighter_earlier,14.636,14.636,2.944,3.423,0.86,-0.766073,0.83105,2.094,,low_sensitivity_spectral_edge,feature is in the low-sensitivity edge of the extracted spectrum,,-47.781,-42.811
TOI-1233,ADP.2020-12-23T01:06:55.617,ADP.2021-05-26T01:01:31.042,4119.73,4119.46714,4119.88415,4119.88415,brighter_later,22.536,22.536,2.335,3.582,0.652,0.523135,0.557002,2.155,,likely_single_pixel_or_cosmic_ray,feature is narrower than the instrumental line-spread function,,-111.735,-106.764
TOI-1233,ADP.2020-12-23T01:06:55.617,ADP.2021-05-26T01:01:31.042,4261.23,4260.95811,4261.38944,4260.95811,brighter_earlier,15.908,15.908,1.977,3.705,0.533,-0.321307,0.006339,1.477,,likely_single_pixel_or_cosmic_ray,feature is narrower than the instrumental line-spread function,,-56.254,-51.283
TOI-1233,ADP.2020-12-23T01:06:55.617,ADP.2021-05-26T01:01:31.042,4360.31,4360.03179,4360.47315,4360.47315,brighter_later,9.74,9.74,5.279,3.792,1.392,0.173373,0.200538,1.769,,follow_up_required,instrument-width bright feature in one epoch; cosmic ray remains unexcluded,,-21.691,-16.721
TOI-1233,ADP.2020-12-23T01:06:55.617,ADP.2021-05-26T01:01:31.042,4487.24,4486.95369,4487.4079,4486.95369,brighter_earlier,29.035,29.035,1.608,3.902,0.412,-0.454437,0.438252,2.757,,likely_single_pixel_or_cosmic_ray,feature is narrower than the instrumental line-spread function,,-184.623,-179.653
TOI-1233,ADP.2020-12-23T01:06:55.617,ADP.2021-05-26T01:01:31.042,4926.36,4926.04567,4926.54433,4926.04567,brighter_earlier,17.508,17.508,2.068,4.284,0.483,-0.241073,0.224379,2.155,,likely_single_pixel_or_cosmic_ray,feature is narrower than the instrumental line-spread function,,-67.905,-62.934
TOI-1233,ADP.2020-12-23T01:06:55.617,ADP.2021-05-26T01:01:31.042,4952.31,4951.99402,4952.4953,4952.4953,brighter_later,23.885,23.885,1.925,4.306,0.447,0.303663,0.31913,2.544,,likely_single_pixel_or_cosmic_ray,feature is narrower than the instrumental line-spread function,,-125.358,-120.387
TOI-1233,ADP.2020-12-23T01:06:55.617,ADP.2021-05-26T01:01:31.042,5011.52,5011.20024,5011.70752,5011.70752,brighter_later,18.412,18.412,2.369,4.358,0.544,0.236612,0.237752,2.69,,likely_single_pixel_or_cosmic_ray,feature is narrower than the instrumental line-spread function,,-74.978,-70.007
TOI-1233,ADP.2020-12-23T01:06:55.617,ADP.2021-05-26T01:01:31.042,5113.27,5112.94375,5113.46132,5112.94375,brighter_earlier,21.404,21.404,1.884,4.446,0.424,-0.274171,0.297897,2.385,,likely_single_pixel_or_cosmic_ray,feature is narrower than the instrumental line-spread function,,-100.911,-95.941
TOI-1233,ADP.2020-12-23T01:06:55.617,ADP.2021-05-26T01:01:31.042,5241.85,5241.51554,5242.04613,5242.04613,brighter_later,25.924,25.924,2.027,4.558,0.445,0.329807,0.348424,2.077,,likely_single_pixel_or_cosmic_ray,feature is narrower than the instrumental line-spread function,,-147.447,-142.476
TOI-1233,ADP.2020-12-23T01:06:55.617,ADP.2021-05-26T01:01:31.042,5702.67,5702.30614,5702.88338,5702.30614,brighter_earlier,20.241,20.241,2.241,4.959,0.452,-0.27393,0.179603,3.045,,likely_single_pixel_or_cosmic_ray,feature is narrower than the instrumental line-spread function,,-90.37,-85.4
TOI-1233,ADP.2020-12-23T01:06:55.617,ADP.2021-05-26T01:01:31.042,5712.14,5711.77554,5712.35373,5711.77554,brighter_earlier,10.077,10.068,3.296,4.967,0.663,-0.134049,-0.077417,1.691,,likely_single_pixel_or_cosmic_ray,feature is narrower than the instrumental line-spread function,,-23.156,-18.185
TOI-1233,ADP.2020-12-23T01:06:55.617,ADP.2021-05-26T01:01:31.042,5713.59,5713.22544,5713.80379,5713.22544,brighter_earlier,8.111,8.084,1.964,4.968,0.395,-0.10767,0.098744,1.884,,likely_single_pixel_or_cosmic_ray,feature is narrower than the instrumental line-spread function,,-15.299,-10.329
TOI-1233,ADP.2020-12-23T01:06:55.617,ADP.2021-05-26T01:01:31.042,5714.44,5714.07539,5714.65382,5714.65382,brighter_later,11.349,11.347,2.512,4.969,0.505,0.150481,0.093982,1.65,,likely_single_pixel_or_cosmic_ray,feature is narrower than the instrumental line-spread function,,-29.125,-24.154
TOI-1233,ADP.2020-12-23T01:06:55.617,ADP.2021-05-26T01:01:31.042,5901.84,5901.46343,5902.06083,5902.06083,brighter_later,8.562,8.561,6.874,5.132,1.339,0.145087,-0.025683,1.928,,likely_stellar_absorption_variability,difference does not form a bright line above the local spectrum,,-16.955,-11.984
TOI-1233,ADP.2020-12-23T01:06:55.617,ADP.2021-05-26T01:01:31.042,6077.19,6076.80224,6077.41739,6077.41739,brighter_later,28.199,28.198,2.008,5.285,0.38,0.379321,0.361906,3.44,,likely_single_pixel_or_cosmic_ray,feature is narrower than the instrumental line-spread function,,-174.221,-169.25
TOI-1233,ADP.2020-12-23T01:06:55.617,ADP.2021-05-26T01:01:31.042,6079.6,6079.21209,6079.82748,6079.82748,brighter_later,10.167,10.166,1.847,5.287,0.349,0.138082,0.145622,1.658,,likely_single_pixel_or_cosmic_ray,feature is narrower than the instrumental line-spread function,,-23.555,-18.585
TOI-1233,ADP.2020-12-23T01:06:55.617,ADP.2021-05-26T01:01:31.042,6137.94,6137.54837,6138.16966,6138.16966,brighter_later,36.164,36.164,1.689,5.337,0.316,0.473684,0.454224,7.871,,likely_single_pixel_or_cosmic_ray,feature is narrower than the instrumental line-spread function,,-285.649,-280.679
TOI-1233,ADP.2020-12-23T01:06:55.617,ADP.2021-05-26T01:01:31.042,6138.87,6138.47831,6139.0997,6138.47831,brighter_earlier,24.635,24.633,2.116,5.338,0.396,-0.323805,0.270233,2.436,,likely_single_pixel_or_cosmic_ray,feature is narrower than the instrumental line-spread function,,-133.273,-128.303
TOI-1233,ADP.2020-12-23T01:06:55.617,ADP.2021-05-26T01:01:31.042,6276.37,6275.96953,6276.60484,6275.96953,brighter_earlier,9.2,8.945,9.016,5.458,1.652,-0.179585,-0.010686,2.781,,likely_stellar_absorption_variability,difference does not form a bright line above the local spectrum,,-19.446,-14.476
TOI-1233,ADP.2020-12-23T01:06:55.617,ADP.2021-05-26T01:01:31.042,6276.57,6276.16952,6276.80485,6276.16952,brighter_earlier,8.356,7.972,6.41,5.458,1.174,-0.163482,0.013795,1.985,,likely_stellar_absorption_variability,difference does not form a bright line above the local spectrum,,-16.188,-11.217
TOI-1233,ADP.2020-12-23T01:06:55.617,ADP.2021-05-26T01:01:31.042,6277.0,6276.59949,6277.23487,6277.23487,brighter_later,12.956,12.907,7.678,5.458,1.407,0.254671,0.043138,9.731,,likely_stellar_absorption_variability,difference does not form a bright line above the local spectrum,,-37.663,-32.692
TOI-1233,ADP.2020-12-23T01:06:55.617,ADP.2021-05-26T01:01:31.042,6277.08,6276.67949,6277.31487,6276.67949,brighter_earlier,9.731,8.246,4.577,5.458,0.839,-0.191438,0.056093,12.956,,likely_stellar_absorption_variability,difference does not form a bright line above the local spectrum,,-21.653,-16.682
TOI-1233,ADP.2020-12-23T01:06:55.617,ADP.2021-05-26T01:01:31.042,6277.41,6277.00947,6277.64488,6277.00947,brighter_earlier,9.285,9.053,5.978,5.459,1.095,-0.18333,0.021428,3.185,,likely_stellar_absorption_variability,difference does not form a bright line above the local spectrum,,-19.791,-14.821
TOI-1233,ADP.2020-12-23T01:06:55.617,ADP.2021-05-26T01:01:31.042,6277.71,6277.30945,6277.94489,6277.94489,brighter_later,12.246,12.106,7.483,5.459,1.371,0.242592,0.030918,10.416,,likely_stellar_absorption_variability,difference does not form a bright line above the local spectrum,,-33.753,-28.783
TOI-1233,ADP.2020-12-23T01:06:55.617,ADP.2021-05-26T01:01:31.042,6277.88,6277.47944,6278.1149,6277.47944,brighter_earlier,10.416,10.17,8.659,5.459,1.586,-0.206714,0.006575,12.246,,likely_stellar_absorption_variability,difference does not form a bright line above the local spectrum,,-24.679,-19.708
TOI-1233,ADP.2020-12-23T01:06:55.617,ADP.2021-05-26T01:01:31.042,6278.04,6277.63943,6278.27491,6278.27491,brighter_later,10.338,9.855,5.255,5.459,0.963,0.205537,0.060326,10.416,,likely_alignment_or_line_profile_change,nearby opposite-sign residual is characteristic of a shifted or changing line,,-24.324,-19.353
TOI-1233,ADP.2020-12-23T01:06:55.617,ADP.2021-05-26T01:01:31.042,6278.5,6278.0994,6278.73492,6278.73492,brighter_later,18.436,18.436,10.389,5.46,1.903,0.368359,0.025112,13.339,,likely_stellar_line_profile_change,feature is substantially broader than an unresolved HARPS line,,-75.17,-70.2
TOI-1233,ADP.2020-12-23T01:06:55.617,ADP.2021-05-26T01:01:31.042,6278.65,6278.24939,6278.88493,6278.24939,brighter_earlier,13.339,12.103,6.443,5.46,1.18,-0.266943,0.077075,18.436,,likely_alignment_or_line_profile_change,nearby opposite-sign residual is characteristic of a shifted or changing line,,-39.862,-34.892
TOI-1233,ADP.2020-12-23T01:06:55.617,ADP.2021-05-26T01:01:31.042,6278.86,6278.45938,6279.09494,6278.45938,brighter_earlier,14.944,14.83,8.475,5.46,1.552,-0.299736,0.005349,1.267,,likely_stellar_absorption_variability,difference does not form a bright line above the local spectrum,,-49.768,-44.798
TOI-1233,ADP.2020-12-23T01:06:55.617,ADP.2021-05-26T01:01:31.042,6279.27,6278.86935,6279.50495,6279.50495,brighter_later,11.667,11.528,7.828,5.46,1.434,0.235053,-0.005111,1.523,,likely_stellar_absorption_variability,difference does not form a bright line above the local spectrum,,-30.726,-25.755
TOI-1233,ADP.2020-12-23T01:06:55.617,ADP.2021-05-26T01:01:31.042,6279.49,6279.08934,6279.72496,6279.72496,brighter_later,14.621,14.591,7.361,5.46,1.348,0.295252,0.036084,12.086,,likely_stellar_absorption_variability,difference does not form a bright line above the local spectrum,,-47.685,-42.715
TOI-1233,ADP.2020-12-23T01:06:55.617,ADP.2021-05-26T01:01:31.042,6279.66,6279.25933,6279.89497,6279.25933,brighter_earlier,12.086,11.745,6.198,5.461,1.135,-0.244509,-0.035223,14.621,,likely_stellar_absorption_variability,difference does not form a bright line above the local spectrum,,-32.902,-27.932
TOI-1233,ADP.2020-12-23T01:06:55.617,ADP.2021-05-26T01:01:31.042,6280.15,6279.74929,6280.38498,6279.74929,brighter_earlier,12.635,12.399,7.527,5.461,1.378,-0.256941,-0.033088,13.488,,likely_stellar_absorption_variability,difference does not form a bright line above the local spectrum,,-35.868,-30.898
TOI-1233,ADP.2020-12-23T01:06:55.617,ADP.2021-05-26T01:01:31.042,6280.29,6279.88928,6280.52499,6280.52499,brighter_later,13.488,13.467,7.92,5.461,1.45,0.274698,0.051012,12.635,,likely_stellar_absorption_variability,difference does not form a bright line above the local spectrum,,-40.735,-35.765
TOI-1233,ADP.2020-12-23T01:06:55.617,ADP.2021-05-26T01:01:31.042,6280.8,6280.39925,6281.03501,6281.03501,brighter_later,14.194,14.178,6.9,5.462,1.263,0.290642,0.031142,9.262,,likely_stellar_absorption_variability,difference does not form a bright line above the local spectrum,,-45.001,-40.03
TOI-1233,ADP.2020-12-23T01:06:55.617,ADP.2021-05-26T01:01:31.042,6280.95,6280.54924,6281.18501,6280.54924,brighter_earlier,9.262,8.955,7.53,5.462,1.379,-0.189944,-0.208696,14.194,,likely_stellar_absorption_variability,difference does not form a bright line above the local spectrum,,-19.698,-14.727
TOI-1233,ADP.2020-12-23T01:06:55.617,ADP.2021-05-26T01:01:31.042,6281.58,6281.1792,6281.81504,6281.81504,brighter_later,11.008,10.915,7.442,5.462,1.362,0.227264,-0.001927,11.266,,likely_stellar_absorption_variability,difference does not form a bright line above the local spectrum,,-27.456,-22.486
TOI-1233,ADP.2020-12-23T01:06:55.617,ADP.2021-05-26T01:01:31.042,6281.71,6281.30919,6281.94504,6281.30919,brighter_earlier,11.266,11.231,8.068,5.462,1.477,-0.232893,0.023701,11.008,,likely_stellar_absorption_variability,difference does not form a bright line above the local spectrum,,-28.714,-23.744
TOI-1233,ADP.2020-12-23T01:06:55.617,ADP.2021-05-26T01:01:31.042,6282.36,6281.95915,6282.59507,6282.59507,brighter_later,11.31,11.289,7.733,5.463,1.416,0.235396,0.014519,8.182,,likely_stellar_absorption_variability,difference does not form a bright line above the local spectrum,,-28.931,-23.961
TOI-1233,ADP.2020-12-23T01:06:55.617,ADP.2021-05-26T01:01:31.042,6282.48,6282.07915,6282.71507,6282.07915,brighter_earlier,8.182,7.819,7.292,5.463,1.335,-0.170496,0.005886,11.31,,likely_stellar_absorption_variability,difference does not form a bright line above the local spectrum,,-15.554,-10.584
TOI-1233,ADP.2020-12-23T01:06:55.617,ADP.2021-05-26T01:01:31.042,6283.13,6282.7291,6283.3651,6283.3651,brighter_later,9.051,9.025,6.166,5.464,1.129,0.189877,-0.009647,1.349,,likely_stellar_absorption_variability,difference does not form a bright line above the local spectrum,,-18.849,-13.878
TOI-1233,ADP.2020-12-23T01:06:55.617,ADP.2021-05-26T01:01:31.042,6283.57,6283.16908,6283.80511,6283.16908,brighter_earlier,8.284,8.267,6.704,5.464,1.227,-0.174578,0.016235,0.858,,likely_stellar_absorption_variability,difference does not form a bright line above the local spectrum,,-15.924,-10.953
TOI-1233,ADP.2020-12-23T01:06:55.617,ADP.2021-05-26T01:01:31.042,6288.77,6288.36874,6289.00531,6289.00531,brighter_later,18.24,18.24,2.264,5.468,0.414,0.404858,0.406031,2.149,,likely_single_pixel_or_cosmic_ray,feature is narrower than the instrumental line-spread function,,-73.605,-68.634
TOI-1233,ADP.2020-12-23T01:06:55.617,ADP.2021-05-26T01:01:31.042,6289.79,6289.38868,6290.02535,6290.02535,brighter_later,8.112,8.109,8.037,5.469,1.469,0.181838,0.004499,6.936,,likely_stellar_absorption_variability,difference does not form a bright line above the local spectrum,,-15.303,-10.332
TOI-1233,ADP.2020-12-23T01:06:55.617,ADP.2021-05-26T01:01:31.042,6289.98,6289.57867,6290.21535,6289.57867,brighter_earlier,9.946,9.944,7.671,5.47,1.402,-0.223353,0.027213,6.459,,likely_stellar_absorption_variability,difference does not form a bright line above the local spectrum,,-22.581,-17.61
TOI-1233,ADP.2020-12-23T01:06:55.617,ADP.2021-05-26T01:01:31.042,6290.63,6290.22863,6290.86538,6290.86538,brighter_later,10.244,10.237,6.902,5.47,1.262,0.227954,0.004461,1.863,,likely_stellar_absorption_variability,difference does not form a bright line above the local spectrum,,-23.9,-18.929
TOI-1233,ADP.2020-12-23T01:06:55.617,ADP.2021-05-26T01:01:31.042,6291.92,6291.51854,6292.15543,6291.51854,brighter_earlier,9.115,9.087,7.542,5.471,1.378,-0.198936,-0.001474,1.692,,likely_stellar_absorption_variability,difference does not form a bright line above the local spectrum,,-19.104,-14.134
TOI-1233,ADP.2020-12-23T01:06:55.617,ADP.2021-05-26T01:01:31.042,6292.57,6292.1685,6292.80545,6292.80545,brighter_later,11.591,11.354,6.839,5.472,1.25,0.250497,0.037634,13.038,,likely_stellar_absorption_variability,difference does not form a bright line above the local spectrum,,-30.339,-25.369
TOI-1233,ADP.2020-12-23T01:06:55.617,ADP.2021-05-26T01:01:31.042,6292.72,6292.31849,6292.95546,6292.31849,brighter_earlier,13.038,13.036,7.713,5.472,1.41,-0.281125,0.03101,11.591,,likely_stellar_absorption_variability,difference does not form a bright line above the local spectrum,,-38.129,-33.158
TOI-1233,ADP.2020-12-23T01:06:55.617,ADP.2021-05-26T01:01:31.042,6293.36,6292.95845,6293.59548,6293.59548,brighter_later,12.903,12.901,7.096,5.472,1.297,0.275465,-0.008006,0.846,,likely_stellar_absorption_variability,difference does not form a bright line above the local spectrum,,-37.364,-32.393
TOI-1233,ADP.2020-12-23T01:06:55.617,ADP.2021-05-26T01:01:31.042,6294.94,6294.53835,6295.17554,6294.53835,brighter_earlier,11.032,11.026,7.256,5.474,1.326,-0.22977,-0.002976,1.743,,likely_stellar_absorption_variability,difference does not form a bright line above the local spectrum,,-27.572,-22.602
TOI-1233,ADP.2020-12-23T01:06:55.617,ADP.2021-05-26T01:01:31.042,6295.59,6295.18831,6295.82556,6295.82556,brighter_later,13.564,13.15,7.299,5.474,1.333,0.279579,0.026651,14.01,,likely_stellar_absorption_variability,difference does not form a bright line above the local spectrum,,-41.184,-36.213
TOI-1233,ADP.2020-12-23T01:06:55.617,ADP.2021-05-26T01:01:31.042,6295.72,6295.3183,6295.95557,6295.3183,brighter_earlier,14.01,13.993,7.445,5.475,1.36,-0.28816,0.032606,13.564,,likely_stellar_absorption_variability,difference does not form a bright line above the local spectrum,,-43.868,-38.898
TOI-1233,ADP.2020-12-23T01:06:55.617,ADP.2021-05-26T01:01:31.042,6296.36,6295.95826,6296.59559,6296.59559,brighter_later,15.019,15.019,6.278,5.475,1.147,0.305749,0.005418,1.395,,likely_stellar_absorption_variability,difference does not form a bright line above the local spectrum,,-50.259,-45.288
TOI-1233,ADP.2020-12-23T01:06:55.617,ADP.2021-05-26T01:01:31.042,6298.22,6297.81814,6298.45566,6297.81814,brighter_earlier,9.357,9.3,7.11,5.477,1.298,-0.184715,-0.183586,0.669,,likely_stellar_absorption_variability,difference does not form a bright line above the local spectrum,,-20.086,-15.115
TOI-1233,ADP.2020-12-23T01:06:55.617,ADP.2021-05-26T01:01:31.042,6298.86,6298.4581,6299.09568,6299.09568,brighter_later,14.28,14.263,7.424,5.477,1.355,0.278878,0.013066,13.925,,likely_stellar_absorption_variability,difference does not form a bright line above the local spectrum,,-45.535,-40.565
TOI-1233,ADP.2020-12-23T01:06:55.617,ADP.2021-05-26T01:01:31.042,6298.99,6298.58809,6299.22569,6298.58809,brighter_earlier,13.925,13.656,7.279,5.477,1.329,-0.271357,0.024763,14.28,,likely_stellar_absorption_variability,difference does not form a bright line above the local spectrum,,-43.35,-38.38
TOI-1233,ADP.2020-12-23T01:06:55.617,ADP.2021-05-26T01:01:31.042,6299.63,6299.22805,6299.86571,6299.86571,brighter_later,14.398,14.393,6.862,5.478,1.253,0.277522,-0.002175,1.42,,likely_stellar_absorption_variability,difference does not form a bright line above the local spectrum,,-46.274,-41.303
TOI-1233,ADP.2020-12-23T01:06:55.617,ADP.2021-05-26T01:01:31.042,6301.76,6301.35791,6301.99579,6301.35791,brighter_earlier,8.623,8.61,6.812,5.48,1.243,-0.160136,-0.075749,0.931,,likely_stellar_absorption_variability,difference does not form a bright line above the local spectrum,,-17.186,-12.215
TOI-1233,ADP.2020-12-23T01:06:55.617,ADP.2021-05-26T01:01:31.042,6302.4,6301.99787,6302.63582,6302.63582,brighter_later,13.45,12.313,6.677,5.48,1.218,0.246926,0.009257,13.893,,likely_stellar_absorption_variability,difference does not form a bright line above the local spectrum,,-40.512,-35.541
TOI-1233,ADP.2020-12-23T01:06:55.617,ADP.2021-05-26T01:01:31.042,6302.53,6302.12787,6302.76582,6302.12787,brighter_earlier,13.893,13.855,6.788,5.48,1.239,-0.25446,0.039495,13.45,,likely_stellar_absorption_variability,difference does not form a bright line above the local spectrum,,-43.156,-38.185
TOI-1233,ADP.2020-12-23T01:06:55.617,ADP.2021-05-26T01:01:31.042,6303.17,6302.76782,6303.40585,6303.40585,brighter_later,14.349,14.343,7.19,5.481,1.312,0.25978,0.005336,1.759,,likely_stellar_absorption_variability,difference does not form a bright line above the local spectrum,,-45.966,-40.996
TOI-1233,ADP.2020-12-23T01:06:55.617,ADP.2021-05-26T01:01:31.042,6305.57,6305.16767,6305.80594,6305.16767,brighter_earlier,9.765,9.751,7.659,5.483,1.397,-0.169033,-0.005323,2.144,,likely_stellar_absorption_variability,difference does not form a bright line above the local spectrum,,-21.798,-16.828
TOI-1233,ADP.2020-12-23T01:06:55.617,ADP.2021-05-26T01:01:31.042,6306.22,6305.81763,6306.45596,6306.45596,brighter_later,12.442,12.408,6.743,5.484,1.23,0.212688,0.013917,11.382,,likely_stellar_absorption_variability,difference does not form a bright line above the local spectrum,,-34.811,-29.84
TOI-1233,ADP.2020-12-23T01:06:55.617,ADP.2021-05-26T01:01:31.042,6306.33,6305.92762,6306.56596,6305.92762,brighter_earlier,11.382,11.065,7.341,5.484,1.339,-0.194166,0.011196,12.442,,likely_stellar_absorption_variability,difference does not form a bright line above the local spectrum,,-29.289,-24.318
TOI-1233,ADP.2020-12-23T01:06:55.617,ADP.2021-05-26T01:01:31.042,6306.97,6306.56758,6307.20599,6307.20599,brighter_later,13.045,13.045,7.027,5.484,1.281,0.219773,0.000544,1.713,,likely_stellar_absorption_variability,difference does not form a bright line above the local spectrum,,-38.168,-33.198
TOI-1233,ADP.2020-12-23T01:06:55.617,ADP.2021-05-26T01:01:31.042,6309.66,6309.25741,6309.89609,6309.25741,brighter_earlier,9.03,9.024,5.905,5.487,1.076,-0.144085,0.012603,1.793,,likely_stellar_absorption_variability,difference does not form a bright line above the local spectrum,,-18.765,-13.795
TOI-1233,ADP.2020-12-23T01:06:55.617,ADP.2021-05-26T01:01:31.042,6310.29,6309.88737,6310.52611,6310.52611,brighter_later,9.474,9.181,6.065,5.487,1.105,0.150037,-0.014181,9.627,,likely_stellar_absorption_variability,difference does not form a bright line above the local spectrum,,-20.57,-15.599
TOI-1233,ADP.2020-12-23T01:06:55.617,ADP.2021-05-26T01:01:31.042,6310.42,6310.01736,6310.65612,6310.01736,brighter_earlier,9.627,9.624,6.852,5.487,1.249,-0.152427,0.066441,9.474,,likely_alignment_or_line_profile_change,nearby opposite-sign residual is characteristic of a shifted or changing line,,-21.211,-16.241
TOI-1233,ADP.2020-12-23T01:06:55.617,ADP.2021-05-26T01:01:31.042,6311.05,6310.64732,6311.28614,6311.28614,brighter_later,10.032,10.031,6.795,5.488,1.238,0.15868,0.0041,1.827,,likely_stellar_absorption_variability,difference does not form a bright line above the local spectrum,,-22.958,-17.987
TOI-1233,ADP.2020-12-23T01:06:55.617,ADP.2021-05-26T01:01:31.042,6393.48,6393.07206,6393.71923,6393.71923,brighter_later,11.704,11.701,2.319,5.56,0.417,0.164251,0.169925,2.475,,likely_single_pixel_or_cosmic_ray,feature is narrower than the instrumental line-spread function,,-30.915,-25.945
TOI-1233,ADP.2020-12-23T01:06:55.617,ADP.2021-05-26T01:01:31.042,6398.04,6397.63177,6398.2794,6398.2794,brighter_later,26.896,26.896,1.733,5.564,0.311,0.384536,0.398125,4.399,,likely_single_pixel_or_cosmic_ray,feature is narrower than the instrumental line-spread function,,-158.612,-153.641
TOI-1233,ADP.2020-12-23T01:06:55.617,ADP.2021-05-26T01:01:31.042,6491.19,6490.77583,6491.43288,6491.43288,brighter_later,9.359,9.358,7.267,5.645,1.288,0.15379,0.027492,0.539,,likely_stellar_absorption_variability,difference does not form a bright line above the local spectrum,,-20.094,-15.124
TOI-1233,ADP.2020-12-23T01:06:55.617,ADP.2021-05-26T01:01:31.042,6515.15,6514.7343,6515.39378,6515.39378,brighter_later,9.457,9.456,7.239,5.665,1.278,0.14658,-0.009163,1.819,,likely_stellar_absorption_variability,difference does not form a bright line above the local spectrum,,-20.499,-15.528
TOI-1233,ADP.2020-12-23T01:06:55.617,ADP.2021-05-26T01:01:31.042,6532.77,6532.35318,6533.01444,6533.01444,brighter_later,9.667,9.667,4.169,5.681,0.734,0.14766,0.036252,2.297,,likely_single_pixel_or_cosmic_ray,feature is narrower than the instrumental line-spread function,,-21.38,-16.41
TOI-1233,ADP.2020-12-23T01:06:55.617,ADP.2021-05-26T01:01:31.042,6575.24,6574.82047,6575.48603,6575.48603,brighter_later,8.55,8.55,7.652,5.718,1.338,0.117664,0.067379,2.711,,follow_up_required,instrument-width bright feature in one epoch; cosmic ray remains unexcluded,,-16.91,-11.939
TOI-1233,ADP.2020-12-23T01:06:55.617,ADP.2021-05-26T01:01:31.042,6587.81,6587.38966,6588.0565,6587.38966,brighter_earlier,10.542,10.542,2.356,5.729,0.411,-0.149503,0.165643,2.959,,likely_single_pixel_or_cosmic_ray,feature is narrower than the instrumental line-spread function,,-25.257,-20.287
TOI-1233,ADP.2020-12-23T01:06:55.617,ADP.2021-05-26T01:01:31.042,6657.88,6657.45519,6658.12912,6657.45519,brighter_earlier,11.78,11.78,4.314,5.789,0.745,-0.161617,0.165072,2.226,,likely_single_pixel_or_cosmic_ray,feature is narrower than the instrumental line-spread function,,-31.305,-26.335
TOI-1233,ADP.2020-12-23T01:06:55.617,ADP.2021-05-26T01:01:31.042,6660.04,6659.61505,6660.2892,6659.61505,brighter_earlier,13.402,13.402,2.502,5.791,0.432,-0.185141,0.195734,3.239,,likely_single_pixel_or_cosmic_ray,feature is narrower than the instrumental line-spread function,,-40.23,-35.26
TOI-1233,ADP.2020-12-23T01:06:55.617,ADP.2021-05-26T01:01:31.042,6866.97,6866.53185,6867.22694,6866.53185,brighter_earlier,11.211,10.856,10.489,5.971,1.757,-0.668697,0.021686,3.003,,low_sensitivity_spectral_edge,feature is in the low-sensitivity edge of the extracted spectrum,,-28.444,-23.473
TOI-1233,ADP.2020-12-23T01:06:55.617,ADP.2021-05-26T01:01:31.042,6867.29,6866.85183,6867.54695,6866.85183,brighter_earlier,9.621,9.24,9.422,5.972,1.578,-0.581948,-0.019111,2.61,,low_sensitivity_spectral_edge,feature is in the low-sensitivity edge of the extracted spectrum,,-21.186,-16.215
TOI-1233,ADP.2020-12-23T01:06:55.617,ADP.2021-05-26T01:01:31.042,6867.66,6867.22181,6867.91697,6867.91697,brighter_later,13.957,13.957,12.01,5.972,2.011,0.857813,0.072095,4.995,,low_sensitivity_spectral_edge,feature is in the low-sensitivity edge of the extracted spectrum,,-43.545,-38.574
TOI-1233,ADP.2020-12-23T01:06:55.617,ADP.2021-05-26T01:01:31.042,6868.54,6868.10175,6868.797,6868.797,brighter_later,10.602,10.453,9.884,5.973,1.655,0.676145,0.281929,2.652,,low_sensitivity_spectral_edge,feature is in the low-sensitivity edge of the extracted spectrum,,-25.535,-20.565
TOI-1233,ADP.2020-12-23T01:06:55.617,ADP.2021-05-26T01:01:31.042,6868.82,6868.38173,6869.07701,6868.38173,brighter_earlier,9.452,9.452,10.698,5.973,1.791,-0.609761,0.373233,9.201,,low_sensitivity_spectral_edge,feature is in the low-sensitivity edge of the extracted spectrum,,-20.478,-15.508
TOI-1233,ADP.2020-12-23T01:06:55.617,ADP.2021-05-26T01:01:31.042,6868.99,6868.55172,6869.24702,6869.24702,brighter_later,9.201,9.173,9.851,5.973,1.649,0.597649,0.059393,9.452,,low_sensitivity_spectral_edge,feature is in the low-sensitivity edge of the extracted spectrum,,-19.45,-14.48
TOI-1233,ADP.2020-12-23T01:06:55.617,ADP.2021-05-26T01:01:31.042,6869.33,6868.8917,6869.58703,6869.58703,brighter_later,8.578,8.54,4.813,5.973,0.806,0.56488,-0.078218,1.031,,low_sensitivity_spectral_edge,feature is in the low-sensitivity edge of the extracted spectrum,,-17.015,-12.045
TOI-1233,ADP.2020-12-23T01:06:55.617,ADP.2021-05-26T01:01:31.042,6869.38,6868.9417,6869.63703,6869.63703,brighter_later,8.476,7.423,6.14,5.973,1.028,0.559249,-0.047589,0.523,,low_sensitivity_spectral_edge,feature is in the low-sensitivity edge of the extracted spectrum,,-16.633,-11.662
TOI-1233,ADP.2020-12-23T01:06:55.617,ADP.2021-05-26T01:01:31.042,6869.62,6869.18168,6869.87704,6869.18168,brighter_earlier,10.383,10.383,2.911,5.974,0.487,-0.691656,0.225714,7.568,,low_sensitivity_spectral_edge,feature is in the low-sensitivity edge of the extracted spectrum,,-24.528,-19.558
TOI-1233,ADP.2020-12-23T01:06:55.617,ADP.2021-05-26T01:01:31.042,6869.75,6869.31167,6870.00705,6869.31167,brighter_earlier,13.998,13.998,6.207,5.974,1.039,-0.937239,0.002136,1.518,,low_sensitivity_spectral_edge,feature is in the low-sensitivity edge of the extracted spectrum,,-43.795,-38.824
TOI-1233,ADP.2020-12-23T01:06:55.617,ADP.2021-05-26T01:01:31.042,6870.32,6869.88164,6870.57707,6870.57707,brighter_later,12.568,12.504,6.539,5.974,1.095,0.849514,-0.026624,0.0,,low_sensitivity_spectral_edge,feature is in the low-sensitivity edge of the extracted spectrum,,-35.499,-30.529
TOI-1233,ADP.2020-12-23T01:06:55.617,ADP.2021-05-26T01:01:31.042,6870.45,6870.01163,6870.70707,6870.70707,brighter_later,12.426,12.426,5.838,5.974,0.977,0.839801,0.07934,6.329,,low_sensitivity_spectral_edge,feature is in the low-sensitivity edge of the extracted spectrum,,-34.724,-29.753
TOI-1233,ADP.2020-12-23T01:06:55.617,ADP.2021-05-26T01:01:31.042,6870.67,6870.23162,6870.92708,6870.23162,brighter_earlier,11.394,11.12,4.788,5.974,0.801,-0.76993,0.010523,7.448,,low_sensitivity_spectral_edge,feature is in the low-sensitivity edge of the extracted spectrum,,-29.349,-24.378
TOI-1233,ADP.2020-12-23T01:06:55.617,ADP.2021-05-26T01:01:31.042,6870.71,6870.27161,6870.96708,6870.27161,brighter_earlier,11.494,10.208,5.194,5.975,0.869,-0.776643,0.00486,3.525,,low_sensitivity_spectral_edge,feature is in the low-sensitivity edge of the extracted spectrum,,-29.85,-24.879
TOI-1233,ADP.2020-12-23T01:06:55.617,ADP.2021-05-26T01:01:31.042,6871.0,6870.56159,6871.25709,6870.56159,brighter_earlier,12.006,12.006,5.693,5.975,0.953,-0.81104,0.012225,0.0,,low_sensitivity_spectral_edge,feature is in the low-sensitivity edge of the extracted spectrum,,-32.481,-27.51
TOI-1233,ADP.2020-12-23T01:06:55.617,ADP.2021-05-26T01:01:31.042,6871.06,6870.62159,6871.31709,6870.62159,brighter_earlier,11.421,11.372,6.021,5.975,1.008,-0.771477,-0.024167,1.061,,low_sensitivity_spectral_edge,feature is in the low-sensitivity edge of the extracted spectrum,,-29.484,-24.513
TOI-1233,ADP.2020-12-23T01:06:55.617,ADP.2021-05-26T01:01:31.042,6871.37,6870.93157,6871.62711,6871.62711,brighter_later,12.487,12.487,6.099,5.975,1.021,0.843223,0.007566,0.898,,low_sensitivity_spectral_edge,feature is in the low-sensitivity edge of the extracted spectrum,,-35.056,-30.085
TOI-1233,ADP.2020-12-23T01:06:55.617,ADP.2021-05-26T01:01:31.042,6871.41,6870.97157,6871.66711,6871.66711,brighter_later,12.101,12.101,6.261,5.975,1.048,0.817106,0.000256,0.0,,low_sensitivity_spectral_edge,feature is in the low-sensitivity edge of the extracted spectrum,,-32.982,-28.011
TOI-1233,ADP.2020-12-23T01:06:55.617,ADP.2021-05-26T01:01:31.042,6871.69,6871.25155,6871.94712,6871.94712,brighter_later,11.752,10.028,4.52,5.975,0.756,0.793332,0.022695,0.686,,low_sensitivity_spectral_edge,feature is in the low-sensitivity edge of the extracted spectrum,,-31.161,-26.191
TOI-1233,ADP.2020-12-23T01:06:55.617,ADP.2021-05-26T01:01:31.042,6871.76,6871.32155,6872.01712,6872.01712,brighter_later,11.619,11.548,5.029,5.975,0.842,0.784319,0.054101,9.504,,low_sensitivity_spectral_edge,feature is in the low-sensitivity edge of the extracted spectrum,,-30.482,-25.511
TOI-1233,ADP.2020-12-23T01:06:55.617,ADP.2021-05-26T01:01:31.042,6871.97,6871.53153,6872.22713,6871.53153,brighter_earlier,12.805,12.805,5.543,5.976,0.928,-0.864195,0.012708,8.064,,low_sensitivity_spectral_edge,feature is in the low-sensitivity edge of the extracted spectrum,,-36.813,-31.843
TOI-1233,ADP.2020-12-23T01:06:55.617,ADP.2021-05-26T01:01:31.042,6872.01,6871.57153,6872.26713,6871.57153,brighter_earlier,12.846,12.846,6.435,5.976,1.077,-0.866972,0.006915,3.188,,low_sensitivity_spectral_edge,feature is in the low-sensitivity edge of the extracted spectrum,,-37.043,-32.072
TOI-1233,ADP.2020-12-23T01:06:55.617,ADP.2021-05-26T01:01:31.042,6872.56,6872.12149,6872.81715,6872.12149,brighter_earlier,9.742,9.722,6.624,5.976,1.108,-0.657174,-0.178948,9.448,,low_sensitivity_spectral_edge,feature is in the low-sensitivity edge of the extracted spectrum,,-21.7,-16.729
TOI-1233,ADP.2020-12-23T01:06:55.617,ADP.2021-05-26T01:01:31.042,6872.72,6872.28148,6872.97716,6872.97716,brighter_later,9.448,9.445,5.839,5.976,0.977,0.637205,-0.135588,9.742,,low_sensitivity_spectral_edge,feature is in the low-sensitivity edge of the extracted spectrum,,-20.462,-15.491
TOI-1233,ADP.2020-12-23T01:06:55.617,ADP.2021-05-26T01:01:31.042,6873.25,6872.81145,6873.50718,6873.50718,brighter_later,12.118,12.118,5.729,5.977,0.959,0.816911,-0.007555,1.183,,low_sensitivity_spectral_edge,feature is in the low-sensitivity edge of the extracted spectrum,,-33.072,-28.101
TOI-1233,ADP.2020-12-23T01:06:55.617,ADP.2021-05-26T01:01:31.042,6873.32,6872.88145,6873.57718,6873.57718,brighter_later,11.79,11.623,4.983,5.977,0.834,0.79471,-0.03268,11.246,,low_sensitivity_spectral_edge,feature is in the low-sensitivity edge of the extracted spectrum,,-31.357,-26.386
TOI-1233,ADP.2020-12-23T01:06:55.617,ADP.2021-05-26T01:01:31.042,6873.51,6873.07143,6873.76719,6873.07143,brighter_earlier,12.601,12.601,4.605,5.977,0.77,-0.849268,0.001545,10.714,,low_sensitivity_spectral_edge,feature is in the low-sensitivity edge of the extracted spectrum,,-35.681,-30.71
TOI-1233,ADP.2020-12-23T01:06:55.617,ADP.2021-05-26T01:01:31.042,6873.56,6873.12143,6873.81719,6873.12143,brighter_earlier,12.945,12.945,6.506,5.977,1.089,-0.872401,0.004729,4.008,,low_sensitivity_spectral_edge,feature is in the low-sensitivity edge of the extracted spectrum,,-37.601,-32.63
TOI-1233,ADP.2020-12-23T01:06:55.617,ADP.2021-05-26T01:01:31.042,6874.21,6873.77139,6874.46721,6874.46721,brighter_later,12.313,12.287,6.108,5.978,1.022,0.82929,-0.050683,8.961,,low_sensitivity_spectral_edge,feature is in the low-sensitivity edge of the extracted spectrum,,-34.113,-29.142
TOI-1233,ADP.2020-12-23T01:06:55.617,ADP.2021-05-26T01:01:31.042,6874.27,6873.83139,6874.52722,6874.52722,brighter_later,9.8,9.8,3.129,5.978,0.523,0.660044,-0.151016,11.778,,low_sensitivity_spectral_edge,feature is in the low-sensitivity edge of the extracted spectrum,,-21.949,-16.978
TOI-1233,ADP.2020-12-23T01:06:55.617,ADP.2021-05-26T01:01:31.042,6874.36,6873.92138,6874.61722,6873.92138,brighter_earlier,8.961,8.268,2.698,5.978,0.451,-0.60347,-0.157038,12.313,,low_sensitivity_spectral_edge,feature is in the low-sensitivity edge of the extracted spectrum,,-18.492,-13.522
TOI-1233,ADP.2020-12-23T01:06:55.617,ADP.2021-05-26T01:01:31.042,6874.43,6873.99138,6874.68722,6873.99138,brighter_earlier,11.778,11.768,6.497,5.978,1.087,-0.793128,-0.048679,9.8,,low_sensitivity_spectral_edge,feature is in the low-sensitivity edge of the extracted spectrum,,-31.295,-26.325
TOI-1233,ADP.2020-12-23T01:06:55.617,ADP.2021-05-26T01:01:31.042,6875.06,6874.62134,6875.31724,6875.31724,brighter_later,12.624,12.624,5.921,5.978,0.99,0.849636,0.034963,2.058,,low_sensitivity_spectral_edge,feature is in the low-sensitivity edge of the extracted spectrum,,-35.808,-30.837
TOI-1233,ADP.2020-12-23T01:06:55.617,ADP.2021-05-26T01:01:31.042,6875.13,6874.69133,6875.38725,6875.38725,brighter_later,12.236,12.236,4.769,5.978,0.798,0.823414,-0.008226,11.625,,low_sensitivity_spectral_edge,feature is in the low-sensitivity edge of the extracted spectrum,,-33.7,-28.729
TOI-1233,ADP.2020-12-23T01:06:55.617,ADP.2021-05-26T01:01:31.042,6875.31,6874.87132,6875.56725,6874.87132,brighter_earlier,11.625,11.506,4.91,5.979,0.821,-0.782164,-0.050249,12.236,,low_sensitivity_spectral_edge,feature is in the low-sensitivity edge of the extracted spectrum,,-30.512,-25.541
TOI-1233,ADP.2020-12-23T01:06:55.617,ADP.2021-05-26T01:01:31.042,6875.36,6874.92132,6875.61726,6874.92132,brighter_earlier,12.621,12.621,6.124,5.979,1.024,-0.849141,0.014484,5.068,,low_sensitivity_spectral_edge,feature is in the low-sensitivity edge of the extracted spectrum,,-35.791,-30.821
TOI-1233,ADP.2020-12-23T01:06:55.617,ADP.2021-05-26T01:01:31.042,6876.01,6875.57127,6876.26728,6876.26728,brighter_later,12.48,12.416,6.021,5.979,1.007,0.839192,0.02343,0.0,,low_sensitivity_spectral_edge,feature is in the low-sensitivity edge of the extracted spectrum,,-35.018,-30.047
TOI-1233,ADP.2020-12-23T01:06:55.617,ADP.2021-05-26T01:01:31.042,6876.06,6875.62127,6876.31728,6876.31728,brighter_later,12.464,12.464,5.583,5.979,0.934,0.838071,0.018067,0.005,,low_sensitivity_spectral_edge,feature is in the low-sensitivity edge of the extracted spectrum,,-34.931,-29.96
TOI-1233,ADP.2020-12-23T01:06:55.617,ADP.2021-05-26T01:01:31.042,6876.43,6875.99125,6876.6873,6875.99125,brighter_earlier,11.871,11.866,5.742,5.98,0.96,-0.797953,-0.013446,0.0,,low_sensitivity_spectral_edge,feature is in the low-sensitivity edge of the extracted spectrum,,-31.776,-26.806
TOI-1233,ADP.2020-12-23T01:06:55.617,ADP.2021-05-26T01:01:31.042,6876.49,6876.05124,6876.7473,6876.05124,brighter_earlier,12.18,12.148,5.521,5.98,0.923,-0.818635,0.026646,0.0,,low_sensitivity_spectral_edge,feature is in the low-sensitivity edge of the extracted spectrum,,-33.401,-28.43
TOI-1233,ADP.2020-12-23T01:06:55.617,ADP.2021-05-26T01:01:31.042,6877.13,6876.6912,6877.38732,6877.38732,brighter_later,12.243,12.243,6.057,5.98,1.013,0.822393,-0.002151,4.219,,low_sensitivity_spectral_edge,feature is in the low-sensitivity edge of the extracted spectrum,,-33.737,-28.767
TOI-1233,ADP.2020-12-23T01:06:55.617,ADP.2021-05-26T01:01:31.042,6877.19,6876.7512,6877.44732,6877.44732,brighter_later,11.709,11.709,4.896,5.98,0.819,0.78647,-0.001774,11.398,,low_sensitivity_spectral_edge,feature is in the low-sensitivity edge of the extracted spectrum,,-30.941,-25.97
TOI-1233,ADP.2020-12-23T01:06:55.617,ADP.2021-05-26T01:01:31.042,6877.36,6876.92119,6877.61733,6876.92119,brighter_earlier,11.398,11.368,4.603,5.98,0.77,-0.765456,-0.034681,11.709,,low_sensitivity_spectral_edge,feature is in the low-sensitivity edge of the extracted spectrum,,-29.369,-24.398
TOI-1233,ADP.2020-12-23T01:06:55.617,ADP.2021-05-26T01:01:31.042,6877.39,6876.95119,6877.64733,6876.95119,brighter_earlier,12.606,12.606,6.519,5.98,1.09,-0.846555,-0.003743,9.165,,low_sensitivity_spectral_edge,feature is in the low-sensitivity edge of the extracted spectrum,,-35.708,-30.738
TOI-1233,ADP.2020-12-23T01:06:55.617,ADP.2021-05-26T01:01:31.042,6878.06,6877.62114,6878.31736,6878.31736,brighter_later,11.689,11.679,5.379,5.981,0.899,0.784552,-0.002786,0.107,,low_sensitivity_spectral_edge,feature is in the low-sensitivity edge of the extracted spectrum,,-30.838,-25.868
TOI-1233,ADP.2020-12-23T01:06:55.617,ADP.2021-05-26T01:01:31.042,6878.1,6877.66114,6878.35736,6878.35736,brighter_later,11.945,11.945,4.871,5.981,0.814,0.80166,0.019803,0.0,,low_sensitivity_spectral_edge,feature is in the low-sensitivity edge of the extracted spectrum,,-32.161,-27.191
TOI-1233,ADP.2020-12-23T01:06:55.617,ADP.2021-05-26T01:01:31.042,6878.79,6878.3511,6879.04738,6878.3511,brighter_earlier,12.081,12.081,5.684,5.982,0.95,-0.810292,0.005164,0.268,,low_sensitivity_spectral_edge,feature is in the low-sensitivity edge of the extracted spectrum,,-32.876,-27.905
TOI-1233,ADP.2020-12-23T01:06:55.617,ADP.2021-05-26T01:01:31.042,6879.47,6879.03105,6879.72741,6879.72741,brighter_later,11.568,11.565,6.183,5.982,1.034,0.775421,-0.016033,8.643,,low_sensitivity_spectral_edge,feature is in the low-sensitivity edge of the extracted spectrum,,-30.223,-25.252
TOI-1233,ADP.2020-12-23T01:06:55.617,ADP.2021-05-26T01:01:31.042,6879.5,6879.06105,6879.75741,6879.75741,brighter_later,11.477,11.475,4.862,5.982,0.813,0.769244,0.004043,10.06,,low_sensitivity_spectral_edge,feature is in the low-sensitivity edge of the extracted spectrum,,-29.764,-24.793
TOI-1233,ADP.2020-12-23T01:06:55.617,ADP.2021-05-26T01:01:31.042,6879.68,6879.24104,6879.93742,6879.24104,brighter_earlier,10.06,9.75,9.796,5.982,1.637,-0.674212,-0.019513,11.477,,low_sensitivity_spectral_edge,feature is in the low-sensitivity edge of the extracted spectrum,,-23.081,-18.11
TOI-1233,ADP.2020-12-23T01:06:55.617,ADP.2021-05-26T01:01:31.042,6880.38,6879.941,6880.63744,6880.63744,brighter_later,10.078,9.938,9.826,5.983,1.642,0.67499,0.0304,0.797,,low_sensitivity_spectral_edge,feature is in the low-sensitivity edge of the extracted spectrum,,-23.16,-18.19
TOI-1233,ADP.2020-12-23T01:06:55.617,ADP.2021-05-26T01:01:31.042,6883.58,6883.14079,6883.83756,6883.14079,brighter_earlier,11.111,11.108,10.618,5.986,1.774,-0.741969,0.018823,0.822,,low_sensitivity_spectral_edge,feature is in the low-sensitivity edge of the extracted spectrum,,-27.955,-22.984
TOI-1233,ADP.2020-12-23T01:06:55.617,ADP.2021-05-26T01:01:31.042,6884.27,6883.83075,6884.52759,6884.52759,brighter_later,11.563,11.563,11.271,5.986,1.883,0.771639,0.012129,0.589,,low_sensitivity_spectral_edge,feature is in the low-sensitivity edge of the extracted spectrum,,-30.198,-25.227
TOI-1233,ADP.2020-12-23T01:06:55.617,ADP.2021-05-26T01:01:31.042,6885.48,6885.04067,6885.73763,6885.04067,brighter_earlier,10.8,10.799,4.785,5.987,0.799,-0.719953,-0.011642,0.601,,low_sensitivity_spectral_edge,feature is in the low-sensitivity edge of the extracted spectrum,,-26.463,-21.493
TOI-1233,ADP.2020-12-23T01:06:55.617,ADP.2021-05-26T01:01:31.042,6885.52,6885.08067,6885.77764,6885.08067,brighter_earlier,10.922,10.922,4.719,5.987,0.788,-0.728038,0.006149,0.868,,low_sensitivity_spectral_edge,feature is in the low-sensitivity edge of the extracted spectrum,,-27.043,-22.073
TOI-1233,ADP.2020-12-23T01:06:55.617,ADP.2021-05-26T01:01:31.042,6886.17,6885.73063,6886.42766,6886.42766,brighter_later,10.02,9.985,4.834,5.988,0.807,0.667508,-0.094174,0.779,,low_sensitivity_spectral_edge,feature is in the low-sensitivity edge of the extracted spectrum,,-22.905,-17.934
TOI-1233,ADP.2020-12-23T01:06:55.617,ADP.2021-05-26T01:01:31.042,6886.22,6885.78062,6886.47766,6886.47766,brighter_later,11.218,11.207,5.165,5.988,0.863,0.747259,0.052547,4.393,,low_sensitivity_spectral_edge,feature is in the low-sensitivity edge of the extracted spectrum,,-28.478,-23.507
TOI-1233,ADP.2020-12-23T01:06:55.617,ADP.2021-05-26T01:01:31.042,6886.46,6886.02061,6886.71767,6886.02061,brighter_earlier,11.862,11.862,4.984,5.988,0.832,-0.789976,0.016929,3.957,,low_sensitivity_spectral_edge,feature is in the low-sensitivity edge of the extracted spectrum,,-31.729,-26.759
TOI-1233,ADP.2020-12-23T01:06:55.617,ADP.2021-05-26T01:01:31.042,6886.51,6886.0706,6886.76767,6886.0706,brighter_earlier,12.6,12.6,5.553,5.988,0.927,-0.839109,0.022544,0.729,,low_sensitivity_spectral_edge,feature is in the low-sensitivity edge of the extracted spectrum,,-35.675,-30.705
TOI-1233,ADP.2020-12-23T01:06:55.617,ADP.2021-05-26T01:01:31.042,6887.15,6886.71056,6887.4077,6887.4077,brighter_later,10.9,10.866,4.831,5.989,0.807,0.725463,0.01557,0.433,,low_sensitivity_spectral_edge,feature is in the low-sensitivity edge of the extracted spectrum,,-26.938,-21.968
TOI-1233,ADP.2020-12-23T01:06:55.617,ADP.2021-05-26T01:01:31.042,6887.22,6886.78056,6887.4777,6887.4777,brighter_later,10.697,10.679,4.655,5.989,0.777,0.711942,-0.020196,0.478,,low_sensitivity_spectral_edge,feature is in the low-sensitivity edge of the extracted spectrum,,-25.978,-21.008
TOI-1233,ADP.2020-12-23T01:06:55.617,ADP.2021-05-26T01:01:31.042,6888.66,6888.22047,6888.91775,6888.22047,brighter_earlier,10.907,10.907,5.173,5.99,0.864,-0.724904,0.005467,0.962,,low_sensitivity_spectral_edge,feature is in the low-sensitivity edge of the extracted spectrum,,-26.972,-22.001
TOI-1233,ADP.2020-12-23T01:06:55.617,ADP.2021-05-26T01:01:31.042,6888.72,6888.28046,6888.97776,6888.28046,brighter_earlier,11.194,11.113,5.334,5.99,0.89,-0.743963,-0.010737,0.738,,low_sensitivity_spectral_edge,feature is in the low-sensitivity edge of the extracted spectrum,,-28.36,-23.39
TOI-1233,ADP.2020-12-23T01:06:55.617,ADP.2021-05-26T01:01:31.042,6889.36,6888.92042,6889.61778,6889.61778,brighter_later,12.072,12.072,5.58,5.991,0.931,0.801828,-0.000294,2.836,,low_sensitivity_spectral_edge,feature is in the low-sensitivity edge of the extracted spectrum,,-32.828,-27.858
TOI-1233,ADP.2020-12-23T01:06:55.617,ADP.2021-05-26T01:01:31.042,6889.42,6888.98042,6889.67778,6889.67778,brighter_later,12.234,12.234,4.64,5.991,0.774,0.812557,0.003774,10.23,,low_sensitivity_spectral_edge,feature is in the low-sensitivity edge of the extracted spectrum,,-33.689,-28.718
TOI-1233,ADP.2020-12-23T01:06:55.617,ADP.2021-05-26T01:01:31.042,6889.61,6889.17041,6889.86779,6889.17041,brighter_earlier,11.555,11.064,4.394,5.991,0.733,-0.767284,0.005726,10.907,,low_sensitivity_spectral_edge,feature is in the low-sensitivity edge of the extracted spectrum,,-30.157,-25.186
TOI-1233,ADP.2020-12-23T01:06:55.617,ADP.2021-05-26T01:01:31.042,6889.68,6889.2404,6889.93779,6889.2404,brighter_earlier,11.876,11.876,6.04,5.991,1.008,-0.788557,-0.032253,1.469,,low_sensitivity_spectral_edge,feature is in the low-sensitivity edge of the extracted spectrum,,-31.802,-26.831
TOI-1233,ADP.2020-12-23T01:06:55.617,ADP.2021-05-26T01:01:31.042,6890.31,6889.87036,6890.56782,6890.56782,brighter_later,11.128,11.124,5.163,5.992,0.862,0.738446,0.00277,0.259,,low_sensitivity_spectral_edge,feature is in the low-sensitivity edge of the extracted spectrum,,-28.038,-23.067
TOI-1233,ADP.2020-12-23T01:06:55.617,ADP.2021-05-26T01:01:31.042,6890.38,6889.94036,6890.63782,6890.63782,brighter_later,11.284,11.284,5.302,5.992,0.885,0.748761,0.003704,0.659,,low_sensitivity_spectral_edge,feature is in the low-sensitivity edge of the extracted spectrum,,-28.803,-23.832
TOI-1233,ADP.2020-12-23T01:06:55.617,ADP.2021-05-26T01:01:31.042,6892.08,6891.64025,6892.33788,6891.64025,brighter_earlier,10.494,10.479,4.299,5.993,0.717,-0.695073,-0.004825,0.449,,low_sensitivity_spectral_edge,feature is in the low-sensitivity edge of the extracted spectrum,,-25.036,-20.065
TOI-1233,ADP.2020-12-23T01:06:55.617,ADP.2021-05-26T01:01:31.042,6892.15,6891.71024,6892.40788,6891.71024,brighter_earlier,10.879,10.825,5.04,5.993,0.841,-0.720493,0.009839,0.139,,low_sensitivity_spectral_edge,feature is in the low-sensitivity edge of the extracted spectrum,,-26.838,-21.868
TOI-1233,ADP.2020-12-23T01:06:55.617,ADP.2021-05-26T01:01:31.042,6892.78,6892.3402,6893.03791,6893.03791,brighter_later,12.038,12.038,5.551,5.994,0.926,0.796721,0.006423,3.118,,low_sensitivity_spectral_edge,feature is in the low-sensitivity edge of the extracted spectrum,,-32.649,-27.679
TOI-1233,ADP.2020-12-23T01:06:55.617,ADP.2021-05-26T01:01:31.042,6892.85,6892.4102,6893.10791,6893.10791,brighter_later,11.36,11.36,4.738,5.994,0.791,0.751806,-0.03159,11.333,,low_sensitivity_spectral_edge,feature is in the low-sensitivity edge of the extracted spectrum,,-29.18,-24.209
TOI-1233,ADP.2020-12-23T01:06:55.617,ADP.2021-05-26T01:01:31.042,6893.02,6892.58019,6893.27792,6892.58019,brighter_earlier,11.333,10.703,4.135,5.994,0.69,-0.749831,-0.055115,11.36,,low_sensitivity_spectral_edge,feature is in the low-sensitivity edge of the extracted spectrum,,-29.045,-24.075
TOI-1233,ADP.2020-12-23T01:06:55.617,ADP.2021-05-26T01:01:31.042,6893.09,6892.65018,6893.34792,6892.65018,brighter_earlier,11.725,11.725,6.016,5.994,1.004,-0.775724,-0.020058,3.093,,low_sensitivity_spectral_edge,feature is in the low-sensitivity edge of the extracted spectrum,,-31.023,-26.052
TOI-1233,ADP.2020-12-23T01:06:55.617,ADP.2021-05-26T01:01:31.042,6893.71,6893.27015,6893.96794,6893.96794,brighter_later,10.843,10.821,4.947,5.995,0.825,0.716861,0.006221,0.125,,low_sensitivity_spectral_edge,feature is in the low-sensitivity edge of the extracted spectrum,,-26.667,-21.696
TOI-1233,ADP.2020-12-23T01:06:55.617,ADP.2021-05-26T01:01:31.042,6893.79,6893.35014,6894.04795,6894.04795,brighter_later,11.218,11.218,5.342,5.995,0.891,0.74162,-0.005043,0.166,,low_sensitivity_spectral_edge,feature is in the low-sensitivity edge of the extracted spectrum,,-28.478,-23.507
TOI-1233,ADP.2020-12-23T01:06:55.617,ADP.2021-05-26T01:01:31.042,6895.75,6895.31002,6896.00802,6895.31002,brighter_earlier,10.762,10.76,4.415,5.996,0.736,-0.709967,0.002133,0.215,,low_sensitivity_spectral_edge,feature is in the low-sensitivity edge of the extracted spectrum,,-26.284,-21.313
TOI-1233,ADP.2020-12-23T01:06:55.617,ADP.2021-05-26T01:01:31.042,6895.82,6895.38001,6896.07802,6895.38001,brighter_earlier,10.542,10.533,4.593,5.996,0.766,-0.695415,-0.007525,0.435,,low_sensitivity_spectral_edge,feature is in the low-sensitivity edge of the extracted spectrum,,-25.257,-20.287
TOI-1233,ADP.2020-12-23T01:06:55.617,ADP.2021-05-26T01:01:31.042,6896.45,6896.00997,6896.70804,6896.70804,brighter_later,12.157,12.157,5.182,5.997,0.864,0.801403,0.009777,4.588,,low_sensitivity_spectral_edge,feature is in the low-sensitivity edge of the extracted spectrum,,-33.279,-28.308
TOI-1233,ADP.2020-12-23T01:06:55.617,ADP.2021-05-26T01:01:31.042,6896.52,6896.07997,6896.77805,6896.77805,brighter_later,11.383,10.911,3.938,5.997,0.657,0.750325,-0.020963,11.999,,low_sensitivity_spectral_edge,feature is in the low-sensitivity edge of the extracted spectrum,,-29.294,-24.323
TOI-1233,ADP.2020-12-23T01:06:55.617,ADP.2021-05-26T01:01:31.042,6896.68,6896.23996,6896.93805,6896.23996,brighter_earlier,11.999,11.999,4.673,5.997,0.779,-0.79078,-0.036277,11.383,,low_sensitivity_spectral_edge,feature is in the low-sensitivity edge of the extracted spectrum,,-32.444,-27.474
TOI-1233,ADP.2020-12-23T01:06:55.617,ADP.2021-05-26T01:01:31.042,6896.75,6896.30995,6897.00806,6896.30995,brighter_earlier,11.716,11.716,5.208,5.997,0.868,-0.772054,0.001805,3.511,,low_sensitivity_spectral_edge,feature is in the low-sensitivity edge of the extracted spectrum,,-30.977,-26.006
TOI-1233,ADP.2020-12-23T01:06:55.617,ADP.2021-05-26T01:01:31.042,6897.37,6896.92991,6897.62808,6897.62808,brighter_later,10.927,10.926,5.037,5.998,0.84,0.719559,0.002793,0.506,,low_sensitivity_spectral_edge,feature is in the low-sensitivity edge of the extracted spectrum,,-27.067,-22.097
TOI-1233,ADP.2020-12-23T01:06:55.617,ADP.2021-05-26T01:01:31.042,6897.45,6897.00991,6897.70808,6897.70808,brighter_later,11.142,11.142,4.566,5.998,0.761,0.733704,0.013393,0.433,,low_sensitivity_spectral_edge,feature is in the low-sensitivity edge of the extracted spectrum,,-28.106,-23.135
TOI-1233,ADP.2020-12-23T01:06:55.617,ADP.2021-05-26T01:01:31.042,6899.67,6899.22977,6899.92817,6899.22977,brighter_earlier,11.061,11.056,4.727,6.0,0.788,-0.726574,-0.002651,1.002,,low_sensitivity_spectral_edge,feature is in the low-sensitivity edge of the extracted spectrum,,-27.712,-22.742
TOI-1233,ADP.2020-12-23T01:06:55.617,ADP.2021-05-26T01:01:31.042,6899.73,6899.28976,6899.98817,6899.28976,brighter_earlier,10.986,10.939,4.361,6.0,0.727,-0.721587,-0.001383,0.295,,low_sensitivity_spectral_edge,feature is in the low-sensitivity edge of the extracted spectrum,,-27.35,-22.38
TOI-1233,ADP.2020-12-23T01:06:55.617,ADP.2021-05-26T01:01:31.042,6900.37,6899.92972,6900.62819,6900.62819,brighter_later,12.035,12.035,5.398,6.0,0.9,0.789927,-0.021352,7.983,,low_sensitivity_spectral_edge,feature is in the low-sensitivity edge of the extracted spectrum,,-32.633,-27.663
TOI-1233,ADP.2020-12-23T01:06:55.617,ADP.2021-05-26T01:01:31.042,6900.43,6899.98972,6900.68819,6900.68819,brighter_later,11.861,11.861,4.172,6.0,0.695,0.778481,-0.007789,10.964,,low_sensitivity_spectral_edge,feature is in the low-sensitivity edge of the extracted spectrum,,-31.724,-26.754
TOI-1233,ADP.2020-12-23T01:06:55.617,ADP.2021-05-26T01:01:31.042,6900.58,6900.13971,6900.8382,6900.13971,brighter_earlier,10.964,10.568,3.819,6.001,0.636,-0.7195,-0.053758,11.861,,low_sensitivity_spectral_edge,feature is in the low-sensitivity edge of the extracted spectrum,,-27.245,-22.274
TOI-1233,ADP.2020-12-23T01:06:55.617,ADP.2021-05-26T01:01:31.042,6900.64,6900.1997,6900.8982,6900.1997,brighter_earlier,12.824,12.824,5.343,6.001,0.89,-0.841515,0.013133,8.637,,low_sensitivity_spectral_edge,feature is in the low-sensitivity edge of the extracted spectrum,,-36.92,-31.949
TOI-1233,ADP.2020-12-23T01:06:55.617,ADP.2021-05-26T01:01:31.042,6901.28,6900.83966,6901.53823,6901.53823,brighter_later,11.105,10.966,4.735,6.001,0.789,0.728185,0.002982,0.341,,low_sensitivity_spectral_edge,feature is in the low-sensitivity edge of the extracted spectrum,,-27.926,-22.955
TOI-1233,ADP.2020-12-23T01:06:55.617,ADP.2021-05-26T01:01:31.042,6901.35,6900.90966,6901.60823,6901.60823,brighter_later,10.569,10.567,4.784,6.001,0.797,0.692964,-0.022525,0.767,,low_sensitivity_spectral_edge,feature is in the low-sensitivity edge of the extracted spectrum,,-25.382,-20.411
TOI-1233,ADP.2020-12-23T01:06:55.617,ADP.2021-05-26T01:01:31.042,6903.84,6903.3995,6904.09832,6903.3995,brighter_earlier,11.505,11.505,4.384,6.003,0.73,-0.752277,0.014284,0.621,,low_sensitivity_spectral_edge,feature is in the low-sensitivity edge of the extracted spectrum,,-29.905,-24.934
TOI-1233,ADP.2020-12-23T01:06:55.617,ADP.2021-05-26T01:01:31.042,6903.89,6903.4495,6904.14832,6903.4495,brighter_earlier,10.524,10.516,4.184,6.003,0.697,-0.688138,-0.025957,0.864,,low_sensitivity_spectral_edge,feature is in the low-sensitivity edge of the extracted spectrum,,-25.174,-20.204
TOI-1233,ADP.2020-12-23T01:06:55.617,ADP.2021-05-26T01:01:31.042,6904.54,6904.09945,6904.79835,6904.79835,brighter_later,12.557,12.557,5.285,6.004,0.88,0.82045,0.008264,9.737,,low_sensitivity_spectral_edge,feature is in the low-sensitivity edge of the extracted spectrum,,-35.439,-30.468
TOI-1233,ADP.2020-12-23T01:06:55.617,ADP.2021-05-26T01:01:31.042,6904.59,6904.14945,6904.84835,6904.84835,brighter_later,11.63,11.63,4.164,6.004,0.694,0.75984,-0.02902,11.278,,low_sensitivity_spectral_edge,feature is in the low-sensitivity edge of the extracted spectrum,,-30.537,-25.567
TOI-1233,ADP.2020-12-23T01:06:55.617,ADP.2021-05-26T01:01:31.042,6904.74,6904.29944,6904.99836,6904.29944,brighter_earlier,11.278,10.867,3.741,6.004,0.623,-0.736746,-0.035264,11.63,,low_sensitivity_spectral_edge,feature is in the low-sensitivity edge of the extracted spectrum,,-28.773,-23.803
TOI-1233,ADP.2020-12-23T01:06:55.617,ADP.2021-05-26T01:01:31.042,6904.8,6904.35944,6905.05836,6904.35944,brighter_earlier,11.886,11.886,4.619,6.004,0.769,-0.776403,0.014447,8.303,,low_sensitivity_spectral_edge,feature is in the low-sensitivity edge of the extracted spectrum,,-31.854,-26.883
TOI-1233,ADP.2020-12-23T01:06:55.617,ADP.2021-05-26T01:01:31.042,6905.44,6904.9994,6905.69838,6905.69838,brighter_later,10.972,10.91,4.308,6.005,0.717,0.716214,0.0013,0.843,,low_sensitivity_spectral_edge,feature is in the low-sensitivity edge of the extracted spectrum,,-27.283,-22.313
TOI-1233,ADP.2020-12-23T01:06:55.617,ADP.2021-05-26T01:01:31.042,6905.5,6905.05939,6905.75838,6905.75838,brighter_later,11.166,11.165,4.442,6.005,0.74,0.728788,0.010882,0.91,,low_sensitivity_spectral_edge,feature is in the low-sensitivity edge of the extracted spectrum,,-28.223,-23.253
TOI-1233,ADP.2020-12-23T01:06:55.617,ADP.2021-05-26T01:01:31.042,6908.29,6907.84922,6908.54849,6907.84922,brighter_earlier,11.577,11.523,4.515,6.007,0.752,-0.753323,0.010846,1.468,,low_sensitivity_spectral_edge,feature is in the low-sensitivity edge of the extracted spectrum,,-30.268,-25.298
TOI-1233,ADP.2020-12-23T01:06:55.617,ADP.2021-05-26T01:01:31.042,6908.96,6908.51917,6909.21851,6909.21851,brighter_later,12.3,12.3,5.009,6.008,0.834,0.799761,0.001121,10.713,,low_sensitivity_spectral_edge,feature is in the low-sensitivity edge of the extracted spectrum,,-34.043,-29.072
TOI-1233,ADP.2020-12-23T01:06:55.617,ADP.2021-05-26T01:01:31.042,6909.0,6908.55917,6909.25851,6909.25851,brighter_later,11.695,11.651,3.921,6.008,0.653,0.760377,-0.023066,12.667,,low_sensitivity_spectral_edge,feature is in the low-sensitivity edge of the extracted spectrum,,-30.869,-25.898
TOI-1233,ADP.2020-12-23T01:06:55.617,ADP.2021-05-26T01:01:31.042,6909.16,6908.71916,6909.41852,6908.71916,brighter_earlier,12.361,12.361,4.115,6.008,0.685,-0.803591,-0.002575,11.695,,low_sensitivity_spectral_edge,feature is in the low-sensitivity edge of the extracted spectrum,,-34.372,-29.401
TOI-1233,ADP.2020-12-23T01:06:55.617,ADP.2021-05-26T01:01:31.042,6909.19,6908.74916,6909.44852,6908.74916,brighter_earlier,12.667,12.667,4.871,6.008,0.811,-0.823416,-0.001229,11.695,,low_sensitivity_spectral_edge,feature is in the low-sensitivity edge of the extracted spectrum,,-36.045,-31.075
TOI-1233,ADP.2020-12-23T01:06:55.617,ADP.2021-05-26T01:01:31.042,6909.86,6909.41911,6910.11855,6910.11855,brighter_later,12.04,12.037,4.389,6.009,0.73,0.782079,0.022902,1.372,,low_sensitivity_spectral_edge,feature is in the low-sensitivity edge of the extracted spectrum,,-32.66,-27.689
TOI-1233,ADP.2020-12-23T01:06:55.617,ADP.2021-05-26T01:01:31.042,6909.9,6909.45911,6910.15855,6910.15855,brighter_later,10.962,10.865,3.996,6.009,0.665,0.712033,0.000866,1.372,,low_sensitivity_spectral_edge,feature is in the low-sensitivity edge of the extracted spectrum,,-27.235,-22.264
TOI-2194,ADP.2021-05-25T01:01:24.375,ADP.2021-09-20T01:01:05.131,4012.0,4011.68987,4012.34407,4012.34407,brighter_later,11.686,11.686,2.329,3.489,0.667,0.406423,0.330411,1.405,,likely_single_pixel_or_cosmic_ray,feature is narrower than the instrumental line-spread function,,-30.823,-25.854
TOI-2194,ADP.2021-05-25T01:01:24.375,ADP.2021-09-20T01:01:05.131,4099.57,4099.2531,4099.92158,4099.92158,brighter_later,39.328,39.328,1.656,3.565,0.465,1.067109,1.091219,3.43,,likely_single_pixel_or_cosmic_ray,feature is narrower than the instrumental line-spread function,,-337.553,-332.584
TOI-2194,ADP.2021-05-25T01:01:24.375,ADP.2021-09-20T01:01:05.131,4568.72,4568.36683,4569.11182,4568.36683,brighter_earlier,8.356,8.356,2.405,3.973,0.605,-0.103804,0.101547,2.309,,likely_single_pixel_or_cosmic_ray,feature is narrower than the instrumental line-spread function,,-16.188,-11.219
TOI-2194,ADP.2021-05-25T01:01:24.375,ADP.2021-09-20T01:01:05.131,4808.16,4807.78833,4808.57235,4808.57235,brighter_later,10.797,10.797,2.393,4.181,0.572,0.137329,0.150927,2.825,,likely_single_pixel_or_cosmic_ray,feature is narrower than the instrumental line-spread function,,-26.449,-21.48
TOI-2194,ADP.2021-05-25T01:01:24.375,ADP.2021-09-20T01:01:05.131,4951.55,4951.16724,4951.97465,4951.16724,brighter_earlier,17.306,17.306,1.901,4.306,0.441,-0.21335,0.220754,2.671,,likely_single_pixel_or_cosmic_ray,feature is narrower than the instrumental line-spread function,,-66.373,-61.404
TOI-2194,ADP.2021-05-25T01:01:24.375,ADP.2021-09-20T01:01:05.131,5381.42,5381.00401,5381.88151,5381.00401,brighter_earlier,8.791,8.791,1.984,4.679,0.424,-0.092201,0.12316,1.829,,likely_single_pixel_or_cosmic_ray,feature is narrower than the instrumental line-spread function,,-17.829,-12.86
TOI-2194,ADP.2021-05-25T01:01:24.375,ADP.2021-09-20T01:01:05.131,5405.36,5404.94216,5405.82357,5405.82357,brighter_later,18.568,18.568,2.089,4.7,0.444,0.189938,0.247803,3.042,,likely_single_pixel_or_cosmic_ray,feature is narrower than the instrumental line-spread function,,-76.234,-71.265
TOI-2194,ADP.2021-05-25T01:01:24.375,ADP.2021-09-20T01:01:05.131,5433.98,5433.55995,5434.44602,5434.44602,brighter_later,10.087,10.087,2.479,4.725,0.525,0.1018,-0.09897,1.534,,likely_single_pixel_or_cosmic_ray,feature is narrower than the instrumental line-spread function,,-23.2,-18.231
TOI-2194,ADP.2021-05-25T01:01:24.375,ADP.2021-09-20T01:01:05.131,5622.38,5621.94539,5622.86218,5621.94539,brighter_earlier,18.031,18.031,1.962,4.889,0.401,-0.172901,0.114085,2.026,,likely_single_pixel_or_cosmic_ray,feature is narrower than the instrumental line-spread function,,-71.954,-66.985
TOI-2194,ADP.2021-05-25T01:01:24.375,ADP.2021-09-20T01:01:05.131,5635.53,5635.09437,5636.01331,5635.09437,brighter_earlier,9.073,9.069,1.435,4.9,0.293,-0.089562,0.064163,1.988,,likely_single_pixel_or_cosmic_ray,feature is narrower than the instrumental line-spread function,,-18.936,-13.968
TOI-2194,ADP.2021-05-25T01:01:24.375,ADP.2021-09-20T01:01:05.131,5715.13,5714.68822,5715.62013,5715.62013,brighter_later,14.463,14.462,1.848,4.97,0.372,0.14501,0.080677,2.096,,likely_single_pixel_or_cosmic_ray,feature is narrower than the instrumental line-spread function,,-46.683,-41.714
TOI-2194,ADP.2021-05-25T01:01:24.375,ADP.2021-09-20T01:01:05.131,5784.5,5784.05285,5784.99608,5784.05285,brighter_earlier,20.354,20.354,2.068,5.03,0.411,-0.191061,0.169753,2.931,,likely_single_pixel_or_cosmic_ray,feature is narrower than the instrumental line-spread function,,-91.369,-86.4
TOI-2194,ADP.2021-05-25T01:01:24.375,ADP.2021-09-20T01:01:05.131,5799.72,5799.27168,5800.21739,5799.27168,brighter_earlier,17.227,17.227,2.063,5.043,0.409,-0.171144,0.164489,2.283,,likely_single_pixel_or_cosmic_ray,feature is narrower than the instrumental line-spread function,,-65.778,-60.81
TOI-2194,ADP.2021-05-25T01:01:24.375,ADP.2021-09-20T01:01:05.131,5901.91,5901.45378,5902.41615,5902.41615,brighter_later,10.922,10.922,6.621,5.132,1.29,0.135478,0.020263,1.419,,likely_stellar_absorption_variability,difference does not form a bright line above the local spectrum,,-27.043,-22.075
TOI-2194,ADP.2021-05-25T01:01:24.375,ADP.2021-09-20T01:01:05.131,5920.11,5919.65237,5920.61771,5920.61771,brighter_later,8.69,8.69,6.378,5.148,1.239,0.1029,-0.02558,3.205,,likely_stellar_absorption_variability,difference does not form a bright line above the local spectrum,,-17.441,-12.472
TOI-2194,ADP.2021-05-25T01:01:24.375,ADP.2021-09-20T01:01:05.131,5932.55,5932.09141,5933.05878,5933.05878,brighter_later,8.227,8.225,4.872,5.159,0.944,0.091861,-0.007759,1.064,,likely_stellar_absorption_variability,difference does not form a bright line above the local spectrum,,-15.717,-10.748
TOI-2194,ADP.2021-05-25T01:01:24.375,ADP.2021-09-20T01:01:05.131,5982.21,5981.74757,5982.72304,5981.74757,brighter_earlier,10.755,10.755,1.891,5.202,0.363,-0.113777,0.124378,2.395,,likely_single_pixel_or_cosmic_ray,feature is narrower than the instrumental line-spread function,,-26.251,-21.282
TOI-2194,ADP.2021-05-25T01:01:24.375,ADP.2021-09-20T01:01:05.131,6061.73,6061.26142,6062.24986,6062.24986,brighter_later,9.286,9.286,1.815,5.271,0.344,0.084138,0.048311,2.798,,likely_single_pixel_or_cosmic_ray,feature is narrower than the instrumental line-spread function,,-19.795,-14.827
TOI-2194,ADP.2021-05-25T01:01:24.375,ADP.2021-09-20T01:01:05.131,6117.23,6116.75713,6117.75462,6117.75462,brighter_later,9.722,9.722,2.019,5.319,0.379,0.083306,-0.073476,2.07,,likely_single_pixel_or_cosmic_ray,feature is narrower than the instrumental line-spread function,,-21.614,-16.646
TOI-2194,ADP.2021-05-25T01:01:24.375,ADP.2021-09-20T01:01:05.131,6162.94,6162.4636,6163.46854,6163.46854,brighter_later,12.318,12.318,2.621,5.359,0.489,0.122503,0.13252,1.302,,likely_single_pixel_or_cosmic_ray,feature is narrower than the instrumental line-spread function,,-34.14,-29.171
TOI-2194,ADP.2021-05-25T01:01:24.375,ADP.2021-09-20T01:01:05.131,6276.08,6275.59485,6276.61824,6275.59485,brighter_earlier,10.24,10.155,7.862,5.457,1.441,-0.157206,0.000636,2.636,,likely_stellar_absorption_variability,difference does not form a bright line above the local spectrum,,-23.882,-18.913
TOI-2194,ADP.2021-05-25T01:01:24.375,ADP.2021-09-20T01:01:05.131,6276.28,6275.79484,6276.81826,6275.79484,brighter_earlier,10.018,9.856,5.312,5.458,0.973,-0.154649,0.009142,2.636,,likely_stellar_absorption_variability,difference does not form a bright line above the local spectrum,,-22.896,-17.927
TOI-2194,ADP.2021-05-25T01:01:24.375,ADP.2021-09-20T01:01:05.131,6276.77,6276.2848,6277.3083,6276.2848,brighter_earlier,11.918,11.887,6.166,5.458,1.13,-0.186415,-0.016981,3.416,,likely_stellar_absorption_variability,difference does not form a bright line above the local spectrum,,-32.021,-27.052
TOI-2194,ADP.2021-05-25T01:01:24.375,ADP.2021-09-20T01:01:05.131,6277.31,6276.82476,6277.84834,6277.84834,brighter_later,15.695,15.632,5.761,5.459,1.055,0.249065,0.066188,2.228,,likely_observer_frame_artifact,topocentric wavelength recurs in unrelated targets,TOI-261;TOI-4399,-54.786,-49.817
TOI-2194,ADP.2021-05-25T01:01:24.375,ADP.2021-09-20T01:01:05.131,6277.56,6277.07474,6278.09837,6277.07474,brighter_earlier,22.539,22.539,10.997,5.459,2.015,-0.360023,0.064532,4.665,,likely_stellar_line_profile_change,feature is substantially broader than an unresolved HARPS line,,-111.764,-106.795
TOI-2194,ADP.2021-05-25T01:01:24.375,ADP.2021-09-20T01:01:05.131,6277.79,6277.30472,6278.32839,6278.32839,brighter_later,13.732,13.479,5.9,5.459,1.081,0.220675,0.002157,10.549,,likely_stellar_absorption_variability,difference does not form a bright line above the local spectrum,,-42.185,-37.216
TOI-2194,ADP.2021-05-25T01:01:24.375,ADP.2021-09-20T01:01:05.131,6277.93,6277.44471,6278.4684,6278.4684,brighter_later,11.283,9.274,7.075,5.459,1.296,0.18198,0.008456,0.0,,likely_stellar_absorption_variability,difference does not form a bright line above the local spectrum,,-28.798,-23.829
TOI-2194,ADP.2021-05-25T01:01:24.375,ADP.2021-09-20T01:01:05.131,6278.12,6277.6347,6278.65841,6278.65841,brighter_later,10.613,10.233,5.498,5.459,1.007,0.172028,0.017465,1.923,,likely_stellar_absorption_variability,difference does not form a bright line above the local spectrum,,-25.586,-20.617
TOI-2194,ADP.2021-05-25T01:01:24.375,ADP.2021-09-20T01:01:05.131,6278.34,6277.85468,6278.87843,6277.85468,brighter_earlier,14.584,14.505,8.509,5.459,1.559,-0.237734,0.052155,2.718,,likely_observer_frame_artifact,topocentric wavelength recurs in unrelated targets,TOI-261;TOI-4399,-47.45,-42.481
TOI-2194,ADP.2021-05-25T01:01:24.375,ADP.2021-09-20T01:01:05.131,6278.61,6278.12466,6279.14846,6279.14846,brighter_later,11.109,10.973,6.732,5.46,1.233,0.182345,-0.075865,2.928,,likely_stellar_absorption_variability,difference does not form a bright line above the local spectrum,,-27.945,-22.977
TOI-2194,ADP.2021-05-25T01:01:24.375,ADP.2021-09-20T01:01:05.131,6279.58,6279.09458,6280.11854,6280.11854,brighter_later,17.249,17.214,7.484,5.461,1.371,0.29016,0.007025,1.385,,likely_stellar_absorption_variability,difference does not form a bright line above the local spectrum,,-65.944,-60.975
TOI-2194,ADP.2021-05-25T01:01:24.375,ADP.2021-09-20T01:01:05.131,6279.85,6279.36456,6280.38856,6279.36456,brighter_earlier,16.999,16.507,7.74,5.461,1.417,-0.28788,0.011507,1.586,,likely_stellar_absorption_variability,difference does not form a bright line above the local spectrum,,-64.078,-59.109
TOI-2194,ADP.2021-05-25T01:01:24.375,ADP.2021-09-20T01:01:05.131,6280.38,6279.89452,6280.91861,6280.91861,brighter_later,14.443,14.353,7.326,5.461,1.342,0.247797,-0.01988,1.344,,likely_stellar_absorption_variability,difference does not form a bright line above the local spectrum,,-46.557,-41.588
TOI-2194,ADP.2021-05-25T01:01:24.375,ADP.2021-09-20T01:01:05.131,6280.64,6280.1545,6281.17863,6280.1545,brighter_earlier,14.138,14.039,7.038,5.461,1.289,-0.244108,0.019353,1.734,,likely_stellar_absorption_variability,difference does not form a bright line above the local spectrum,,-44.655,-39.686
TOI-2194,ADP.2021-05-25T01:01:24.375,ADP.2021-09-20T01:01:05.131,6280.88,6280.39448,6281.41865,6281.41865,brighter_later,14.552,14.544,7.013,5.462,1.284,0.252733,-0.112893,2.995,,likely_stellar_absorption_variability,difference does not form a bright line above the local spectrum,,-47.246,-42.278
TOI-2194,ADP.2021-05-25T01:01:24.375,ADP.2021-09-20T01:01:05.131,6281.42,6280.93444,6281.9587,6280.93444,brighter_earlier,12.37,12.366,7.653,5.462,1.401,-0.217631,0.001121,0.913,,likely_stellar_absorption_variability,difference does not form a bright line above the local spectrum,,-34.42,-29.452
TOI-2194,ADP.2021-05-25T01:01:24.375,ADP.2021-09-20T01:01:05.131,6281.66,6281.17442,6282.19872,6282.19872,brighter_later,10.986,10.972,7.003,5.462,1.282,0.194383,-0.150843,1.536,,likely_stellar_absorption_variability,difference does not form a bright line above the local spectrum,,-27.35,-22.382
TOI-2194,ADP.2021-05-25T01:01:24.375,ADP.2021-09-20T01:01:05.131,6282.19,6281.70438,6282.72876,6281.70438,brighter_earlier,10.689,10.36,6.331,5.463,1.159,-0.191517,0.015783,1.695,,likely_stellar_absorption_variability,difference does not form a bright line above the local spectrum,,-25.941,-20.972
TOI-2194,ADP.2021-05-25T01:01:24.375,ADP.2021-09-20T01:01:05.131,6282.44,6281.95436,6282.97878,6282.97878,brighter_later,12.905,12.902,7.686,5.463,1.407,0.232577,0.006553,1.406,,likely_stellar_absorption_variability,difference does not form a bright line above the local spectrum,,-37.375,-32.406
TOI-2194,ADP.2021-05-25T01:01:24.375,ADP.2021-09-20T01:01:05.131,6284.29,6283.80422,6284.82894,6284.82894,brighter_later,9.218,9.21,5.972,5.465,1.093,0.173272,0.029722,0.466,,likely_stellar_absorption_variability,difference does not form a bright line above the local spectrum,,-19.519,-14.55
TOI-2194,ADP.2021-05-25T01:01:24.375,ADP.2021-09-20T01:01:05.131,6289.68,6289.1938,6290.21941,6289.1938,brighter_earlier,8.706,8.696,7.208,5.469,1.318,-0.183353,0.014293,4.367,,likely_stellar_absorption_variability,difference does not form a bright line above the local spectrum,,-17.502,-12.533
TOI-2194,ADP.2021-05-25T01:01:24.375,ADP.2021-09-20T01:01:05.131,6290.7,6290.21372,6291.23949,6291.23949,brighter_later,9.523,9.518,7.153,5.47,1.308,0.199509,-0.012245,1.281,,likely_stellar_absorption_variability,difference does not form a bright line above the local spectrum,,-20.774,-15.805
TOI-2194,ADP.2021-05-25T01:01:24.375,ADP.2021-09-20T01:01:05.131,6291.62,6291.13365,6292.15957,6291.13365,brighter_earlier,8.84,8.822,7.47,5.471,1.365,-0.182346,-0.050814,0.974,,likely_stellar_absorption_variability,difference does not form a bright line above the local spectrum,,-18.019,-13.05
TOI-2194,ADP.2021-05-25T01:01:24.375,ADP.2021-09-20T01:01:05.131,6292.42,6291.93359,6292.95964,6291.93359,brighter_earlier,11.59,11.517,7.777,5.472,1.421,-0.235835,0.016705,1.01,,likely_stellar_absorption_variability,difference does not form a bright line above the local spectrum,,-30.334,-25.366
TOI-2194,ADP.2021-05-25T01:01:24.375,ADP.2021-09-20T01:01:05.131,6292.65,6292.16357,6293.18966,6293.18966,brighter_later,11.111,10.982,7.336,5.472,1.341,0.225213,0.008765,2.458,,likely_stellar_absorption_variability,difference does not form a bright line above the local spectrum,,-27.955,-22.986
TOI-2194,ADP.2021-05-25T01:01:24.375,ADP.2021-09-20T01:01:05.131,6293.45,6292.96351,6293.98973,6293.98973,brighter_later,13.507,13.499,7.074,5.473,1.293,0.269998,0.007218,1.32,,likely_stellar_absorption_variability,difference does not form a bright line above the local spectrum,,-40.847,-35.878
TOI-2194,ADP.2021-05-25T01:01:24.375,ADP.2021-09-20T01:01:05.131,6294.63,6294.14342,6295.16983,6294.14342,brighter_earlier,11.766,11.736,6.137,5.474,1.121,-0.230333,0.016568,1.693,,likely_stellar_absorption_variability,difference does not form a bright line above the local spectrum,,-31.233,-26.265
TOI-2194,ADP.2021-05-25T01:01:24.375,ADP.2021-09-20T01:01:05.131,6295.42,6294.93336,6295.9599,6294.93336,brighter_earlier,12.586,12.539,7.959,5.474,1.454,-0.242923,-0.023958,1.133,,likely_stellar_absorption_variability,difference does not form a bright line above the local spectrum,,-35.598,-30.63
TOI-2194,ADP.2021-05-25T01:01:24.375,ADP.2021-09-20T01:01:05.131,6295.66,6295.17334,6296.19992,6296.19992,brighter_later,13.083,13.071,7.295,5.474,1.332,0.251414,-0.00384,2.012,,likely_stellar_absorption_variability,difference does not form a bright line above the local spectrum,,-38.385,-33.417
TOI-2194,ADP.2021-05-25T01:01:24.375,ADP.2021-09-20T01:01:05.131,6296.45,6295.96328,6296.98999,6296.98999,brighter_later,13.747,13.738,7.248,5.475,1.324,0.260381,-0.01116,1.952,,likely_stellar_absorption_variability,difference does not form a bright line above the local spectrum,,-42.275,-37.306
TOI-2194,ADP.2021-05-25T01:01:24.375,ADP.2021-09-20T01:01:05.131,6297.92,6297.43317,6298.46011,6297.43317,brighter_earlier,11.149,11.131,6.85,5.476,1.251,-0.205457,0.012472,2.105,,likely_stellar_absorption_variability,difference does not form a bright line above the local spectrum,,-28.14,-23.171
TOI-2194,ADP.2021-05-25T01:01:24.375,ADP.2021-09-20T01:01:05.131,6298.69,6298.20311,6299.23018,6298.20311,brighter_earlier,13.315,13.283,7.136,5.477,1.303,-0.241778,0.00749,1.433,,likely_stellar_absorption_variability,difference does not form a bright line above the local spectrum,,-39.723,-34.754
TOI-2194,ADP.2021-05-25T01:01:24.375,ADP.2021-09-20T01:01:05.131,6299.72,6299.23303,6300.26027,6300.26027,brighter_later,15.403,15.399,7.25,5.478,1.324,0.274147,0.010894,2.472,OI_sky_6300,known_line_proximity,feature is close to a common sky/stellar reference line,,-52.806,-47.837
TOI-2194,ADP.2021-05-25T01:01:24.375,ADP.2021-09-20T01:01:05.131,6301.47,6300.98289,6302.01042,6300.98289,brighter_earlier,11.326,11.318,6.18,5.48,1.128,-0.19467,-0.005984,2.302,,likely_stellar_absorption_variability,difference does not form a bright line above the local spectrum,,-29.011,-24.042
TOI-2194,ADP.2021-05-25T01:01:24.375,ADP.2021-09-20T01:01:05.131,6302.22,6301.73283,6302.76048,6301.73283,brighter_earlier,12.654,12.651,7.008,5.48,1.279,-0.21417,0.00396,1.24,,likely_stellar_absorption_variability,difference does not form a bright line above the local spectrum,,-35.973,-31.005
TOI-2194,ADP.2021-05-25T01:01:24.375,ADP.2021-09-20T01:01:05.131,6302.49,6302.00281,6303.0305,6303.0305,brighter_later,10.128,10.053,7.374,5.48,1.346,0.170465,0.053606,0.889,,follow_up_required,instrument-width bright feature in one epoch; cosmic ray remains unexcluded,,-23.382,-18.413
TOI-2194,ADP.2021-05-25T01:01:24.375,ADP.2021-09-20T01:01:05.131,6303.25,6302.76275,6303.79057,6303.79057,brighter_later,13.519,13.518,7.012,5.481,1.279,0.223947,0.023797,2.206,,likely_stellar_absorption_variability,difference does not form a bright line above the local spectrum,,-40.918,-35.949
TOI-2194,ADP.2021-05-25T01:01:24.375,ADP.2021-09-20T01:01:05.131,6305.27,6304.7826,6305.81074,6304.7826,brighter_earlier,10.538,10.535,6.28,5.483,1.145,-0.167138,0.004404,1.77,,likely_stellar_absorption_variability,difference does not form a bright line above the local spectrum,,-25.239,-20.27
TOI-2194,ADP.2021-05-25T01:01:24.375,ADP.2021-09-20T01:01:05.131,6306.02,6305.53254,6306.56081,6305.53254,brighter_earlier,11.705,11.697,7.245,5.483,1.321,-0.182575,0.01119,1.843,,likely_stellar_absorption_variability,difference does not form a bright line above the local spectrum,,-30.92,-25.952
TOI-2194,ADP.2021-05-25T01:01:24.375,ADP.2021-09-20T01:01:05.131,6306.3,6305.81252,6306.84083,6306.84083,brighter_later,12.798,12.767,6.255,5.484,1.141,0.198361,0.014894,1.034,,likely_stellar_absorption_variability,difference does not form a bright line above the local spectrum,,-36.774,-31.805
TOI-2194,ADP.2021-05-25T01:01:24.375,ADP.2021-09-20T01:01:05.131,6307.05,6306.56246,6307.59089,6307.59089,brighter_later,12.888,12.888,6.811,5.484,1.242,0.196393,0.061161,2.226,,follow_up_required,instrument-width bright feature in one epoch; cosmic ray remains unexcluded,,-37.279,-32.31
TOI-2194,ADP.2021-05-25T01:01:24.375,ADP.2021-09-20T01:01:05.131,6309.35,6308.86228,6309.89109,6308.86228,brighter_earlier,8.787,8.763,6.681,5.486,1.218,-0.126828,0.002774,1.317,,likely_stellar_absorption_variability,difference does not form a bright line above the local spectrum,,-17.814,-12.845
TOI-2194,ADP.2021-05-25T01:01:24.375,ADP.2021-09-20T01:01:05.131,6310.1,6309.61222,6310.64116,6309.61222,brighter_earlier,10.412,10.405,6.86,5.487,1.25,-0.147742,0.012707,1.371,,likely_stellar_absorption_variability,difference does not form a bright line above the local spectrum,,-24.66,-19.692
TOI-2194,ADP.2021-05-25T01:01:24.375,ADP.2021-09-20T01:01:05.131,6310.38,6309.8922,6310.92118,6310.92118,brighter_later,9.795,9.759,6.406,5.487,1.167,0.138495,-0.002035,2.265,,likely_stellar_absorption_variability,difference does not form a bright line above the local spectrum,,-21.927,-16.958
TOI-2194,ADP.2021-05-25T01:01:24.375,ADP.2021-09-20T01:01:05.131,6311.12,6310.63215,6311.66124,6311.66124,brighter_later,10.685,10.679,5.926,5.488,1.08,0.149666,0.002251,1.917,,likely_stellar_absorption_variability,difference does not form a bright line above the local spectrum,,-25.922,-20.953
TOI-2194,ADP.2021-05-25T01:01:24.375,ADP.2021-09-20T01:01:05.131,6367.72,6367.22777,6368.2661,6367.22777,brighter_earlier,9.046,9.045,3.364,5.537,0.608,-0.083979,0.135398,1.701,,likely_single_pixel_or_cosmic_ray,feature is narrower than the instrumental line-spread function,,-18.829,-13.86
TOI-2194,ADP.2021-05-25T01:01:24.375,ADP.2021-09-20T01:01:05.131,6480.56,6480.05905,6481.11578,6481.11578,brighter_later,8.12,8.119,5.239,5.635,0.93,0.098348,0.010859,1.792,,likely_stellar_absorption_variability,difference does not form a bright line above the local spectrum,,-15.331,-10.363
TOI-2194,ADP.2021-05-25T01:01:24.375,ADP.2021-09-20T01:01:05.131,6491.3,6490.79822,6491.8567,6491.8567,brighter_later,9.322,9.321,8.776,5.645,1.555,0.107411,0.01453,1.276,,likely_stellar_absorption_variability,difference does not form a bright line above the local spectrum,,-19.942,-14.974
TOI-2194,ADP.2021-05-25T01:01:24.375,ADP.2021-09-20T01:01:05.131,6515.24,6514.73637,6515.79875,6515.79875,brighter_later,9.442,9.442,6.866,5.665,1.212,0.104035,-0.01034,2.612,,likely_stellar_absorption_variability,difference does not form a bright line above the local spectrum,,-20.437,-15.468
TOI-2194,ADP.2021-05-25T01:01:24.375,ADP.2021-09-20T01:01:05.131,6544.4,6543.89411,6544.96125,6544.96125,brighter_later,8.818,8.818,9.047,5.691,1.59,0.101603,0.003931,1.457,,likely_stellar_absorption_variability,difference does not form a bright line above the local spectrum,,-17.934,-12.965
TOI-2194,ADP.2021-05-25T01:01:24.375,ADP.2021-09-20T01:01:05.131,6866.63,6866.0992,6867.21888,6866.0992,brighter_earlier,12.114,12.029,10.258,5.971,1.718,-0.621606,0.025129,3.442,,low_sensitivity_spectral_edge,feature is in the low-sensitivity edge of the extracted spectrum,,-33.05,-28.082
TOI-2194,ADP.2021-05-25T01:01:24.375,ADP.2021-09-20T01:01:05.131,6866.96,6866.42918,6867.54891,6866.42918,brighter_earlier,9.735,9.22,7.918,5.971,1.326,-0.507538,0.039146,4.939,,low_sensitivity_spectral_edge,feature is in the low-sensitivity edge of the extracted spectrum,,-21.67,-16.701
TOI-2194,ADP.2021-05-25T01:01:24.375,ADP.2021-09-20T01:01:05.131,6867.76,6867.22912,6868.34898,6868.34898,brighter_later,15.15,15.042,9.008,5.972,1.508,0.819983,0.513592,10.285,,low_sensitivity_spectral_edge,feature is in the low-sensitivity edge of the extracted spectrum,,-51.121,-46.152
TOI-2194,ADP.2021-05-25T01:01:24.375,ADP.2021-09-20T01:01:05.131,6868.08,6867.54909,6868.66901,6868.66901,brighter_later,13.831,13.713,9.741,5.972,1.631,0.75964,0.303481,6.841,,low_sensitivity_spectral_edge,feature is in the low-sensitivity edge of the extracted spectrum,,-42.781,-37.812
TOI-2194,ADP.2021-05-25T01:01:24.375,ADP.2021-09-20T01:01:05.131,6868.32,6867.78907,6868.90903,6867.78907,brighter_earlier,15.497,15.497,5.889,5.972,0.986,-0.860418,0.064358,6.611,,low_sensitivity_spectral_edge,feature is in the low-sensitivity edge of the extracted spectrum,,-53.44,-48.471
TOI-2194,ADP.2021-05-25T01:01:24.375,ADP.2021-09-20T01:01:05.131,6868.5,6867.96906,6869.08905,6867.96906,brighter_earlier,14.848,14.625,10.785,5.973,1.806,-0.83101,0.21286,11.743,,low_sensitivity_spectral_edge,feature is in the low-sensitivity edge of the extracted spectrum,,-49.145,-44.176
TOI-2194,ADP.2021-05-25T01:01:24.375,ADP.2021-09-20T01:01:05.131,6869.08,6868.54901,6869.66909,6869.66909,brighter_later,8.373,7.746,8.098,5.973,1.356,0.480704,0.016199,12.733,,low_sensitivity_spectral_edge,feature is in the low-sensitivity edge of the extracted spectrum,,-16.25,-11.282
TOI-2194,ADP.2021-05-25T01:01:24.375,ADP.2021-09-20T01:01:05.131,6869.3,6868.769,6869.88911,6868.769,brighter_earlier,17.526,17.526,6.899,5.973,1.155,-1.015794,0.440034,5.187,,low_sensitivity_spectral_edge,feature is in the low-sensitivity edge of the extracted spectrum,,-68.042,-63.074
TOI-2194,ADP.2021-05-25T01:01:24.375,ADP.2021-09-20T01:01:05.131,6869.63,6869.09897,6870.21914,6870.21914,brighter_later,11.574,11.574,11.306,5.974,1.893,0.680352,-0.019459,1.17,,low_sensitivity_spectral_edge,feature is in the low-sensitivity edge of the extracted spectrum,,-30.253,-25.284
TOI-2194,ADP.2021-05-25T01:01:24.375,ADP.2021-09-20T01:01:05.131,6870.34,6869.80892,6870.9292,6869.80892,brighter_earlier,8.371,8.362,6.901,5.974,1.155,-0.50346,-0.196953,4.092,,low_sensitivity_spectral_edge,feature is in the low-sensitivity edge of the extracted spectrum,,-16.243,-11.274
TOI-2194,ADP.2021-05-25T01:01:24.375,ADP.2021-09-20T01:01:05.131,6870.54,6870.0089,6871.12922,6871.12922,brighter_later,12.806,12.806,4.32,5.974,0.723,0.773559,0.632877,12.939,,low_sensitivity_spectral_edge,feature is in the low-sensitivity edge of the extracted spectrum,,-36.819,-31.85
TOI-2194,ADP.2021-05-25T01:01:24.375,ADP.2021-09-20T01:01:05.131,6870.67,6870.13889,6871.25923,6870.13889,brighter_earlier,10.966,10.637,3.795,5.974,0.635,-0.664292,-0.128739,12.806,,low_sensitivity_spectral_edge,feature is in the low-sensitivity edge of the extracted spectrum,,-27.254,-22.286
TOI-2194,ADP.2021-05-25T01:01:24.375,ADP.2021-09-20T01:01:05.131,6870.72,6870.18889,6871.30924,6870.18889,brighter_earlier,12.939,12.939,6.111,5.975,1.023,-0.784624,-0.059604,12.806,,low_sensitivity_spectral_edge,feature is in the low-sensitivity edge of the extracted spectrum,,-37.567,-32.598
TOI-2194,ADP.2021-05-25T01:01:24.375,ADP.2021-09-20T01:01:05.131,6871.46,6870.92883,6872.0493,6872.0493,brighter_later,12.18,12.171,5.545,5.975,0.928,0.750385,-0.029551,12.305,,low_sensitivity_spectral_edge,feature is in the low-sensitivity edge of the extracted spectrum,,-33.401,-28.432
TOI-2194,ADP.2021-05-25T01:01:24.375,ADP.2021-09-20T01:01:05.131,6871.5,6870.96883,6872.0893,6872.0893,brighter_later,12.247,12.213,4.579,5.975,0.766,0.755119,0.007825,12.305,,low_sensitivity_spectral_edge,feature is in the low-sensitivity edge of the extracted spectrum,,-33.759,-28.79
TOI-2194,ADP.2021-05-25T01:01:24.375,ADP.2021-09-20T01:01:05.131,6871.64,6871.10882,6872.22931,6871.10882,brighter_earlier,12.305,12.305,4.371,5.975,0.731,-0.760921,0.490056,12.247,,low_sensitivity_spectral_edge,feature is in the low-sensitivity edge of the extracted spectrum,,-34.07,-29.101
TOI-2194,ADP.2021-05-25T01:01:24.375,ADP.2021-09-20T01:01:05.131,6871.68,6871.14881,6872.26932,6871.14881,brighter_earlier,11.956,11.956,3.826,5.975,0.64,-0.739991,0.403812,12.794,,low_sensitivity_spectral_edge,feature is in the low-sensitivity edge of the extracted spectrum,,-32.219,-27.25
TOI-2194,ADP.2021-05-25T01:01:24.375,ADP.2021-09-20T01:01:05.131,6871.79,6871.2588,6872.37933,6872.37933,brighter_later,11.366,10.787,3.328,5.975,0.557,0.705079,-0.095985,12.305,,low_sensitivity_spectral_edge,feature is in the low-sensitivity edge of the extracted spectrum,,-29.209,-24.241
TOI-2194,ADP.2021-05-25T01:01:24.375,ADP.2021-09-20T01:01:05.131,6871.85,6871.3188,6872.43933,6872.43933,brighter_later,12.794,12.78,6.064,5.976,1.015,0.794698,-0.012905,11.956,,low_sensitivity_spectral_edge,feature is in the low-sensitivity edge of the extracted spectrum,,-36.752,-31.783
TOI-2194,ADP.2021-05-25T01:01:24.375,ADP.2021-09-20T01:01:05.131,6872.23,6871.69877,6872.81937,6871.69877,brighter_earlier,14.208,14.208,5.682,5.976,0.951,-0.889561,0.028729,0.153,,low_sensitivity_spectral_edge,feature is in the low-sensitivity edge of the extracted spectrum,,-45.088,-40.119
TOI-2194,ADP.2021-05-25T01:01:24.375,ADP.2021-09-20T01:01:05.131,6872.28,6871.74877,6872.86937,6871.74877,brighter_earlier,14.787,14.787,6.321,5.976,1.058,-0.926777,0.01459,0.0,,low_sensitivity_spectral_edge,feature is in the low-sensitivity edge of the extracted spectrum,,-48.75,-43.782
TOI-2194,ADP.2021-05-25T01:01:24.375,ADP.2021-09-20T01:01:05.131,6872.76,6872.22873,6873.34941,6873.34941,brighter_later,13.25,13.247,6.33,5.976,1.059,0.838691,-0.058697,0.0,,low_sensitivity_spectral_edge,feature is in the low-sensitivity edge of the extracted spectrum,,-39.346,-34.377
TOI-2194,ADP.2021-05-25T01:01:24.375,ADP.2021-09-20T01:01:05.131,6872.81,6872.27873,6873.39941,6873.39941,brighter_later,12.986,12.826,5.628,5.976,0.942,0.822827,-0.013261,0.805,,low_sensitivity_spectral_edge,feature is in the low-sensitivity edge of the extracted spectrum,,-37.833,-32.864
TOI-2194,ADP.2021-05-25T01:01:24.375,ADP.2021-09-20T01:01:05.131,6873.19,6872.6587,6873.77945,6872.6587,brighter_earlier,13.43,13.43,6.245,5.977,1.045,-0.857618,-0.011695,11.522,,low_sensitivity_spectral_edge,feature is in the low-sensitivity edge of the extracted spectrum,,-40.394,-35.426
TOI-2194,ADP.2021-05-25T01:01:24.375,ADP.2021-09-20T01:01:05.131,6873.23,6872.69869,6873.81945,6872.69869,brighter_earlier,12.495,12.495,4.079,5.977,0.682,-0.798581,-0.078746,12.713,,low_sensitivity_spectral_edge,feature is in the low-sensitivity edge of the extracted spectrum,,-35.1,-30.131
TOI-2194,ADP.2021-05-25T01:01:24.375,ADP.2021-09-20T01:01:05.131,6873.35,6872.81868,6873.93946,6873.93946,brighter_later,11.522,10.953,3.704,5.977,0.62,0.738176,-0.018419,13.43,,low_sensitivity_spectral_edge,feature is in the low-sensitivity edge of the extracted spectrum,,-29.991,-25.022
TOI-2194,ADP.2021-05-25T01:01:24.375,ADP.2021-09-20T01:01:05.131,6873.41,6872.87868,6873.99947,6873.99947,brighter_later,12.713,12.608,5.897,5.977,0.987,0.815495,0.076471,12.495,,low_sensitivity_spectral_edge,feature is in the low-sensitivity edge of the extracted spectrum,,-36.3,-31.332
TOI-2194,ADP.2021-05-25T01:01:24.375,ADP.2021-09-20T01:01:05.131,6874.04,6873.50863,6874.62952,6873.50863,brighter_earlier,13.5,13.5,5.467,5.977,0.915,-0.877039,0.027624,2.101,,low_sensitivity_spectral_edge,feature is in the low-sensitivity edge of the extracted spectrum,,-40.806,-35.837
TOI-2194,ADP.2021-05-25T01:01:24.375,ADP.2021-09-20T01:01:05.131,6874.09,6873.55863,6874.67952,6873.55863,brighter_earlier,13.7,13.7,5.684,5.977,0.951,-0.890923,0.024853,8.749,,low_sensitivity_spectral_edge,feature is in the low-sensitivity edge of the extracted spectrum,,-41.993,-37.025
TOI-2194,ADP.2021-05-25T01:01:24.375,ADP.2021-09-20T01:01:05.131,6874.3,6873.76861,6874.88954,6874.88954,brighter_later,13.07,13.046,5.127,5.978,0.858,0.853552,0.013907,9.953,,low_sensitivity_spectral_edge,feature is in the low-sensitivity edge of the extracted spectrum,,-38.311,-33.342
TOI-2194,ADP.2021-05-25T01:01:24.375,ADP.2021-09-20T01:01:05.131,6874.36,6873.82861,6874.94955,6874.94955,brighter_later,13.549,13.549,5.897,5.978,0.986,0.885879,0.020806,1.866,,low_sensitivity_spectral_edge,feature is in the low-sensitivity edge of the extracted spectrum,,-41.095,-36.126
TOI-2194,ADP.2021-05-25T01:01:24.375,ADP.2021-09-20T01:01:05.131,6874.98,6874.44856,6875.5696,6874.44856,brighter_earlier,11.688,11.655,5.589,5.978,0.935,-0.773646,-0.039512,10.004,,low_sensitivity_spectral_edge,feature is in the low-sensitivity edge of the extracted spectrum,,-30.833,-25.865
TOI-2194,ADP.2021-05-25T01:01:24.375,ADP.2021-09-20T01:01:05.131,6875.03,6874.49855,6875.61961,6874.49855,brighter_earlier,11.099,11.099,4.007,5.978,0.67,-0.735374,-0.090215,10.004,,low_sensitivity_spectral_edge,feature is in the low-sensitivity edge of the extracted spectrum,,-27.897,-22.928
TOI-2194,ADP.2021-05-25T01:01:24.375,ADP.2021-09-20T01:01:05.131,6875.15,6874.61855,6875.73962,6875.73962,brighter_later,10.004,9.265,3.306,5.978,0.553,0.664371,-0.141682,11.688,,low_sensitivity_spectral_edge,feature is in the low-sensitivity edge of the extracted spectrum,,-22.835,-17.866
TOI-2194,ADP.2021-05-25T01:01:24.375,ADP.2021-09-20T01:01:05.131,6875.22,6874.68854,6875.80962,6875.80962,brighter_later,12.425,12.425,5.933,5.978,0.992,0.826294,0.000698,9.875,,low_sensitivity_spectral_edge,feature is in the low-sensitivity edge of the extracted spectrum,,-34.718,-29.75
TOI-2194,ADP.2021-05-25T01:01:24.375,ADP.2021-09-20T01:01:05.131,6877.05,6876.5184,6877.63978,6876.5184,brighter_earlier,11.261,11.261,11.426,5.98,1.911,-0.77574,-0.030475,10.626,,low_sensitivity_spectral_edge,feature is in the low-sensitivity edge of the extracted spectrum,,-28.689,-23.721
TOI-2194,ADP.2021-05-25T01:01:24.375,ADP.2021-09-20T01:01:05.131,6877.22,6876.68839,6877.80979,6877.80979,brighter_later,10.626,10.33,4.548,5.98,0.76,0.734328,0.009715,11.261,,low_sensitivity_spectral_edge,feature is in the low-sensitivity edge of the extracted spectrum,,-25.647,-20.678
TOI-2194,ADP.2021-05-25T01:01:24.375,ADP.2021-09-20T01:01:05.131,6877.28,6876.74838,6877.8698,6877.8698,brighter_later,11.371,11.343,5.529,5.98,0.925,0.786735,0.027779,6.469,,low_sensitivity_spectral_edge,feature is in the low-sensitivity edge of the extracted spectrum,,-29.234,-24.265
TOI-2194,ADP.2021-05-25T01:01:24.375,ADP.2021-09-20T01:01:05.131,6878.16,6877.62831,6878.74987,6878.74987,brighter_later,12.047,12.047,5.86,5.981,0.98,0.847306,0.013715,0.904,,low_sensitivity_spectral_edge,feature is in the low-sensitivity edge of the extracted spectrum,,-32.697,-27.728
TOI-2194,ADP.2021-05-25T01:01:24.375,ADP.2021-09-20T01:01:05.131,6878.19,6877.65831,6878.77988,6878.77988,brighter_later,11.636,11.636,5.41,5.981,0.905,0.818882,0.02066,2.952,,low_sensitivity_spectral_edge,feature is in the low-sensitivity edge of the extracted spectrum,,-30.568,-25.599
TOI-2194,ADP.2021-05-25T01:01:24.375,ADP.2021-09-20T01:01:05.131,6878.46,6877.92829,6879.0499,6877.92829,brighter_earlier,10.747,10.546,11.779,5.981,1.969,-0.760053,-0.004465,2.069,,low_sensitivity_spectral_edge,feature is in the low-sensitivity edge of the extracted spectrum,,-26.213,-21.244
TOI-2194,ADP.2021-05-25T01:01:24.375,ADP.2021-09-20T01:01:05.131,6879.34,6878.80822,6879.92997,6878.80822,brighter_earlier,8.964,8.879,10.077,5.982,1.685,-0.644257,0.020015,5.95,,low_sensitivity_spectral_edge,feature is in the low-sensitivity edge of the extracted spectrum,,-18.504,-13.536
TOI-2194,ADP.2021-05-25T01:01:24.375,ADP.2021-09-20T01:01:05.131,6879.56,6879.0282,6880.14999,6880.14999,brighter_later,10.767,10.746,4.945,5.982,0.827,0.776956,0.007407,5.884,,low_sensitivity_spectral_edge,feature is in the low-sensitivity edge of the extracted spectrum,,-26.307,-21.339
TOI-2194,ADP.2021-05-25T01:01:24.375,ADP.2021-09-20T01:01:05.131,6879.59,6879.0582,6880.18,6880.18,brighter_later,10.699,10.699,5.518,5.982,0.922,0.77244,0.004306,2.567,,low_sensitivity_spectral_edge,feature is in the low-sensitivity edge of the extracted spectrum,,-25.988,-21.019
TOI-2194,ADP.2021-05-25T01:01:24.375,ADP.2021-09-20T01:01:05.131,6880.46,6879.92813,6881.05007,6881.05007,brighter_later,8.745,8.732,9.423,5.983,1.575,0.641244,0.006967,1.185,,low_sensitivity_spectral_edge,feature is in the low-sensitivity edge of the extracted spectrum,,-17.652,-12.683
TOI-2194,ADP.2021-05-25T01:01:24.375,ADP.2021-09-20T01:01:05.131,6883.25,6882.71792,6883.84031,6882.71792,brighter_earlier,9.286,9.283,10.562,5.985,1.765,-0.714697,0.014362,0.857,,low_sensitivity_spectral_edge,feature is in the low-sensitivity edge of the extracted spectrum,,-19.795,-14.827
TOI-2194,ADP.2021-05-25T01:01:24.375,ADP.2021-09-20T01:01:05.131,6884.38,6883.84783,6884.97041,6884.97041,brighter_later,8.95,8.95,5.376,5.986,0.898,0.701986,-0.05852,0.232,,low_sensitivity_spectral_edge,feature is in the low-sensitivity edge of the extracted spectrum,,-18.449,-13.48
TOI-2194,ADP.2021-05-25T01:01:24.375,ADP.2021-09-20T01:01:05.131,6885.15,6884.61777,6885.74047,6884.61777,brighter_earlier,8.31,8.305,4.932,5.987,0.824,-0.660148,-0.02991,0.436,,low_sensitivity_spectral_edge,feature is in the low-sensitivity edge of the extracted spectrum,,-16.019,-11.05
TOI-2194,ADP.2021-05-25T01:01:24.375,ADP.2021-09-20T01:01:05.131,6885.18,6884.64777,6885.77048,6884.64777,brighter_earlier,8.832,8.75,5.203,5.987,0.869,-0.701959,-0.018841,0.735,,low_sensitivity_spectral_edge,feature is in the low-sensitivity edge of the extracted spectrum,,-17.988,-13.019
TOI-2194,ADP.2021-05-25T01:01:24.375,ADP.2021-09-20T01:01:05.131,6886.13,6885.5977,6886.72056,6885.5977,brighter_earlier,9.189,9.189,5.103,5.988,0.852,-0.741661,-0.023327,8.933,,low_sensitivity_spectral_edge,feature is in the low-sensitivity edge of the extracted spectrum,,-19.402,-14.433
TOI-2194,ADP.2021-05-25T01:01:24.375,ADP.2021-09-20T01:01:05.131,6886.18,6885.64769,6886.77056,6885.64769,brighter_earlier,8.47,8.47,3.112,5.988,0.52,-0.684241,-0.118168,8.933,,low_sensitivity_spectral_edge,feature is in the low-sensitivity edge of the extracted spectrum,,-16.61,-11.641
TOI-2194,ADP.2021-05-25T01:01:24.375,ADP.2021-09-20T01:01:05.131,6886.31,6885.77768,6886.90057,6886.90057,brighter_later,8.933,8.922,5.406,5.988,0.903,0.723113,-0.055213,9.189,,low_sensitivity_spectral_edge,feature is in the low-sensitivity edge of the extracted spectrum,,-18.382,-13.414
TOI-2194,ADP.2021-05-25T01:01:24.375,ADP.2021-09-20T01:01:05.131,6887.25,6886.71761,6887.84065,6887.84065,brighter_later,9.058,9.058,4.832,5.989,0.807,0.74436,0.049201,0.686,,low_sensitivity_spectral_edge,feature is in the low-sensitivity edge of the extracted spectrum,,-18.877,-13.908
TOI-2194,ADP.2021-05-25T01:01:24.375,ADP.2021-09-20T01:01:05.131,6887.31,6886.77761,6887.90066,6887.90066,brighter_later,8.853,8.849,4.701,5.989,0.785,0.728208,0.046862,0.687,,low_sensitivity_spectral_edge,feature is in the low-sensitivity edge of the extracted spectrum,,-18.07,-13.101
TOI-2194,ADP.2021-05-25T01:01:24.375,ADP.2021-09-20T01:01:05.131,6888.34,6887.80753,6888.93075,6887.80753,brighter_earlier,9.191,9.191,5.141,5.99,0.858,-0.768295,0.020411,0.531,,low_sensitivity_spectral_edge,feature is in the low-sensitivity edge of the extracted spectrum,,-19.41,-14.441
TOI-2194,ADP.2021-05-25T01:01:24.375,ADP.2021-09-20T01:01:05.131,6888.39,6887.85752,6888.98075,6887.85752,brighter_earlier,8.614,8.594,4.428,5.99,0.739,-0.720643,0.02471,1.1,,low_sensitivity_spectral_edge,feature is in the low-sensitivity edge of the extracted spectrum,,-17.151,-12.183
TOI-2194,ADP.2021-05-25T01:01:24.375,ADP.2021-09-20T01:01:05.131,6889.28,6888.74745,6889.87083,6888.74745,brighter_earlier,8.961,8.961,5.015,5.991,0.837,-0.76009,-0.011672,8.424,,low_sensitivity_spectral_edge,feature is in the low-sensitivity edge of the extracted spectrum,,-18.492,-13.524
TOI-2194,ADP.2021-05-25T01:01:24.375,ADP.2021-09-20T01:01:05.131,6889.46,6888.92744,6890.05084,6890.05084,brighter_later,8.424,8.424,3.836,5.991,0.64,0.716521,-0.043439,8.961,,low_sensitivity_spectral_edge,feature is in the low-sensitivity edge of the extracted spectrum,,-16.439,-11.47
TOI-2194,ADP.2021-05-25T01:01:24.375,ADP.2021-09-20T01:01:05.131,6889.51,6888.97744,6890.10085,6890.10085,brighter_later,8.666,8.666,5.214,5.991,0.87,0.737645,-0.068026,7.972,,low_sensitivity_spectral_edge,feature is in the low-sensitivity edge of the extracted spectrum,,-17.349,-12.38
TOI-2194,ADP.2021-05-25T01:01:24.375,ADP.2021-09-20T01:01:05.131,6890.4,6889.86737,6890.99092,6890.99092,brighter_later,8.196,8.18,4.371,5.992,0.73,0.702898,0.016051,0.629,,low_sensitivity_spectral_edge,feature is in the low-sensitivity edge of the extracted spectrum,,-15.605,-10.636
TOI-2194,ADP.2021-05-25T01:01:24.375,ADP.2021-09-20T01:01:05.131,6890.47,6889.93736,6891.06093,6891.06093,brighter_later,8.729,8.72,5.261,5.992,0.878,0.748646,0.007361,0.308,,low_sensitivity_spectral_edge,feature is in the low-sensitivity edge of the extracted spectrum,,-17.59,-12.621
TOI-2194,ADP.2021-05-25T01:01:24.375,ADP.2021-09-20T01:01:05.131,6891.76,6891.22726,6892.35104,6891.22726,brighter_earlier,8.8,8.8,4.865,5.993,0.812,-0.754769,0.017313,0.56,,low_sensitivity_spectral_edge,feature is in the low-sensitivity edge of the extracted spectrum,,-17.864,-12.895
TOI-2194,ADP.2021-05-25T01:01:24.375,ADP.2021-09-20T01:01:05.131,6891.81,6891.27726,6892.40104,6891.27726,brighter_earlier,8.772,8.772,4.704,5.993,0.785,-0.752356,0.00949,0.551,,low_sensitivity_spectral_edge,feature is in the low-sensitivity edge of the extracted spectrum,,-17.756,-12.787
TOI-2194,ADP.2021-05-25T01:01:24.375,ADP.2021-09-20T01:01:05.131,6892.69,6892.15719,6893.28112,6892.15719,brighter_earlier,8.271,8.223,5.398,5.994,0.901,-0.709481,-0.048391,7.203,,low_sensitivity_spectral_edge,feature is in the low-sensitivity edge of the extracted spectrum,,-15.877,-10.908
TOI-2194,ADP.2021-05-25T01:01:24.375,ADP.2021-09-20T01:01:05.131,6892.88,6892.34717,6893.47114,6893.47114,brighter_later,8.161,8.161,3.883,5.994,0.648,0.700041,-0.111626,7.567,,low_sensitivity_spectral_edge,feature is in the low-sensitivity edge of the extracted spectrum,,-15.479,-10.51
TOI-2194,ADP.2021-05-25T01:01:24.375,ADP.2021-09-20T01:01:05.131,6892.94,6892.40717,6893.53114,6893.53114,brighter_later,8.677,8.677,5.452,5.994,0.91,0.744298,-0.046362,7.567,,low_sensitivity_spectral_edge,feature is in the low-sensitivity edge of the extracted spectrum,,-17.391,-12.422
TOI-2194,ADP.2021-05-25T01:01:24.375,ADP.2021-09-20T01:01:05.131,6893.81,6893.2771,6894.40122,6894.40122,brighter_later,8.219,8.217,4.789,5.995,0.799,0.705026,-0.017997,0.891,,low_sensitivity_spectral_edge,feature is in the low-sensitivity edge of the extracted spectrum,,-15.688,-10.719
TOI-2194,ADP.2021-05-25T01:01:24.375,ADP.2021-09-20T01:01:05.131,6893.88,6893.3471,6894.47122,6894.47122,brighter_later,8.627,8.627,5.43,5.995,0.906,0.740051,0.003632,0.601,,low_sensitivity_spectral_edge,feature is in the low-sensitivity edge of the extracted spectrum,,-17.201,-12.232
TOI-2194,ADP.2021-05-25T01:01:24.375,ADP.2021-09-20T01:01:05.131,6895.48,6894.94697,6896.07136,6894.94697,brighter_earlier,8.696,8.678,4.504,5.996,0.751,-0.746101,0.014151,0.852,,low_sensitivity_spectral_edge,feature is in the low-sensitivity edge of the extracted spectrum,,-17.464,-12.495
TOI-2194,ADP.2021-05-25T01:01:24.375,ADP.2021-09-20T01:01:05.131,6896.35,6895.81691,6896.94143,6895.81691,brighter_earlier,8.865,8.865,5.115,5.997,0.853,-0.760611,0.051128,6.633,,low_sensitivity_spectral_edge,feature is in the low-sensitivity edge of the extracted spectrum,,-18.116,-13.148
TOI-2194,ADP.2021-05-25T01:01:24.375,ADP.2021-09-20T01:01:05.131,6896.41,6895.8769,6897.00144,6895.8769,brighter_earlier,8.336,8.336,4.02,5.997,0.67,-0.715285,-0.069278,7.621,,low_sensitivity_spectral_edge,feature is in the low-sensitivity edge of the extracted spectrum,,-16.114,-11.146
TOI-2194,ADP.2021-05-25T01:01:24.375,ADP.2021-09-20T01:01:05.131,6896.61,6896.07689,6897.20146,6897.20146,brighter_later,8.888,8.888,4.826,5.997,0.805,0.762588,-0.012478,6.258,,low_sensitivity_spectral_edge,feature is in the low-sensitivity edge of the extracted spectrum,,-18.206,-13.237
TOI-2194,ADP.2021-05-25T01:01:24.375,ADP.2021-09-20T01:01:05.131,6897.47,6896.93682,6898.06153,6898.06153,brighter_later,8.596,8.56,4.864,5.998,0.811,0.737655,0.025129,0.775,,low_sensitivity_spectral_edge,feature is in the low-sensitivity edge of the extracted spectrum,,-17.083,-12.115
TOI-2194,ADP.2021-05-25T01:01:24.375,ADP.2021-09-20T01:01:05.131,6897.54,6897.00681,6898.13154,6898.13154,brighter_later,8.315,8.315,4.715,5.998,0.786,0.713546,0.028244,0.47,,low_sensitivity_spectral_edge,feature is in the low-sensitivity edge of the extracted spectrum,,-16.037,-11.069
TOI-2194,ADP.2021-05-25T01:01:24.375,ADP.2021-09-20T01:01:05.131,6899.34,6898.80668,6899.93169,6898.80668,brighter_earlier,8.306,8.305,4.263,5.999,0.711,-0.712861,0.050419,0.568,,low_sensitivity_spectral_edge,feature is in the low-sensitivity edge of the extracted spectrum,,-16.004,-11.036
TOI-2194,ADP.2021-05-25T01:01:24.375,ADP.2021-09-20T01:01:05.131,6899.39,6898.85667,6899.98169,6898.85667,brighter_earlier,8.718,8.677,4.477,5.999,0.746,-0.74822,0.054684,0.773,,low_sensitivity_spectral_edge,feature is in the low-sensitivity edge of the extracted spectrum,,-17.548,-12.579
TOI-2194,ADP.2021-05-25T01:01:24.375,ADP.2021-09-20T01:01:05.131,6900.26,6899.7266,6900.85177,6899.7266,brighter_earlier,9.532,9.532,4.956,6.0,0.826,-0.818116,0.038,7.326,,low_sensitivity_spectral_edge,feature is in the low-sensitivity edge of the extracted spectrum,,-20.812,-15.843
TOI-2194,ADP.2021-05-25T01:01:24.375,ADP.2021-09-20T01:01:05.131,6900.31,6899.7766,6900.90177,6899.7766,brighter_earlier,8.862,8.862,4.341,6.0,0.724,-0.760585,-0.046274,8.352,,low_sensitivity_spectral_edge,feature is in the low-sensitivity edge of the extracted spectrum,,-18.105,-13.136
TOI-2194,ADP.2021-05-25T01:01:24.375,ADP.2021-09-20T01:01:05.131,6900.46,6899.92659,6901.05179,6901.05179,brighter_later,8.352,7.873,3.751,6.0,0.625,0.716847,-0.049228,8.862,,low_sensitivity_spectral_edge,feature is in the low-sensitivity edge of the extracted spectrum,,-16.173,-11.204
TOI-2194,ADP.2021-05-25T01:01:24.375,ADP.2021-09-20T01:01:05.131,6900.52,6899.98658,6901.11179,6901.11179,brighter_later,9.434,9.434,4.947,6.0,0.824,0.809756,0.031398,6.74,,low_sensitivity_spectral_edge,feature is in the low-sensitivity edge of the extracted spectrum,,-20.404,-15.435
TOI-2194,ADP.2021-05-25T01:01:24.375,ADP.2021-09-20T01:01:05.131,6903.51,6902.97635,6904.10205,6902.97635,brighter_earlier,8.165,8.165,4.262,6.003,0.71,-0.700995,-0.021787,0.819,,low_sensitivity_spectral_edge,feature is in the low-sensitivity edge of the extracted spectrum,,-15.493,-10.524
TOI-2194,ADP.2021-05-25T01:01:24.375,ADP.2021-09-20T01:01:05.131,6903.55,6903.01635,6904.14205,6903.01635,brighter_earlier,8.372,8.308,4.384,6.003,0.73,-0.71879,-0.007328,0.895,,low_sensitivity_spectral_edge,feature is in the low-sensitivity edge of the extracted spectrum,,-16.247,-11.278
TOI-2194,ADP.2021-05-25T01:01:24.375,ADP.2021-09-20T01:01:05.131,6904.42,6903.88628,6905.01213,6903.88628,brighter_earlier,9.526,9.526,4.94,6.004,0.823,-0.817897,0.021578,6.545,,low_sensitivity_spectral_edge,feature is in the low-sensitivity edge of the extracted spectrum,,-20.787,-15.818
TOI-2194,ADP.2021-05-25T01:01:24.375,ADP.2021-09-20T01:01:05.131,6904.46,6903.92628,6905.05213,6903.92628,brighter_earlier,9.171,9.171,4.183,6.004,0.697,-0.787443,-0.013882,8.973,,low_sensitivity_spectral_edge,feature is in the low-sensitivity edge of the extracted spectrum,,-19.329,-14.36
TOI-2194,ADP.2021-05-25T01:01:24.375,ADP.2021-09-20T01:01:05.131,6904.63,6904.09627,6905.22214,6905.22214,brighter_later,8.973,8.9,4.176,6.004,0.696,0.770448,0.001197,9.171,,low_sensitivity_spectral_edge,feature is in the low-sensitivity edge of the extracted spectrum,,-18.54,-13.571
TOI-2194,ADP.2021-05-25T01:01:24.375,ADP.2021-09-20T01:01:05.131,6904.68,6904.14626,6905.27215,6905.27215,brighter_later,9.338,9.338,4.662,6.004,0.776,0.801732,0.014231,5.514,,low_sensitivity_spectral_edge,feature is in the low-sensitivity edge of the extracted spectrum,,-20.008,-15.039
TOI-2194,ADP.2021-05-25T01:01:24.375,ADP.2021-09-20T01:01:05.131,6905.54,6905.0062,6906.13222,6906.13222,brighter_later,8.58,8.57,4.239,6.005,0.706,0.736761,0.018349,1.087,,low_sensitivity_spectral_edge,feature is in the low-sensitivity edge of the extracted spectrum,,-17.023,-12.054
TOI-2194,ADP.2021-05-25T01:01:24.375,ADP.2021-09-20T01:01:05.131,6905.59,6905.05619,6906.18223,6906.18223,brighter_later,8.307,8.307,4.388,6.005,0.731,0.71331,0.039149,0.746,,low_sensitivity_spectral_edge,feature is in the low-sensitivity edge of the extracted spectrum,,-16.008,-11.039
TOI-2194,ADP.2021-05-25T01:01:24.375,ADP.2021-09-20T01:01:05.131,6907.94,6907.40601,6908.53243,6907.40601,brighter_earlier,8.738,8.738,4.643,6.007,0.773,-0.750488,0.025519,0.996,,low_sensitivity_spectral_edge,feature is in the low-sensitivity edge of the extracted spectrum,,-17.625,-12.656
TOI-2194,ADP.2021-05-25T01:01:24.375,ADP.2021-09-20T01:01:05.131,6908.83,6908.29594,6909.4225,6908.29594,brighter_earlier,9.356,9.356,4.643,6.008,0.773,-0.803547,0.016103,4.922,,low_sensitivity_spectral_edge,feature is in the low-sensitivity edge of the extracted spectrum,,-20.082,-15.113
TOI-2194,ADP.2021-05-25T01:01:24.375,ADP.2021-09-20T01:01:05.131,6908.86,6908.32594,6909.45251,6908.32594,brighter_earlier,9.055,8.943,4.085,6.008,0.68,-0.7777,-0.01791,8.531,,low_sensitivity_spectral_edge,feature is in the low-sensitivity edge of the extracted spectrum,,-18.865,-13.896
TOI-2194,ADP.2021-05-25T01:01:24.375,ADP.2021-09-20T01:01:05.131,6909.06,6908.52592,6909.65252,6909.65252,brighter_later,9.231,9.231,4.736,6.008,0.788,0.792859,-0.015962,8.13,,low_sensitivity_spectral_edge,feature is in the low-sensitivity edge of the extracted spectrum,,-19.572,-14.603
TOI-2194,ADP.2021-05-25T01:01:24.375,ADP.2021-09-20T01:01:05.131,6909.09,6908.55592,6909.68253,6909.68253,brighter_later,9.011,9.011,4.482,6.008,0.746,0.773973,0.006837,3.961,,low_sensitivity_spectral_edge,feature is in the low-sensitivity edge of the extracted spectrum,,-18.69,-13.721
TOI-2194,ADP.2021-05-25T01:01:24.375,ADP.2021-09-20T01:01:05.131,6909.95,6909.41585,6910.5426,6910.5426,brighter_later,8.242,8.23,4.192,6.009,0.698,0.707993,0.009015,0.977,,low_sensitivity_spectral_edge,feature is in the low-sensitivity edge of the extracted spectrum,,-15.771,-10.802
TOI-2194,ADP.2021-05-25T01:01:24.375,ADP.2021-09-20T01:01:05.131,6909.99,6909.45585,6910.5826,6910.5826,brighter_later,8.32,8.267,3.915,6.009,0.651,0.714638,0.006954,0.832,,low_sensitivity_spectral_edge,feature is in the low-sensitivity edge of the extracted spectrum,,-16.056,-11.087
TOI-2458,ADP.2022-02-20T01:06:53.624,ADP.2022-04-09T01:03:22.027,4186.35,4186.71896,4186.69426,4186.71896,brighter_earlier,21.14,21.14,2.269,3.64,0.623,-0.532086,0.482779,1.805,,likely_single_pixel_or_cosmic_ray,feature is narrower than the instrumental line-spread function,,-98.467,-93.496
TOI-2458,ADP.2022-02-20T01:06:53.624,ADP.2022-04-09T01:03:22.027,4231.42,4231.79293,4231.76797,4231.79293,brighter_earlier,11.561,11.561,1.906,3.679,0.518,-0.275957,0.245262,1.693,,likely_single_pixel_or_cosmic_ray,feature is narrower than the instrumental line-spread function,,-30.187,-25.216
TOI-2458,ADP.2022-02-20T01:06:53.624,ADP.2022-04-09T01:03:22.027,4462.41,4462.80329,4462.77696,4462.80329,brighter_earlier,11.167,11.167,1.517,3.88,0.391,-0.191641,0.403112,1.826,,likely_single_pixel_or_cosmic_ray,feature is narrower than the instrumental line-spread function,,-28.228,-23.257
TOI-2458,ADP.2022-02-20T01:06:53.624,ADP.2022-04-09T01:03:22.027,4646.8,4647.20954,4647.18213,4647.20954,brighter_earlier,12.557,12.557,2.55,4.041,0.631,-0.181885,0.224282,2.558,,likely_single_pixel_or_cosmic_ray,feature is narrower than the instrumental line-spread function,,-35.439,-30.468
TOI-2458,ADP.2022-02-20T01:06:53.624,ADP.2022-04-09T01:03:22.027,4764.13,4764.54988,4764.52177,4764.52177,brighter_later,9.461,9.461,2.934,4.143,0.708,0.12864,0.13211,2.058,,likely_single_pixel_or_cosmic_ray,feature is narrower than the instrumental line-spread function,,-20.516,-15.545
TOI-2458,ADP.2022-02-20T01:06:53.624,ADP.2022-04-09T01:03:22.027,5011.02,5011.46164,5011.43208,5011.46164,brighter_earlier,10.856,10.856,1.954,4.357,0.448,-0.145002,0.09401,2.756,,likely_single_pixel_or_cosmic_ray,feature is narrower than the instrumental line-spread function,,-26.729,-21.758
TOI-2458,ADP.2022-02-20T01:06:53.624,ADP.2022-04-09T01:03:22.027,5174.53,5174.98605,5174.95552,5174.95552,brighter_later,8.273,8.273,2.424,4.5,0.539,0.105029,0.138236,1.223,,likely_single_pixel_or_cosmic_ray,feature is narrower than the instrumental line-spread function,,-15.884,-10.913
TOI-2458,ADP.2022-02-20T01:06:53.624,ADP.2022-04-09T01:03:22.027,5268.22,5268.6843,5268.65323,5268.6843,brighter_earlier,15.914,15.914,1.814,4.581,0.396,-0.197552,0.158047,3.415,,likely_single_pixel_or_cosmic_ray,feature is narrower than the instrumental line-spread function,,-56.295,-51.324
TOI-2458,ADP.2022-02-20T01:06:53.624,ADP.2022-04-09T01:03:22.027,5291.52,5291.98636,5291.95514,5291.95514,brighter_later,12.249,12.249,1.976,4.601,0.429,0.181833,0.173987,2.658,,likely_single_pixel_or_cosmic_ray,feature is narrower than the instrumental line-spread function,,-33.769,-28.798
TOI-2458,ADP.2022-02-20T01:06:53.624,ADP.2022-04-09T01:03:22.027,5400.76,5401.23598,5401.20413,5401.23598,brighter_earlier,34.305,34.305,3.087,4.696,0.657,-0.438159,0.44167,3.095,,likely_single_pixel_or_cosmic_ray,feature is narrower than the instrumental line-spread function,,-257.18,-252.209
TOI-2458,ADP.2022-02-20T01:06:53.624,ADP.2022-04-09T01:03:22.027,5451.68,5452.16047,5452.12831,5452.16047,brighter_earlier,8.113,8.111,1.324,4.741,0.279,-0.102221,0.100327,3.548,,likely_single_pixel_or_cosmic_ray,feature is narrower than the instrumental line-spread function,,-15.306,-10.335
TOI-2458,ADP.2022-02-20T01:06:53.624,ADP.2022-04-09T01:03:22.027,5453.18,5453.6606,5453.62844,5453.6606,brighter_earlier,12.501,12.501,2.217,4.742,0.468,-0.157288,0.148062,2.666,,likely_single_pixel_or_cosmic_ray,feature is narrower than the instrumental line-spread function,,-35.132,-30.161
TOI-2458,ADP.2022-02-20T01:06:53.624,ADP.2022-04-09T01:03:22.027,5678.12,5678.62043,5678.58694,5678.62043,brighter_earlier,11.634,11.634,2.113,4.937,0.428,-0.142072,0.142668,2.9,,likely_single_pixel_or_cosmic_ray,feature is narrower than the instrumental line-spread function,,-30.558,-25.587
TOI-2458,ADP.2022-02-20T01:06:53.624,ADP.2022-04-09T01:03:22.027,5712.49,5712.99346,5712.95976,5712.95976,brighter_later,15.556,15.556,2.931,4.967,0.59,0.185403,0.18541,3.108,,likely_single_pixel_or_cosmic_ray,feature is narrower than the instrumental line-spread function,,-53.839,-48.868
TOI-2458,ADP.2022-02-20T01:06:53.624,ADP.2022-04-09T01:03:22.027,5761.26,5761.76776,5761.73377,5761.76776,brighter_earlier,14.295,14.295,4.205,5.01,0.839,-0.165189,0.188958,2.628,,follow_up_required,instrument-width bright feature in one epoch; cosmic ray remains unexcluded,,-45.629,-40.658
TOI-2458,ADP.2022-02-20T01:06:53.624,ADP.2022-04-09T01:03:22.027,5822.39,5822.90314,5822.8688,5822.90314,brighter_earlier,12.318,12.318,2.27,5.063,0.448,-0.145924,0.124282,2.019,,likely_single_pixel_or_cosmic_ray,feature is narrower than the instrumental line-spread function,,-34.14,-29.169
TOI-2458,ADP.2022-02-20T01:06:53.624,ADP.2022-04-09T01:03:22.027,5918.99,5919.51166,5919.47674,5919.47674,brighter_later,8.569,8.554,6.057,5.147,1.177,0.1157,0.09623,8.796,,likely_alignment_or_line_profile_change,nearby opposite-sign residual is characteristic of a shifted or changing line,,-16.981,-12.01
TOI-2458,ADP.2022-02-20T01:06:53.624,ADP.2022-04-09T01:03:22.027,5919.15,5919.67167,5919.63676,5919.67167,brighter_earlier,8.796,8.796,7.91,5.147,1.537,-0.118698,-0.0406,8.569,,likely_stellar_absorption_variability,difference does not form a bright line above the local spectrum,,-17.848,-12.877
TOI-2458,ADP.2022-02-20T01:06:53.624,ADP.2022-04-09T01:03:22.027,6054.45,6054.9836,6054.94788,6054.9836,brighter_earlier,19.666,19.666,2.403,5.265,0.456,-0.221719,0.230444,2.416,,likely_single_pixel_or_cosmic_ray,feature is narrower than the instrumental line-spread function,,-85.375,-80.404
TOI-2458,ADP.2022-02-20T01:06:53.624,ADP.2022-04-09T01:03:22.027,6265.08,6265.63216,6265.5952,6265.63216,brighter_earlier,13.189,13.188,1.844,5.448,0.338,-0.194174,0.208938,1.592,,likely_single_pixel_or_cosmic_ray,feature is narrower than the instrumental line-spread function,,-38.993,-34.022
TOI-2458,ADP.2022-02-20T01:06:53.624,ADP.2022-04-09T01:03:22.027,6276.03,6276.58312,6276.5461,6276.5461,brighter_later,8.35,7.399,4.655,5.457,0.853,0.129367,-0.043081,10.209,,likely_stellar_absorption_variability,difference does not form a bright line above the local spectrum,,-16.166,-11.195
TOI-2458,ADP.2022-02-20T01:06:53.624,ADP.2022-04-09T01:03:22.027,6276.1,6276.65313,6276.61611,6276.65313,brighter_earlier,10.209,10.137,6.637,5.457,1.216,-0.158131,-0.088963,9.046,,likely_stellar_absorption_variability,difference does not form a bright line above the local spectrum,,-23.743,-18.772
TOI-2458,ADP.2022-02-20T01:06:53.624,ADP.2022-04-09T01:03:22.027,6276.25,6276.80314,6276.76612,6276.76612,brighter_later,9.046,8.083,3.93,5.458,0.72,0.140049,0.057671,10.209,,likely_single_pixel_or_cosmic_ray,feature is narrower than the instrumental line-spread function,,-18.829,-13.858
TOI-2458,ADP.2022-02-20T01:06:53.624,ADP.2022-04-09T01:03:22.027,6276.31,6276.86315,6276.82613,6276.86315,brighter_earlier,9.832,9.266,4.902,5.458,0.898,-0.152196,-0.052661,9.046,,likely_stellar_absorption_variability,difference does not form a bright line above the local spectrum,,-22.086,-17.115
TOI-2458,ADP.2022-02-20T01:06:53.624,ADP.2022-04-09T01:03:22.027,6276.74,6277.29319,6277.25616,6277.25616,brighter_later,10.597,10.49,5.314,5.458,0.974,0.163821,0.000686,10.331,,likely_stellar_absorption_variability,difference does not form a bright line above the local spectrum,,-25.512,-20.541
TOI-2458,ADP.2022-02-20T01:06:53.624,ADP.2022-04-09T01:03:22.027,6276.8,6277.35319,6277.31617,6277.35319,brighter_earlier,10.331,7.767,3.631,5.458,0.665,-0.159671,-0.067154,10.597,,likely_single_pixel_or_cosmic_ray,feature is narrower than the instrumental line-spread function,,-24.292,-19.321
TOI-2458,ADP.2022-02-20T01:06:53.624,ADP.2022-04-09T01:03:22.027,6277.5,6278.05325,6278.01623,6278.01623,brighter_later,12.015,11.992,4.943,5.459,0.906,0.185289,-0.066748,12.967,,likely_stellar_absorption_variability,difference does not form a bright line above the local spectrum,,-32.528,-27.557
TOI-2458,ADP.2022-02-20T01:06:53.624,ADP.2022-04-09T01:03:22.027,6277.61,6278.16326,6278.12623,6278.16326,brighter_earlier,12.967,12.96,7.555,5.459,1.384,-0.199901,-0.107469,12.015,,likely_stellar_absorption_variability,difference does not form a bright line above the local spectrum,,-37.725,-32.754
TOI-2458,ADP.2022-02-20T01:06:53.624,ADP.2022-04-09T01:03:22.027,6278.31,6278.86333,6278.82629,6278.82629,brighter_later,10.781,10.742,4.224,5.459,0.774,0.165841,-0.084984,11.885,,likely_stellar_absorption_variability,difference does not form a bright line above the local spectrum,,-26.373,-21.402
TOI-2458,ADP.2022-02-20T01:06:53.624,ADP.2022-04-09T01:03:22.027,6278.37,6278.92333,6278.8863,6278.92333,brighter_earlier,11.885,11.712,4.627,5.459,0.848,-0.182787,-0.066092,11.263,,likely_stellar_absorption_variability,difference does not form a bright line above the local spectrum,,-31.849,-26.878
TOI-2458,ADP.2022-02-20T01:06:53.624,ADP.2022-04-09T01:03:22.027,6278.53,6279.08335,6279.04631,6279.04631,brighter_later,11.263,11.051,5.259,5.46,0.963,0.173129,-0.021478,14.28,,likely_stellar_absorption_variability,difference does not form a bright line above the local spectrum,,-28.699,-23.728
TOI-2458,ADP.2022-02-20T01:06:53.624,ADP.2022-04-09T01:03:22.027,6278.59,6279.14335,6279.10631,6279.14335,brighter_earlier,14.28,14.279,5.395,5.46,0.988,-0.219461,-0.115444,11.263,,likely_stellar_absorption_variability,difference does not form a bright line above the local spectrum,,-45.535,-40.564
TOI-2458,ADP.2022-02-20T01:06:53.624,ADP.2022-04-09T01:03:22.027,6279.33,6279.88342,6279.84638,6279.84638,brighter_later,9.773,8.261,3.584,5.46,0.656,0.149855,-0.123479,11.536,,likely_single_pixel_or_cosmic_ray,feature is narrower than the instrumental line-spread function,,-21.833,-16.862
TOI-2458,ADP.2022-02-20T01:06:53.624,ADP.2022-04-09T01:03:22.027,6279.39,6279.94342,6279.90638,6279.94342,brighter_earlier,11.536,11.533,4.734,5.46,0.867,-0.176848,-0.106162,9.773,,likely_stellar_absorption_variability,difference does not form a bright line above the local spectrum,,-30.061,-25.09
TOI-2458,ADP.2022-02-20T01:06:53.624,ADP.2022-04-09T01:03:22.027,6279.82,6280.37346,6280.33642,6280.33642,brighter_later,10.603,7.99,4.299,5.461,0.787,0.162326,-0.077967,14.606,,likely_stellar_absorption_variability,difference does not form a bright line above the local spectrum,,-25.54,-20.569
TOI-2458,ADP.2022-02-20T01:06:53.624,ADP.2022-04-09T01:03:22.027,6279.89,6280.44347,6280.40642,6280.44347,brighter_earlier,14.606,14.606,5.311,5.461,0.973,-0.223558,-0.08142,10.603,,likely_stellar_absorption_variability,difference does not form a bright line above the local spectrum,,-47.59,-42.619
TOI-2458,ADP.2022-02-20T01:06:53.624,ADP.2022-04-09T01:03:22.027,6280.61,6281.16353,6281.12648,6281.12648,brighter_later,9.317,7.577,3.788,5.461,0.694,0.142273,-0.075967,12.968,,likely_single_pixel_or_cosmic_ray,feature is narrower than the instrumental line-spread function,,-19.922,-14.951
TOI-2458,ADP.2022-02-20T01:06:53.624,ADP.2022-04-09T01:03:22.027,6280.68,6281.23353,6281.19649,6281.23353,brighter_earlier,12.968,12.952,5.302,5.461,0.971,-0.197991,0.002339,9.317,,likely_stellar_absorption_variability,difference does not form a bright line above the local spectrum,,-37.731,-32.76
TOI-2458,ADP.2022-02-20T01:06:53.624,ADP.2022-04-09T01:03:22.027,6281.39,6281.9436,6281.90654,6281.90654,brighter_later,9.672,7.054,3.864,5.462,0.707,0.14733,-0.076651,10.5,,likely_single_pixel_or_cosmic_ray,feature is narrower than the instrumental line-spread function,,-21.402,-16.431
TOI-2458,ADP.2022-02-20T01:06:53.624,ADP.2022-04-09T01:03:22.027,6281.45,6282.0036,6281.96655,6282.0036,brighter_earlier,10.5,10.46,5.709,5.462,1.045,-0.159906,-0.09458,9.672,,likely_stellar_absorption_variability,difference does not form a bright line above the local spectrum,,-25.064,-20.093
TOI-2458,ADP.2022-02-20T01:06:53.624,ADP.2022-04-09T01:03:22.027,6289.65,6290.20433,6290.16722,6290.16722,brighter_later,9.106,8.827,4.661,5.469,0.852,0.135058,-0.055828,11.237,,likely_stellar_absorption_variability,difference does not form a bright line above the local spectrum,,-19.068,-14.097
TOI-2458,ADP.2022-02-20T01:06:53.624,ADP.2022-04-09T01:03:22.027,6289.72,6290.27433,6290.23723,6290.27433,brighter_earlier,11.237,11.236,5.06,5.469,0.925,-0.166619,-0.054298,9.106,,likely_stellar_absorption_variability,difference does not form a bright line above the local spectrum,,-28.571,-23.6
TOI-2458,ADP.2022-02-20T01:06:53.624,ADP.2022-04-09T01:03:22.027,6291.59,6292.1445,6292.10738,6292.10738,brighter_later,8.985,8.694,4.59,5.471,0.839,0.131667,-0.06,12.029,,likely_stellar_absorption_variability,difference does not form a bright line above the local spectrum,,-18.587,-13.616
TOI-2458,ADP.2022-02-20T01:06:53.624,ADP.2022-04-09T01:03:22.027,6291.65,6292.2045,6292.16739,6292.2045,brighter_earlier,12.029,12.027,5.598,5.471,1.023,-0.176206,-0.073738,8.985,,likely_stellar_absorption_variability,difference does not form a bright line above the local spectrum,,-32.602,-27.631
TOI-2458,ADP.2022-02-20T01:06:53.624,ADP.2022-04-09T01:03:22.027,6292.39,6292.94457,6292.90745,6292.90745,brighter_later,10.573,8.763,4.623,5.472,0.845,0.15409,0.011295,12.95,,likely_stellar_absorption_variability,difference does not form a bright line above the local spectrum,,-25.401,-20.43
TOI-2458,ADP.2022-02-20T01:06:53.624,ADP.2022-04-09T01:03:22.027,6292.45,6293.00457,6292.96745,6293.00457,brighter_earlier,12.95,12.944,5.79,5.472,1.058,-0.188648,-0.06457,10.573,,likely_stellar_absorption_variability,difference does not form a bright line above the local spectrum,,-37.629,-32.658
TOI-2458,ADP.2022-02-20T01:06:53.624,ADP.2022-04-09T01:03:22.027,6294.61,6295.16476,6295.12763,6295.12763,brighter_later,10.956,8.823,3.682,5.474,0.673,0.157223,-0.077217,13.083,,likely_single_pixel_or_cosmic_ray,feature is narrower than the instrumental line-spread function,,-27.206,-22.235
TOI-2458,ADP.2022-02-20T01:06:53.624,ADP.2022-04-09T01:03:22.027,6294.68,6295.23477,6295.19764,6295.23477,brighter_earlier,13.083,13.071,4.984,5.474,0.91,-0.18765,-0.04808,10.956,,likely_stellar_absorption_variability,difference does not form a bright line above the local spectrum,,-38.385,-33.414
TOI-2458,ADP.2022-02-20T01:06:53.624,ADP.2022-04-09T01:03:22.027,6295.39,6295.94483,6295.9077,6295.9077,brighter_later,11.417,11.141,4.578,5.474,0.836,0.162933,-0.082813,14.805,,likely_stellar_absorption_variability,difference does not form a bright line above the local spectrum,,-29.464,-24.493
TOI-2458,ADP.2022-02-20T01:06:53.624,ADP.2022-04-09T01:03:22.027,6295.45,6296.00484,6295.9677,6296.00484,brighter_earlier,14.805,14.796,5.631,5.474,1.029,-0.211193,-0.103342,11.417,,likely_stellar_absorption_variability,difference does not form a bright line above the local spectrum,,-48.867,-43.896
TOI-2458,ADP.2022-02-20T01:06:53.624,ADP.2022-04-09T01:03:22.027,6297.89,6298.44505,6298.4079,6298.4079,brighter_later,10.14,8.196,4.197,5.476,0.766,0.142156,-0.09124,13.223,,likely_stellar_absorption_variability,difference does not form a bright line above the local spectrum,,-23.435,-18.464
TOI-2458,ADP.2022-02-20T01:06:53.624,ADP.2022-04-09T01:03:22.027,6297.95,6298.50506,6298.46791,6298.50506,brighter_earlier,13.223,13.208,5.505,5.476,1.005,-0.185304,-0.078676,10.14,,likely_stellar_absorption_variability,difference does not form a bright line above the local spectrum,,-39.19,-34.219
TOI-2458,ADP.2022-02-20T01:06:53.624,ADP.2022-04-09T01:03:22.027,6298.66,6299.21512,6299.17797,6299.17797,brighter_later,11.89,10.208,4.868,5.477,0.889,0.165774,-0.076209,15.164,,likely_stellar_absorption_variability,difference does not form a bright line above the local spectrum,,-31.875,-26.904
TOI-2458,ADP.2022-02-20T01:06:53.624,ADP.2022-04-09T01:03:22.027,6298.73,6299.28513,6299.24797,6299.28513,brighter_earlier,15.164,15.164,5.66,5.477,1.033,-0.211305,-0.024918,11.89,,likely_stellar_absorption_variability,difference does not form a bright line above the local spectrum,,-51.213,-46.242
TOI-2458,ADP.2022-02-20T01:06:53.624,ADP.2022-04-09T01:03:22.027,6299.79,6300.34522,6300.30806,6300.30806,brighter_later,12.014,12.005,6.57,5.478,1.199,0.166134,0.178142,1.403,OI_sky_6300,known_line_proximity,feature is close to a common sky/stellar reference line,,-32.523,-27.552
TOI-2458,ADP.2022-02-20T01:06:53.624,ADP.2022-04-09T01:03:22.027,6301.43,6301.98536,6301.94819,6301.94819,brighter_later,10.373,9.823,4.444,5.48,0.811,0.141727,-0.068446,14.138,,likely_stellar_absorption_variability,difference does not form a bright line above the local spectrum,,-24.483,-19.512
TOI-2458,ADP.2022-02-20T01:06:53.624,ADP.2022-04-09T01:03:22.027,6301.49,6302.04537,6302.0082,6302.04537,brighter_earlier,14.138,14.136,4.845,5.48,0.884,-0.193085,-0.092532,10.373,,likely_stellar_absorption_variability,difference does not form a bright line above the local spectrum,,-44.655,-39.684
TOI-2458,ADP.2022-02-20T01:06:53.624,ADP.2022-04-09T01:03:22.027,6302.19,6302.74543,6302.70826,6302.70826,brighter_later,10.352,8.806,4.622,5.48,0.843,0.140646,-0.054559,14.111,,likely_stellar_absorption_variability,difference does not form a bright line above the local spectrum,,-24.387,-19.416
TOI-2458,ADP.2022-02-20T01:06:53.624,ADP.2022-04-09T01:03:22.027,6302.25,6302.80544,6302.76826,6302.80544,brighter_earlier,14.111,14.032,5.445,5.48,0.994,-0.191638,-0.09347,10.352,,likely_stellar_absorption_variability,difference does not form a bright line above the local spectrum,,-44.488,-39.517
TOI-2458,ADP.2022-02-20T01:06:53.624,ADP.2022-04-09T01:03:22.027,6305.24,6305.7957,6305.75851,6305.75851,brighter_later,8.913,8.291,4.579,5.483,0.835,0.118352,-0.044764,13.597,,likely_stellar_absorption_variability,difference does not form a bright line above the local spectrum,,-18.304,-13.333
TOI-2458,ADP.2022-02-20T01:06:53.624,ADP.2022-04-09T01:03:22.027,6305.3,6305.8557,6305.81851,6305.8557,brighter_earlier,13.597,13.597,4.602,5.483,0.839,-0.18048,-0.05096,8.913,,likely_stellar_absorption_variability,difference does not form a bright line above the local spectrum,,-41.38,-36.409
TOI-2458,ADP.2022-02-20T01:06:53.624,ADP.2022-04-09T01:03:22.027,6306.0,6306.55577,6306.51857,6306.51857,brighter_later,10.712,8.338,4.609,5.483,0.841,0.141426,-0.077511,12.998,,likely_stellar_absorption_variability,difference does not form a bright line above the local spectrum,,-26.049,-21.078
TOI-2458,ADP.2022-02-20T01:06:53.624,ADP.2022-04-09T01:03:22.027,6306.06,6306.61577,6306.57857,6306.61577,brighter_earlier,12.998,12.966,5.246,5.484,0.957,-0.171525,-0.066877,10.712,,likely_stellar_absorption_variability,difference does not form a bright line above the local spectrum,,-37.901,-32.93
TOI-2458,ADP.2022-02-20T01:06:53.624,ADP.2022-04-09T01:03:22.027,6309.37,6309.92606,6309.88885,6309.92606,brighter_earlier,9.757,9.738,4.907,5.486,0.894,-0.1255,-0.058763,7.35,,likely_stellar_absorption_variability,difference does not form a bright line above the local spectrum,,-21.764,-16.793
TOI-2458,ADP.2022-02-20T01:06:53.624,ADP.2022-04-09T01:03:22.027,6310.13,6310.68613,6310.64891,6310.68613,brighter_earlier,10.839,10.836,4.186,5.487,0.763,-0.138757,-0.042056,7.315,,likely_stellar_absorption_variability,difference does not form a bright line above the local spectrum,,-26.648,-21.677
TOI-2458,ADP.2022-02-20T01:06:53.624,ADP.2022-04-09T01:03:22.027,6314.47,6315.02651,6314.98927,6315.02651,brighter_earlier,8.366,8.366,4.789,5.491,0.872,-0.107773,-0.012032,6.581,,likely_stellar_absorption_variability,difference does not form a bright line above the local spectrum,,-16.225,-11.254
TOI-2458,ADP.2022-02-20T01:06:53.624,ADP.2022-04-09T01:03:22.027,6432.95,6433.51695,6433.47901,6433.51695,brighter_earlier,8.802,8.802,6.574,5.594,1.175,-0.102124,0.107163,2.068,,follow_up_required,instrument-width bright feature in one epoch; cosmic ray remains unexcluded,,-17.872,-12.901
TOI-2458,ADP.2022-02-20T01:06:53.624,ADP.2022-04-09T01:03:22.027,6514.21,6514.78412,6514.74569,6514.78412,brighter_earlier,8.049,8.049,6.882,5.665,1.215,-0.097649,-0.020748,2.066,,likely_stellar_absorption_variability,difference does not form a bright line above the local spectrum,,-15.078,-10.107
TOI-2458,ADP.2022-02-20T01:06:53.624,ADP.2022-04-09T01:03:22.027,6620.26,6620.84346,6620.80441,6620.84346,brighter_earlier,24.734,24.734,2.402,5.757,0.417,-0.328447,0.33806,3.851,,likely_single_pixel_or_cosmic_ray,feature is narrower than the instrumental line-spread function,,-134.336,-129.365
TOI-2458,ADP.2022-02-20T01:06:53.624,ADP.2022-04-09T01:03:22.027,6800.85,6801.44938,6801.40926,6801.44938,brighter_earlier,8.035,8.035,2.176,5.914,0.368,-0.094784,0.100843,2.304,,low_sensitivity_spectral_edge,feature is in the low-sensitivity edge of the extracted spectrum,,-15.029,-10.058
TOI-2458,ADP.2022-02-20T01:06:53.624,ADP.2022-04-09T01:03:22.027,6866.58,6867.18517,6867.14467,6867.14467,brighter_later,14.353,14.352,8.018,5.971,1.343,0.347862,-0.290403,15.62,,low_sensitivity_spectral_edge,feature is in the low-sensitivity edge of the extracted spectrum,,-45.991,-41.02
TOI-2458,ADP.2022-02-20T01:06:53.624,ADP.2022-04-09T01:03:22.027,6866.7,6867.30518,6867.26468,6867.30518,brighter_earlier,15.62,15.62,6.959,5.971,1.165,-0.379751,0.086723,14.353,,low_sensitivity_spectral_edge,feature is in the low-sensitivity edge of the extracted spectrum,,-54.274,-49.303
TOI-2458,ADP.2022-02-20T01:06:53.624,ADP.2022-04-09T01:03:22.027,6866.92,6867.5252,6867.4847,6867.4847,brighter_later,11.432,10.189,5.236,5.971,0.877,0.279492,-0.028769,14.544,,low_sensitivity_spectral_edge,feature is in the low-sensitivity edge of the extracted spectrum,,-29.539,-24.568
TOI-2458,ADP.2022-02-20T01:06:53.624,ADP.2022-04-09T01:03:22.027,6867.01,6867.61521,6867.5747,6867.61521,brighter_earlier,14.544,14.114,7.965,5.971,1.334,-0.356397,-0.107794,11.432,,low_sensitivity_spectral_edge,feature is in the low-sensitivity edge of the extracted spectrum,,-47.195,-42.224
TOI-2458,ADP.2022-02-20T01:06:53.624,ADP.2022-04-09T01:03:22.027,6867.47,6868.07525,6868.03474,6868.03474,brighter_later,13.036,12.727,8.446,5.972,1.414,0.323208,-0.131472,6.96,,low_sensitivity_spectral_edge,feature is in the low-sensitivity edge of the extracted spectrum,,-38.117,-33.146
TOI-2458,ADP.2022-02-20T01:06:53.624,ADP.2022-04-09T01:03:22.027,6867.7,6868.30527,6868.26476,6868.30527,brighter_earlier,14.415,14.415,6.785,5.972,1.136,-0.359456,0.252562,7.316,,low_sensitivity_spectral_edge,feature is in the low-sensitivity edge of the extracted spectrum,,-46.38,-41.409
TOI-2458,ADP.2022-02-20T01:06:53.624,ADP.2022-04-09T01:03:22.027,6867.93,6868.53529,6868.49478,6868.49478,brighter_later,10.091,8.253,5.082,5.972,0.851,0.253071,-0.200115,13.961,,low_sensitivity_spectral_edge,feature is in the low-sensitivity edge of the extracted spectrum,,-23.218,-18.247
TOI-2458,ADP.2022-02-20T01:06:53.624,ADP.2022-04-09T01:03:22.027,6868.01,6868.6153,6868.57479,6868.6153,brighter_earlier,13.961,13.795,7.473,5.972,1.251,-0.35083,-0.010888,10.091,,low_sensitivity_spectral_edge,feature is in the low-sensitivity edge of the extracted spectrum,,-43.569,-38.598
TOI-2458,ADP.2022-02-20T01:06:53.624,ADP.2022-04-09T01:03:22.027,6868.27,6868.87532,6868.83481,6868.83481,brighter_later,12.914,12.751,7.482,5.972,1.253,0.32662,-0.222382,10.95,,low_sensitivity_spectral_edge,feature is in the low-sensitivity edge of the extracted spectrum,,-37.426,-32.455
TOI-2458,ADP.2022-02-20T01:06:53.624,ADP.2022-04-09T01:03:22.027,6868.38,6868.98533,6868.94482,6868.98533,brighter_earlier,10.95,10.505,4.76,5.973,0.797,-0.277702,0.021828,12.914,,low_sensitivity_spectral_edge,feature is in the low-sensitivity edge of the extracted spectrum,,-27.178,-22.207
TOI-2458,ADP.2022-02-20T01:06:53.624,ADP.2022-04-09T01:03:22.027,6868.48,6869.08534,6869.04482,6869.04482,brighter_later,8.827,8.201,5.14,5.973,0.861,0.2244,-0.13718,13.838,,low_sensitivity_spectral_edge,feature is in the low-sensitivity edge of the extracted spectrum,,-17.969,-12.998
TOI-2458,ADP.2022-02-20T01:06:53.624,ADP.2022-04-09T01:03:22.027,6868.56,6869.16535,6869.12483,6869.16535,brighter_earlier,13.838,13.838,8.816,5.973,1.476,-0.352507,-0.3017,8.827,,low_sensitivity_spectral_edge,feature is in the low-sensitivity edge of the extracted spectrum,,-42.823,-37.852
TOI-2458,ADP.2022-02-20T01:06:53.624,ADP.2022-04-09T01:03:22.027,6869.25,6869.85541,6869.81489,6869.81489,brighter_later,10.714,10.678,6.841,5.973,1.145,0.277528,-0.317483,2.239,,low_sensitivity_spectral_edge,feature is in the low-sensitivity edge of the extracted spectrum,,-26.058,-21.087
TOI-2458,ADP.2022-02-20T01:06:53.624,ADP.2022-04-09T01:03:22.027,6869.45,6870.05542,6870.0149,6870.05542,brighter_earlier,14.037,14.037,7.407,5.973,1.24,-0.365355,-0.398995,10.104,,low_sensitivity_spectral_edge,feature is in the low-sensitivity edge of the extracted spectrum,,-44.034,-39.063
TOI-2458,ADP.2022-02-20T01:06:53.624,ADP.2022-04-09T01:03:22.027,6870.31,6870.9155,6870.87497,6870.87497,brighter_later,10.616,10.608,6.542,5.974,1.095,0.278861,-0.38648,13.309,,low_sensitivity_spectral_edge,feature is in the low-sensitivity edge of the extracted spectrum,,-25.6,-20.629
TOI-2458,ADP.2022-02-20T01:06:53.624,ADP.2022-04-09T01:03:22.027,6870.42,6871.02551,6870.98498,6871.02551,brighter_earlier,13.309,13.309,7.11,5.974,1.19,-0.349124,-0.170219,10.616,,low_sensitivity_spectral_edge,feature is in the low-sensitivity edge of the extracted spectrum,,-39.688,-34.717
TOI-2458,ADP.2022-02-20T01:06:53.624,ADP.2022-04-09T01:03:22.027,6870.64,6871.24553,6871.205,6871.205,brighter_later,10.563,10.316,6.097,5.974,1.02,0.276288,-0.205321,13.196,,low_sensitivity_spectral_edge,feature is in the low-sensitivity edge of the extracted spectrum,,-25.354,-20.383
TOI-2458,ADP.2022-02-20T01:06:53.624,ADP.2022-04-09T01:03:22.027,6870.76,6871.36554,6871.32501,6871.36554,brighter_earlier,13.196,13.196,7.639,5.975,1.279,-0.344655,-0.392366,10.563,,low_sensitivity_spectral_edge,feature is in the low-sensitivity edge of the extracted spectrum,,-39.034,-34.063
TOI-2458,ADP.2022-02-20T01:06:53.624,ADP.2022-04-09T01:03:22.027,6871.59,6872.19561,6872.15508,6872.15508,brighter_later,9.976,9.958,7.557,5.975,1.265,0.257773,-0.335381,14.528,,low_sensitivity_spectral_edge,feature is in the low-sensitivity edge of the extracted spectrum,,-22.712,-17.741
TOI-2458,ADP.2022-02-20T01:06:53.624,ADP.2022-04-09T01:03:22.027,6871.73,6872.33563,6872.29509,6872.33563,brighter_earlier,14.528,14.528,7.392,5.975,1.237,-0.374703,-0.295673,9.976,,low_sensitivity_spectral_edge,feature is in the low-sensitivity edge of the extracted spectrum,,-47.094,-42.123
TOI-2458,ADP.2022-02-20T01:06:53.624,ADP.2022-04-09T01:03:22.027,6872.19,6872.79567,6872.75513,6872.75513,brighter_later,9.924,9.835,9.491,5.976,1.588,0.254437,-0.395672,14.679,,low_sensitivity_spectral_edge,feature is in the low-sensitivity edge of the extracted spectrum,,-22.485,-17.514
TOI-2458,ADP.2022-02-20T01:06:53.624,ADP.2022-04-09T01:03:22.027,6872.33,6872.93568,6872.89514,6872.93568,brighter_earlier,14.679,14.679,6.823,5.976,1.142,-0.375649,-0.327437,9.924,,low_sensitivity_spectral_edge,feature is in the low-sensitivity edge of the extracted spectrum,,-48.056,-43.085
TOI-2458,ADP.2022-02-20T01:06:53.624,ADP.2022-04-09T01:03:22.027,6873.14,6873.74575,6873.70521,6873.70521,brighter_later,10.836,10.822,7.31,5.977,1.223,0.274347,-0.321414,15.273,,low_sensitivity_spectral_edge,feature is in the low-sensitivity edge of the extracted spectrum,,-26.634,-21.663
TOI-2458,ADP.2022-02-20T01:06:53.624,ADP.2022-04-09T01:03:22.027,6873.28,6873.88576,6873.84522,6873.88576,brighter_earlier,15.273,15.273,7.507,5.977,1.256,-0.385983,-0.295688,10.836,,low_sensitivity_spectral_edge,feature is in the low-sensitivity edge of the extracted spectrum,,-51.937,-46.966
TOI-2458,ADP.2022-02-20T01:06:53.624,ADP.2022-04-09T01:03:22.027,6874.0,6874.60583,6874.56528,6874.56528,brighter_later,10.151,10.13,7.886,5.977,1.319,0.254089,-0.381422,14.346,,low_sensitivity_spectral_edge,feature is in the low-sensitivity edge of the extracted spectrum,,-23.484,-18.513
TOI-2458,ADP.2022-02-20T01:06:53.624,ADP.2022-04-09T01:03:22.027,6874.14,6874.74584,6874.70529,6874.74584,brighter_earlier,14.346,14.346,7.722,5.978,1.292,-0.358421,-0.319086,10.151,,low_sensitivity_spectral_edge,feature is in the low-sensitivity edge of the extracted spectrum,,-45.947,-40.976
TOI-2458,ADP.2022-02-20T01:06:53.624,ADP.2022-04-09T01:03:22.027,6874.95,6875.55591,6875.51536,6875.51536,brighter_later,10.795,10.763,6.939,5.978,1.161,0.266769,-0.379325,14.971,,low_sensitivity_spectral_edge,feature is in the low-sensitivity edge of the extracted spectrum,,-26.44,-21.469
TOI-2458,ADP.2022-02-20T01:06:53.624,ADP.2022-04-09T01:03:22.027,6875.07,6875.67592,6875.63537,6875.67592,brighter_earlier,14.971,14.971,7.957,5.978,1.331,-0.369356,-0.324421,10.795,,low_sensitivity_spectral_edge,feature is in the low-sensitivity edge of the extracted spectrum,,-49.945,-44.974
TOI-2458,ADP.2022-02-20T01:06:53.624,ADP.2022-04-09T01:03:22.027,6876.07,6876.67601,6876.63545,6876.63545,brighter_later,10.377,10.374,6.978,5.979,1.167,0.252542,-0.389581,15.452,,low_sensitivity_spectral_edge,feature is in the low-sensitivity edge of the extracted spectrum,,-24.501,-19.53
TOI-2458,ADP.2022-02-20T01:06:53.624,ADP.2022-04-09T01:03:22.027,6876.19,6876.79602,6876.75546,6876.79602,brighter_earlier,15.452,15.452,7.39,5.979,1.236,-0.375427,-0.326883,10.377,,low_sensitivity_spectral_edge,feature is in the low-sensitivity edge of the extracted spectrum,,-53.136,-48.165
TOI-2458,ADP.2022-02-20T01:06:53.624,ADP.2022-04-09T01:03:22.027,6877.0,6877.60609,6877.56552,6877.56552,brighter_later,11.564,11.541,7.476,5.98,1.25,0.277821,-0.345253,15.751,,low_sensitivity_spectral_edge,feature is in the low-sensitivity edge of the extracted spectrum,,-30.203,-25.232
TOI-2458,ADP.2022-02-20T01:06:53.624,ADP.2022-04-09T01:03:22.027,6877.11,6877.7161,6877.67553,6877.7161,brighter_earlier,15.751,15.751,6.836,5.98,1.143,-0.377817,-0.25781,11.564,,low_sensitivity_spectral_edge,feature is in the low-sensitivity edge of the extracted spectrum,,-55.17,-50.199
TOI-2458,ADP.2022-02-20T01:06:53.624,ADP.2022-04-09T01:03:22.027,6878.41,6879.01621,6878.97564,6878.97564,brighter_later,11.428,11.422,7.423,5.981,1.241,0.26914,-0.378961,16.498,,low_sensitivity_spectral_edge,feature is in the low-sensitivity edge of the extracted spectrum,,-29.519,-24.548
TOI-2458,ADP.2022-02-20T01:06:53.624,ADP.2022-04-09T01:03:22.027,6878.51,6879.11622,6879.07565,6879.11622,brighter_earlier,16.498,16.498,6.697,5.981,1.12,-0.387994,-0.25562,11.428,,low_sensitivity_spectral_edge,feature is in the low-sensitivity edge of the extracted spectrum,,-60.421,-55.45
TOI-2458,ADP.2022-02-20T01:06:53.624,ADP.2022-04-09T01:03:22.027,6879.3,6879.90629,6879.86571,6879.86571,brighter_later,12.89,11.767,6.495,5.982,1.086,0.299712,-0.262835,16.223,,low_sensitivity_spectral_edge,feature is in the low-sensitivity edge of the extracted spectrum,,-37.29,-32.319
TOI-2458,ADP.2022-02-20T01:06:53.624,ADP.2022-04-09T01:03:22.027,6879.39,6879.9963,6879.95572,6879.9963,brighter_earlier,16.223,16.214,7.328,5.982,1.225,-0.376721,-0.214365,12.89,,low_sensitivity_spectral_edge,feature is in the low-sensitivity edge of the extracted spectrum,,-58.46,-53.489
TOI-2458,ADP.2022-02-20T01:06:53.624,ADP.2022-04-09T01:03:22.027,6883.2,6883.80664,6883.76603,6883.76603,brighter_later,13.162,13.16,7.599,5.985,1.27,0.288832,-0.31305,17.446,,low_sensitivity_spectral_edge,feature is in the low-sensitivity edge of the extracted spectrum,,-38.838,-33.867
TOI-2458,ADP.2022-02-20T01:06:53.624,ADP.2022-04-09T01:03:22.027,6883.29,6883.89664,6883.85604,6883.89664,brighter_earlier,17.446,17.446,6.219,5.985,1.039,-0.382318,-0.276544,13.162,,low_sensitivity_spectral_edge,feature is in the low-sensitivity edge of the extracted spectrum,,-67.433,-62.462
TOI-2458,ADP.2022-02-20T01:06:53.624,ADP.2022-04-09T01:03:22.027,6885.12,6885.72681,6885.68619,6885.68619,brighter_later,13.39,13.376,6.38,5.987,1.066,0.285198,-0.344127,18.039,,low_sensitivity_spectral_edge,feature is in the low-sensitivity edge of the extracted spectrum,,-40.16,-35.189
TOI-2458,ADP.2022-02-20T01:06:53.624,ADP.2022-04-09T01:03:22.027,6885.22,6885.82681,6885.7862,6885.82681,brighter_earlier,18.039,18.039,7.024,5.987,1.173,-0.383626,-0.297518,13.39,,low_sensitivity_spectral_edge,feature is in the low-sensitivity edge of the extracted spectrum,,-72.017,-67.046
TOI-2458,ADP.2022-02-20T01:06:53.624,ADP.2022-04-09T01:03:22.027,6886.1,6886.70689,6886.66627,6886.66627,brighter_later,12.949,12.919,6.353,5.988,1.061,0.27156,-0.351284,17.742,,low_sensitivity_spectral_edge,feature is in the low-sensitivity edge of the extracted spectrum,,-37.623,-32.652
TOI-2458,ADP.2022-02-20T01:06:53.624,ADP.2022-04-09T01:03:22.027,6886.22,6886.8269,6886.78628,6886.8269,brighter_earlier,17.742,17.742,6.819,5.988,1.139,-0.371355,-0.291706,12.949,,low_sensitivity_spectral_edge,feature is in the low-sensitivity edge of the extracted spectrum,,-69.702,-64.731
TOI-2458,ADP.2022-02-20T01:06:53.624,ADP.2022-04-09T01:03:22.027,6888.3,6888.90709,6888.86645,6888.86645,brighter_later,13.755,13.748,6.092,5.99,1.017,0.278304,-0.359695,19.303,,low_sensitivity_spectral_edge,feature is in the low-sensitivity edge of the extracted spectrum,,-42.323,-37.352
TOI-2458,ADP.2022-02-20T01:06:53.624,ADP.2022-04-09T01:03:22.027,6888.42,6889.0271,6888.98646,6889.0271,brighter_earlier,19.303,19.303,6.609,5.99,1.103,-0.389785,-0.316996,13.755,,low_sensitivity_spectral_edge,feature is in the low-sensitivity edge of the extracted spectrum,,-82.295,-77.324
TOI-2458,ADP.2022-02-20T01:06:53.624,ADP.2022-04-09T01:03:22.027,6889.26,6889.86717,6889.82653,6889.82653,brighter_later,12.441,12.414,5.901,5.991,0.985,0.247715,-0.40991,18.13,,low_sensitivity_spectral_edge,feature is in the low-sensitivity edge of the extracted spectrum,,-34.805,-29.834
TOI-2458,ADP.2022-02-20T01:06:53.624,ADP.2022-04-09T01:03:22.027,6889.38,6889.98718,6889.94654,6889.98718,brighter_earlier,18.13,18.13,7.28,5.991,1.215,-0.360259,-0.339458,12.441,,low_sensitivity_spectral_edge,feature is in the low-sensitivity edge of the extracted spectrum,,-72.733,-67.762
TOI-2458,ADP.2022-02-20T01:06:53.624,ADP.2022-04-09T01:03:22.027,6891.73,6892.33739,6892.29674,6892.29674,brighter_later,13.721,13.72,5.685,5.993,0.949,0.271881,-0.390559,17.833,,low_sensitivity_spectral_edge,feature is in the low-sensitivity edge of the extracted spectrum,,-42.119,-37.148
TOI-2458,ADP.2022-02-20T01:06:53.624,ADP.2022-04-09T01:03:22.027,6891.86,6892.4674,6892.42675,6892.4674,brighter_earlier,17.833,17.833,6.228,5.993,1.039,-0.353564,-0.254204,13.721,,low_sensitivity_spectral_edge,feature is in the low-sensitivity edge of the extracted spectrum,,-70.407,-65.436
TOI-2458,ADP.2022-02-20T01:06:53.624,ADP.2022-04-09T01:03:22.027,6892.66,6893.26747,6893.22681,6893.22681,brighter_later,13.076,13.062,6.249,5.994,1.043,0.260169,-0.386317,16.671,,low_sensitivity_spectral_edge,feature is in the low-sensitivity edge of the extracted spectrum,,-38.345,-33.374
TOI-2458,ADP.2022-02-20T01:06:53.624,ADP.2022-04-09T01:03:22.027,6892.79,6893.39748,6893.35682,6893.39748,brighter_earlier,16.671,16.671,7.251,5.994,1.21,-0.331895,-0.326413,13.076,,low_sensitivity_spectral_edge,feature is in the low-sensitivity edge of the extracted spectrum,,-61.672,-56.701
TOI-2458,ADP.2022-02-20T01:06:53.624,ADP.2022-04-09T01:03:22.027,6895.4,6896.00771,6895.96704,6895.96704,brighter_later,13.254,13.254,5.654,5.996,0.943,0.266929,-0.399571,19.02,,low_sensitivity_spectral_edge,feature is in the low-sensitivity edge of the extracted spectrum,,-39.369,-34.398
TOI-2458,ADP.2022-02-20T01:06:53.624,ADP.2022-04-09T01:03:22.027,6895.52,6896.12772,6896.08705,6896.12772,brighter_earlier,19.02,19.02,6.363,5.996,1.061,-0.383243,-0.288339,13.254,,low_sensitivity_spectral_edge,feature is in the low-sensitivity edge of the extracted spectrum,,-79.934,-74.963
TOI-2458,ADP.2022-02-20T01:06:53.624,ADP.2022-04-09T01:03:22.027,6896.31,6896.91779,6896.87711,6896.87711,brighter_later,13.187,13.176,5.781,5.997,0.964,0.266628,-0.320241,17.178,,low_sensitivity_spectral_edge,feature is in the low-sensitivity edge of the extracted spectrum,,-38.982,-34.011
TOI-2458,ADP.2022-02-20T01:06:53.624,ADP.2022-04-09T01:03:22.027,6896.44,6897.0478,6897.00712,6897.0478,brighter_earlier,17.178,17.178,6.814,5.997,1.136,-0.347534,-0.347762,13.187,,low_sensitivity_spectral_edge,feature is in the low-sensitivity edge of the extracted spectrum,,-65.411,-60.44
TOI-2458,ADP.2022-02-20T01:06:53.624,ADP.2022-04-09T01:03:22.027,6899.32,6899.92806,6899.88736,6899.88736,brighter_later,13.773,13.771,5.927,5.999,0.988,0.282134,-0.426048,19.221,,low_sensitivity_spectral_edge,feature is in the low-sensitivity edge of the extracted spectrum,,-42.431,-37.46
TOI-2458,ADP.2022-02-20T01:06:53.624,ADP.2022-04-09T01:03:22.027,6899.43,6900.03807,6899.99737,6900.03807,brighter_earlier,19.221,19.221,6.678,6.0,1.113,-0.393929,-0.252058,13.773,,low_sensitivity_spectral_edge,feature is in the low-sensitivity edge of the extracted spectrum,,-81.607,-76.636
TOI-2458,ADP.2022-02-20T01:06:53.624,ADP.2022-04-09T01:03:22.027,6900.23,6900.83814,6900.79743,6900.79743,brighter_later,15.066,15.024,5.435,6.0,0.906,0.309839,-0.370744,18.103,,low_sensitivity_spectral_edge,feature is in the low-sensitivity edge of the extracted spectrum,,-50.567,-45.596
TOI-2458,ADP.2022-02-20T01:06:53.624,ADP.2022-04-09T01:03:22.027,6900.34,6900.94815,6900.90744,6900.94815,brighter_earlier,18.103,18.103,6.632,6.0,1.105,-0.372477,-0.342284,15.066,,low_sensitivity_spectral_edge,feature is in the low-sensitivity edge of the extracted spectrum,,-72.52,-67.549
TOI-2458,ADP.2022-02-20T01:06:53.624,ADP.2022-04-09T01:03:22.027,6903.49,6904.09842,6904.0577,6904.0577,brighter_later,14.554,14.554,5.823,6.003,0.97,0.303491,-0.417048,19.484,,low_sensitivity_spectral_edge,feature is in the low-sensitivity edge of the extracted spectrum,,-47.259,-42.288
TOI-2458,ADP.2022-02-20T01:06:53.624,ADP.2022-04-09T01:03:22.027,6903.58,6904.18843,6904.14771,6904.18843,brighter_earlier,19.484,19.484,5.74,6.003,0.956,-0.406445,-0.3311,14.554,,low_sensitivity_spectral_edge,feature is in the low-sensitivity edge of the extracted spectrum,,-83.824,-78.853
TOI-2458,ADP.2022-02-20T01:06:53.624,ADP.2022-04-09T01:03:22.027,6904.39,6904.9985,6904.95778,6904.95778,brighter_later,14.479,14.466,5.083,6.004,0.847,0.30308,-0.366887,17.817,,low_sensitivity_spectral_edge,feature is in the low-sensitivity edge of the extracted spectrum,,-46.784,-41.813
TOI-2458,ADP.2022-02-20T01:06:53.624,ADP.2022-04-09T01:03:22.027,6904.49,6905.09851,6905.05779,6905.09851,brighter_earlier,17.817,17.817,6.208,6.004,1.034,-0.373106,-0.332017,14.479,,low_sensitivity_spectral_edge,feature is in the low-sensitivity edge of the extracted spectrum,,-70.283,-65.312
TOI-2458,ADP.2022-02-20T01:06:53.624,ADP.2022-04-09T01:03:22.027,6907.9,6908.50881,6908.46807,6908.46807,brighter_later,15.75,15.738,4.667,6.007,0.777,0.334564,-0.305089,18.787,,low_sensitivity_spectral_edge,feature is in the low-sensitivity edge of the extracted spectrum,,-55.163,-50.192
TOI-2458,ADP.2022-02-20T01:06:53.624,ADP.2022-04-09T01:03:22.027,6907.99,6908.59882,6908.55807,6908.59882,brighter_earlier,18.787,18.787,5.97,6.007,0.994,-0.399227,-0.331717,15.75,,low_sensitivity_spectral_edge,feature is in the low-sensitivity edge of the extracted spectrum,,-78.016,-73.045
TOI-2458,ADP.2022-02-20T01:06:53.624,ADP.2022-04-09T01:03:22.027,6908.8,6909.40889,6909.36814,6909.36814,brighter_later,15.002,14.994,5.506,6.008,0.917,0.319854,-0.346602,20.18,,low_sensitivity_spectral_edge,feature is in the low-sensitivity edge of the extracted spectrum,,-50.147,-45.176
TOI-2458,ADP.2022-02-20T01:06:53.624,ADP.2022-04-09T01:03:22.027,6908.9,6909.5089,6909.46815,6909.5089,brighter_earlier,20.18,20.166,5.338,6.008,0.888,-0.430433,-0.201177,15.002,,low_sensitivity_spectral_edge,feature is in the low-sensitivity edge of the extracted spectrum,,-89.833,-84.862
TOI-261,ADP.2021-06-13T01:10:19.505,ADP.2022-01-12T01:34:46.997,3785.16,3784.83887,3785.49052,3784.83887,brighter_earlier,9.869,9.756,2.166,3.291,0.658,-1.246718,0.886223,2.672,,low_sensitivity_spectral_edge,feature is in the low-sensitivity edge of the extracted spectrum,,-22.246,-17.275
TOI-261,ADP.2021-06-13T01:10:19.505,ADP.2022-01-12T01:34:46.997,3824.77,3824.44551,3825.10398,3825.10398,brighter_later,10.224,10.224,2.623,3.326,0.789,0.924003,0.971314,2.12,,low_sensitivity_spectral_edge,feature is in the low-sensitivity edge of the extracted spectrum,,-23.81,-18.839
TOI-261,ADP.2021-06-13T01:10:19.505,ADP.2022-01-12T01:34:46.997,3832.54,3832.21485,3832.87466,3832.87466,brighter_later,20.044,20.044,1.967,3.333,0.59,1.799141,1.679523,2.457,,low_sensitivity_spectral_edge,feature is in the low-sensitivity edge of the extracted spectrum,,-88.643,-83.672
TOI-261,ADP.2021-06-13T01:10:19.505,ADP.2022-01-12T01:34:46.997,3885.56,3885.23035,3885.89929,3885.89929,brighter_later,18.918,18.918,2.751,3.379,0.814,1.011114,1.298741,2.212,,low_sensitivity_spectral_edge,feature is in the low-sensitivity edge of the extracted spectrum,,-79.091,-74.12
TOI-261,ADP.2021-06-13T01:10:19.505,ADP.2022-01-12T01:34:46.997,3950.79,3950.45482,3951.13499,3950.45482,brighter_earlier,20.098,20.098,1.991,3.435,0.579,-0.855523,0.907048,1.918,,low_sensitivity_spectral_edge,feature is in the low-sensitivity edge of the extracted spectrum,,-89.114,-84.144
TOI-261,ADP.2021-06-13T01:10:19.505,ADP.2022-01-12T01:34:46.997,4058.04,4057.69572,4058.39435,4058.39435,brighter_later,32.71,32.71,1.685,3.529,0.478,0.952523,0.942315,2.919,,likely_single_pixel_or_cosmic_ray,feature is narrower than the instrumental line-spread function,,-233.949,-228.978
TOI-261,ADP.2021-06-13T01:10:19.505,ADP.2022-01-12T01:34:46.997,4075.91,4075.5642,4076.26591,4075.5642,brighter_earlier,10.165,10.165,1.274,3.544,0.359,-0.282535,0.38221,1.975,,likely_single_pixel_or_cosmic_ray,feature is narrower than the instrumental line-spread function,,-23.546,-18.576
TOI-261,ADP.2021-06-13T01:10:19.505,ADP.2022-01-12T01:34:46.997,4257.71,4257.34878,4258.08179,4258.08179,brighter_later,22.605,22.605,1.548,3.702,0.418,0.472972,0.557351,2.326,,likely_single_pixel_or_cosmic_ray,feature is narrower than the instrumental line-spread function,,-112.412,-107.442
TOI-261,ADP.2021-06-13T01:10:19.505,ADP.2022-01-12T01:34:46.997,4313.85,4313.48401,4314.22669,4314.22669,brighter_later,19.882,19.882,2.035,3.751,0.543,0.450911,0.363895,2.088,,likely_single_pixel_or_cosmic_ray,feature is narrower than the instrumental line-spread function,,-87.235,-82.264
TOI-261,ADP.2021-06-13T01:10:19.505,ADP.2022-01-12T01:34:46.997,4383.76,4383.38808,4384.14279,4384.14279,brighter_later,18.778,18.778,1.321,3.812,0.347,0.348995,0.208303,1.682,,likely_single_pixel_or_cosmic_ray,feature is narrower than the instrumental line-spread function,,-77.942,-72.971
TOI-261,ADP.2021-06-13T01:10:19.505,ADP.2022-01-12T01:34:46.997,4421.99,4421.61484,4422.37613,4422.37613,brighter_later,38.24,38.24,1.99,3.845,0.518,0.65411,0.74495,3.69,,likely_single_pixel_or_cosmic_ray,feature is narrower than the instrumental line-spread function,,-319.215,-314.244
TOI-261,ADP.2021-06-13T01:10:19.505,ADP.2022-01-12T01:34:46.997,4429.45,4429.07421,4429.83678,4429.07421,brighter_earlier,8.507,8.507,1.222,3.852,0.317,-0.144614,0.117169,1.99,,likely_single_pixel_or_cosmic_ray,feature is narrower than the instrumental line-spread function,,-16.748,-11.778
TOI-261,ADP.2021-06-13T01:10:19.505,ADP.2022-01-12T01:34:46.997,4496.83,4496.44849,4497.22267,4496.44849,brighter_earlier,12.987,12.987,1.353,3.91,0.346,-0.217798,0.242986,2.16,,likely_single_pixel_or_cosmic_ray,feature is narrower than the instrumental line-spread function,,-37.839,-32.868
TOI-261,ADP.2021-06-13T01:10:19.505,ADP.2022-01-12T01:34:46.997,4536.36,4535.97514,4536.75612,4536.75612,brighter_later,21.78,21.78,1.951,3.945,0.495,0.337148,0.361924,2.402,,likely_single_pixel_or_cosmic_ray,feature is narrower than the instrumental line-spread function,,-104.445,-99.474
TOI-261,ADP.2021-06-13T01:10:19.505,ADP.2022-01-12T01:34:46.997,4619.55,4619.15808,4619.95338,4619.95338,brighter_later,10.385,10.385,2.036,4.017,0.507,0.153357,0.265252,2.266,,likely_single_pixel_or_cosmic_ray,feature is narrower than the instrumental line-spread function,,-24.537,-19.567
TOI-261,ADP.2021-06-13T01:10:19.505,ADP.2022-01-12T01:34:46.997,4637.27,4636.87658,4637.67493,4637.67493,brighter_later,10.916,10.916,2.362,4.032,0.586,0.157389,0.149746,1.395,,likely_single_pixel_or_cosmic_ray,feature is narrower than the instrumental line-spread function,,-27.015,-22.044
TOI-261,ADP.2021-06-13T01:10:19.505,ADP.2022-01-12T01:34:46.997,5180.07,5179.63052,5180.52233,5180.52233,brighter_later,26.239,26.239,2.284,4.504,0.507,0.322956,0.374902,3.868,,likely_single_pixel_or_cosmic_ray,feature is narrower than the instrumental line-spread function,,-151.02,-146.05
TOI-261,ADP.2021-06-13T01:10:19.505,ADP.2022-01-12T01:34:46.997,5231.79,5231.34614,5232.24685,5231.34614,brighter_earlier,12.247,12.247,1.782,4.549,0.392,-0.156818,0.166473,2.212,,likely_single_pixel_or_cosmic_ray,feature is narrower than the instrumental line-spread function,,-33.759,-28.788
TOI-261,ADP.2021-06-13T01:10:19.505,ADP.2022-01-12T01:34:46.997,5403.42,5402.96158,5403.89183,5403.89183,brighter_later,12.571,12.571,1.776,4.699,0.378,0.163618,0.143069,2.169,,likely_single_pixel_or_cosmic_ray,feature is narrower than the instrumental line-spread function,,-35.516,-30.545
TOI-261,ADP.2021-06-13T01:10:19.505,ADP.2022-01-12T01:34:46.997,5412.04,5411.58084,5412.51258,5411.58084,brighter_earlier,25.858,25.858,2.333,4.706,0.496,-0.334277,0.35941,2.422,,likely_single_pixel_or_cosmic_ray,feature is narrower than the instrumental line-spread function,,-146.704,-141.733
TOI-261,ADP.2021-06-13T01:10:19.505,ADP.2022-01-12T01:34:46.997,5429.33,5428.86938,5429.80409,5428.86938,brighter_earlier,14.704,14.703,1.577,4.721,0.334,-0.189497,0.176893,1.961,,likely_single_pixel_or_cosmic_ray,feature is narrower than the instrumental line-spread function,,-48.216,-43.246
TOI-261,ADP.2021-06-13T01:10:19.505,ADP.2022-01-12T01:34:46.997,5442.82,5442.35823,5443.29527,5442.35823,brighter_earlier,19.296,19.286,2.846,4.733,0.601,-0.247646,0.268923,2.179,,likely_single_pixel_or_cosmic_ray,feature is narrower than the instrumental line-spread function,,-82.236,-77.266
TOI-261,ADP.2021-06-13T01:10:19.505,ADP.2022-01-12T01:34:46.997,5444.07,5443.60813,5444.54538,5443.60813,brighter_earlier,22.153,22.153,2.009,4.734,0.424,-0.284202,0.286433,4.69,,likely_single_pixel_or_cosmic_ray,feature is narrower than the instrumental line-spread function,,-108.011,-103.04
TOI-261,ADP.2021-06-13T01:10:19.505,ADP.2022-01-12T01:34:46.997,5468.86,5468.39602,5469.33755,5469.33755,brighter_later,19.976,19.975,1.95,4.756,0.41,0.237386,0.230403,2.416,,likely_single_pixel_or_cosmic_ray,feature is narrower than the instrumental line-spread function,,-88.05,-83.079
TOI-261,ADP.2021-06-13T01:10:19.505,ADP.2022-01-12T01:34:46.997,5512.81,5512.3423,5513.29138,5513.29138,brighter_later,20.824,20.824,2.592,4.794,0.541,0.25235,0.275663,1.62,,likely_single_pixel_or_cosmic_ray,feature is narrower than the instrumental line-spread function,,-95.581,-90.61
TOI-261,ADP.2021-06-13T01:10:19.505,ADP.2022-01-12T01:34:46.997,5546.14,5545.66947,5546.62429,5545.66947,brighter_earlier,19.246,19.246,2.637,4.823,0.547,-0.239277,0.240677,2.721,,likely_single_pixel_or_cosmic_ray,feature is narrower than the instrumental line-spread function,,-81.817,-76.846
TOI-261,ADP.2021-06-13T01:10:19.505,ADP.2022-01-12T01:34:46.997,5562.94,5562.46804,5563.42576,5563.42576,brighter_later,8.926,8.925,2.362,4.837,0.488,0.110572,-0.092174,2.611,,likely_single_pixel_or_cosmic_ray,feature is narrower than the instrumental line-spread function,,-18.355,-13.384
TOI-261,ADP.2021-06-13T01:10:19.505,ADP.2022-01-12T01:34:46.997,5577.81,5577.33678,5578.29706,5577.33678,brighter_earlier,13.53,13.53,4.493,4.85,0.926,-0.167369,0.168426,2.2,OI_sky_5577,known_line_proximity,feature is close to a common sky/stellar reference line,,-40.983,-36.012
TOI-261,ADP.2021-06-13T01:10:19.505,ADP.2022-01-12T01:34:46.997,5703.28,5702.79614,5703.77802,5703.77802,brighter_later,10.77,10.769,2.312,4.959,0.466,0.13232,0.149274,3.095,,likely_single_pixel_or_cosmic_ray,feature is narrower than the instrumental line-spread function,,-26.321,-21.351
TOI-261,ADP.2021-06-13T01:10:19.505,ADP.2022-01-12T01:34:46.997,5735.99,5735.50336,5736.49087,5735.50336,brighter_earlier,12.829,12.829,1.694,4.988,0.34,-0.157787,0.160706,2.554,,likely_single_pixel_or_cosmic_ray,feature is narrower than the instrumental line-spread function,,-36.948,-31.977
TOI-261,ADP.2021-06-13T01:10:19.505,ADP.2022-01-12T01:34:46.997,5745.15,5744.66258,5745.65167,5744.66258,brighter_earlier,12.779,12.775,2.579,4.996,0.516,-0.160347,0.159009,1.995,,likely_single_pixel_or_cosmic_ray,feature is narrower than the instrumental line-spread function,,-36.668,-31.697
TOI-261,ADP.2021-06-13T01:10:19.505,ADP.2022-01-12T01:34:46.997,5863.93,5863.43251,5864.44204,5863.43251,brighter_earlier,9.954,9.954,1.965,5.099,0.385,-0.121714,0.114371,3.21,,likely_single_pixel_or_cosmic_ray,feature is narrower than the instrumental line-spread function,,-22.616,-17.645
TOI-261,ADP.2021-06-13T01:10:19.505,ADP.2022-01-12T01:34:46.997,5885.46,5884.96068,5885.97392,5884.96068,brighter_earlier,8.507,8.506,7.797,5.118,1.524,-0.124628,0.020974,2.501,,likely_stellar_absorption_variability,difference does not form a bright line above the local spectrum,,-16.748,-11.778
TOI-261,ADP.2021-06-13T01:10:19.505,ADP.2022-01-12T01:34:46.997,5900.95,5900.44937,5901.46528,5900.44937,brighter_earlier,10.004,10.004,6.77,5.131,1.319,-0.16282,0.01693,1.012,,likely_stellar_absorption_variability,difference does not form a bright line above the local spectrum,,-22.835,-17.864
TOI-261,ADP.2021-06-13T01:10:19.505,ADP.2022-01-12T01:34:46.997,5919.13,5918.62782,5919.64686,5918.62782,brighter_earlier,8.002,8.001,10.529,5.147,2.046,-0.126559,0.000201,2.656,,likely_stellar_line_profile_change,feature is substantially broader than an unresolved HARPS line,,-14.912,-9.941
TOI-261,ADP.2021-06-13T01:10:19.505,ADP.2022-01-12T01:34:46.997,5940.56,5940.05601,5941.07874,5940.05601,brighter_earlier,8.464,8.464,7.83,5.166,1.516,-0.127725,0.00462,2.341,,likely_stellar_absorption_variability,difference does not form a bright line above the local spectrum,,-16.588,-11.617
TOI-261,ADP.2021-06-13T01:10:19.505,ADP.2022-01-12T01:34:46.997,6032.35,6031.83822,6032.87675,6031.83822,brighter_earlier,10.418,10.418,2.517,5.246,0.48,-0.134341,0.138078,1.564,,likely_single_pixel_or_cosmic_ray,feature is narrower than the instrumental line-spread function,,-24.688,-19.717
TOI-261,ADP.2021-06-13T01:10:19.505,ADP.2022-01-12T01:34:46.997,6087.77,6087.25352,6088.30159,6087.25352,brighter_earlier,10.517,10.517,2.653,5.294,0.501,-0.131239,0.134209,2.432,,likely_single_pixel_or_cosmic_ray,feature is narrower than the instrumental line-spread function,,-25.142,-20.171
TOI-261,ADP.2021-06-13T01:10:19.505,ADP.2022-01-12T01:34:46.997,6228.36,6227.83159,6228.90387,6227.83159,brighter_earlier,13.549,13.549,2.086,5.416,0.385,-0.16185,0.154843,2.168,,likely_single_pixel_or_cosmic_ray,feature is narrower than the instrumental line-spread function,,-41.095,-36.124
TOI-261,ADP.2021-06-13T01:10:19.505,ADP.2022-01-12T01:34:46.997,6276.06,6275.52754,6276.60803,6275.52754,brighter_earlier,10.753,10.596,7.748,5.457,1.42,-0.217046,-0.007338,2.853,,likely_stellar_absorption_variability,difference does not form a bright line above the local spectrum,,-26.241,-21.271
TOI-261,ADP.2021-06-13T01:10:19.505,ADP.2022-01-12T01:34:46.997,6276.26,6275.72752,6276.80805,6275.72752,brighter_earlier,9.455,9.278,5.639,5.458,1.033,-0.191699,0.017761,2.853,,likely_stellar_absorption_variability,difference does not form a bright line above the local spectrum,,-20.491,-15.52
TOI-261,ADP.2021-06-13T01:10:19.505,ADP.2022-01-12T01:34:46.997,6276.76,6276.22748,6277.30809,6276.22748,brighter_earlier,11.365,11.309,6.228,5.458,1.141,-0.23294,0.006657,3.77,,likely_stellar_absorption_variability,difference does not form a bright line above the local spectrum,,-29.204,-24.234
TOI-261,ADP.2021-06-13T01:10:19.505,ADP.2022-01-12T01:34:46.997,6276.88,6276.34747,6277.4281,6276.34747,brighter_earlier,8.92,7.126,8.208,5.458,1.504,-0.183302,0.010601,1.752,,likely_stellar_absorption_variability,difference does not form a bright line above the local spectrum,,-18.331,-13.361
TOI-261,ADP.2021-06-13T01:10:19.505,ADP.2022-01-12T01:34:46.997,6277.15,6276.61745,6277.69813,6277.69813,brighter_later,11.916,11.767,6.974,5.458,1.278,0.24631,0.027551,6.371,,likely_stellar_absorption_variability,difference does not form a bright line above the local spectrum,,-32.01,-27.039
TOI-261,ADP.2021-06-13T01:10:19.505,ADP.2022-01-12T01:34:46.997,6277.35,6276.81743,6277.89814,6277.89814,brighter_later,12.898,12.726,7.267,5.459,1.331,0.267744,0.067003,16.149,,likely_alignment_or_line_profile_change,nearby opposite-sign residual is characteristic of a shifted or changing line,,-37.335,-32.365
TOI-261,ADP.2021-06-13T01:10:19.505,ADP.2022-01-12T01:34:46.997,6277.54,6277.00742,6278.08816,6277.00742,brighter_earlier,19.057,19.057,10.218,5.459,1.872,-0.397232,0.009312,10.005,,likely_stellar_line_profile_change,feature is substantially broader than an unresolved HARPS line,,-80.241,-75.27
TOI-261,ADP.2021-06-13T01:10:19.505,ADP.2022-01-12T01:34:46.997,6277.85,6277.31739,6278.39819,6278.39819,brighter_later,10.624,10.547,6.926,5.459,1.269,0.222916,-0.044259,2.297,,likely_stellar_absorption_variability,difference does not form a bright line above the local spectrum,,-25.637,-20.667
TOI-261,ADP.2021-06-13T01:10:19.505,ADP.2022-01-12T01:34:46.997,6277.96,6277.42738,6278.5082,6278.5082,brighter_later,9.535,5.838,7.689,5.459,1.408,0.200522,0.021636,0.49,,likely_stellar_absorption_variability,difference does not form a bright line above the local spectrum,,-20.824,-15.854
TOI-261,ADP.2021-06-13T01:10:19.505,ADP.2022-01-12T01:34:46.997,6278.18,6277.64736,6278.72822,6278.72822,brighter_later,8.393,8.291,7.365,5.459,1.349,0.17733,0.024088,12.465,,likely_stellar_absorption_variability,difference does not form a bright line above the local spectrum,,-16.324,-11.354
TOI-261,ADP.2021-06-13T01:10:19.505,ADP.2022-01-12T01:34:46.997,6278.33,6277.79735,6278.87823,6277.79735,brighter_earlier,12.465,11.287,7.484,5.459,1.371,-0.264201,-0.019771,8.393,,likely_stellar_absorption_variability,difference does not form a bright line above the local spectrum,,-34.936,-29.965
TOI-261,ADP.2021-06-13T01:10:19.505,ADP.2022-01-12T01:34:46.997,6278.54,6278.00733,6279.08825,6278.00733,brighter_earlier,14.643,14.582,6.113,5.46,1.12,-0.311744,-0.005863,16.013,,likely_stellar_absorption_variability,difference does not form a bright line above the local spectrum,,-47.826,-42.855
TOI-261,ADP.2021-06-13T01:10:19.505,ADP.2022-01-12T01:34:46.997,6278.63,6278.09732,6279.17826,6279.17826,brighter_later,16.013,15.985,8.785,5.46,1.609,0.341546,0.027117,14.643,,likely_stellar_absorption_variability,difference does not form a bright line above the local spectrum,,-56.984,-52.014
TOI-261,ADP.2021-06-13T01:10:19.505,ADP.2022-01-12T01:34:46.997,6279.34,6278.80726,6279.88832,6278.80726,brighter_earlier,13.235,13.134,6.221,5.46,1.139,-0.286488,-0.005924,9.612,,likely_stellar_absorption_variability,difference does not form a bright line above the local spectrum,,-39.259,-34.288
TOI-261,ADP.2021-06-13T01:10:19.505,ADP.2022-01-12T01:34:46.997,6279.42,6278.88726,6279.96833,6279.96833,brighter_later,9.612,7.411,4.872,5.46,0.892,0.20841,0.006108,13.235,,likely_stellar_absorption_variability,difference does not form a bright line above the local spectrum,,-21.148,-16.177
TOI-261,ADP.2021-06-13T01:10:19.505,ADP.2022-01-12T01:34:46.997,6279.64,6279.10724,6280.18834,6280.18834,brighter_later,14.718,14.263,6.861,5.461,1.256,0.320546,0.018383,9.128,,likely_stellar_absorption_variability,difference does not form a bright line above the local spectrum,,-48.306,-43.335
TOI-261,ADP.2021-06-13T01:10:19.505,ADP.2022-01-12T01:34:46.997,6279.84,6279.30722,6280.38836,6279.30722,brighter_earlier,15.559,15.496,7.323,5.461,1.341,-0.340255,0.101003,7.155,,likely_alignment_or_line_profile_change,nearby opposite-sign residual is characteristic of a shifted or changing line,,-53.859,-48.889
TOI-261,ADP.2021-06-13T01:10:19.505,ADP.2022-01-12T01:34:46.997,6280.42,6279.88717,6280.96841,6280.96841,brighter_later,13.457,13.456,6.641,5.461,1.216,0.297754,0.014509,6.857,,likely_stellar_absorption_variability,difference does not form a bright line above the local spectrum,,-40.553,-35.582
TOI-261,ADP.2021-06-13T01:10:19.505,ADP.2022-01-12T01:34:46.997,6280.62,6280.08715,6281.16843,6280.08715,brighter_earlier,12.399,12.375,7.904,5.461,1.447,-0.275463,0.065407,9.599,,likely_stellar_absorption_variability,difference does not form a bright line above the local spectrum,,-34.577,-29.607
TOI-261,ADP.2021-06-13T01:10:19.505,ADP.2022-01-12T01:34:46.997,6280.93,6280.39713,6281.47846,6281.47846,brighter_later,12.906,12.887,7.142,5.462,1.308,0.288494,-0.065216,1.462,,likely_stellar_absorption_variability,difference does not form a bright line above the local spectrum,,-37.381,-32.41
TOI-261,ADP.2021-06-13T01:10:19.505,ADP.2022-01-12T01:34:46.997,6281.41,6280.87709,6281.9585,6280.87709,brighter_earlier,11.167,11.149,7.862,5.462,1.439,-0.252016,-0.015145,1.285,,likely_stellar_absorption_variability,difference does not form a bright line above the local spectrum,,-28.228,-23.257
TOI-261,ADP.2021-06-13T01:10:19.505,ADP.2022-01-12T01:34:46.997,6281.71,6281.17706,6282.25853,6282.25853,brighter_later,11.204,11.145,8.014,5.462,1.467,0.254345,0.003994,0.68,,likely_stellar_absorption_variability,difference does not form a bright line above the local spectrum,,-28.409,-23.439
TOI-261,ADP.2021-06-13T01:10:19.505,ADP.2022-01-12T01:34:46.997,6282.17,6281.63702,6282.71857,6281.63702,brighter_earlier,9.067,8.985,7.819,5.463,1.431,-0.207684,-0.013434,1.325,,likely_stellar_absorption_variability,difference does not form a bright line above the local spectrum,,-18.912,-13.942
TOI-261,ADP.2021-06-13T01:10:19.505,ADP.2022-01-12T01:34:46.997,6282.49,6281.957,6283.03859,6283.03859,brighter_later,11.378,11.375,7.393,5.463,1.353,0.262256,0.009533,1.072,,likely_stellar_absorption_variability,difference does not form a bright line above the local spectrum,,-29.269,-24.298
TOI-261,ADP.2021-06-13T01:10:19.505,ADP.2022-01-12T01:34:46.997,6289.67,6289.13639,6290.21922,6289.13639,brighter_earlier,9.189,9.188,7.163,5.469,1.31,-0.241191,-0.013308,0.904,,likely_stellar_absorption_variability,difference does not form a bright line above the local spectrum,,-19.402,-14.431
TOI-261,ADP.2021-06-13T01:10:19.505,ADP.2022-01-12T01:34:46.997,6290.76,6290.22629,6291.30932,6291.30932,brighter_later,8.839,8.828,6.811,5.47,1.245,0.230284,-0.006263,1.615,,likely_stellar_absorption_variability,difference does not form a bright line above the local spectrum,,-18.015,-13.044
TOI-261,ADP.2021-06-13T01:10:19.505,ADP.2022-01-12T01:34:46.997,6291.61,6291.07622,6292.15939,6291.07622,brighter_earlier,10.213,10.175,6.588,5.471,1.204,-0.262193,0.026646,1.49,,likely_stellar_absorption_variability,difference does not form a bright line above the local spectrum,,-23.761,-18.79
TOI-261,ADP.2021-06-13T01:10:19.505,ADP.2022-01-12T01:34:46.997,6292.4,6291.86616,6292.94946,6291.86616,brighter_earlier,11.282,11.278,7.559,5.472,1.381,-0.285662,-0.005645,1.194,,likely_stellar_absorption_variability,difference does not form a bright line above the local spectrum,,-28.793,-23.822
TOI-261,ADP.2021-06-13T01:10:19.505,ADP.2022-01-12T01:34:46.997,6292.69,6292.15613,6293.23948,6293.23948,brighter_later,9.816,9.748,7.131,5.472,1.303,0.247273,0.013761,0.727,,likely_stellar_absorption_variability,difference does not form a bright line above the local spectrum,,-22.017,-17.047
TOI-261,ADP.2021-06-13T01:10:19.505,ADP.2022-01-12T01:34:46.997,6293.49,6292.95606,6294.03955,6294.03955,brighter_later,11.242,11.182,6.606,5.473,1.207,0.279155,0.000353,1.497,,likely_stellar_absorption_variability,difference does not form a bright line above the local spectrum,,-28.596,-23.625
TOI-261,ADP.2021-06-13T01:10:19.505,ADP.2022-01-12T01:34:46.997,6294.62,6294.08597,6295.16965,6294.08597,brighter_earlier,11.018,10.877,7.171,5.474,1.31,-0.268021,0.007947,2.108,,likely_stellar_absorption_variability,difference does not form a bright line above the local spectrum,,-27.505,-22.534
TOI-261,ADP.2021-06-13T01:10:19.505,ADP.2022-01-12T01:34:46.997,6295.41,6294.8759,6295.95972,6294.8759,brighter_earlier,13.532,13.524,7.609,5.474,1.39,-0.324401,0.004639,1.113,,likely_stellar_absorption_variability,difference does not form a bright line above the local spectrum,,-40.995,-36.024
TOI-261,ADP.2021-06-13T01:10:19.505,ADP.2022-01-12T01:34:46.997,6295.71,6295.17587,6296.25975,6296.25975,brighter_later,11.702,11.614,7.194,5.475,1.314,0.278965,0.003576,0.89,,likely_stellar_absorption_variability,difference does not form a bright line above the local spectrum,,-30.905,-25.934
TOI-261,ADP.2021-06-13T01:10:19.505,ADP.2022-01-12T01:34:46.997,6296.49,6295.95581,6297.03982,6297.03982,brighter_later,12.186,12.162,6.997,5.475,1.278,0.286229,0.011232,2.004,,likely_stellar_absorption_variability,difference does not form a bright line above the local spectrum,,-33.433,-28.462
TOI-261,ADP.2021-06-13T01:10:19.505,ADP.2022-01-12T01:34:46.997,6297.9,6297.36569,6298.44994,6297.36569,brighter_earlier,11.573,11.518,6.68,5.476,1.22,-0.264542,0.049788,2.469,,likely_stellar_absorption_variability,difference does not form a bright line above the local spectrum,,-30.248,-25.277
TOI-261,ADP.2021-06-13T01:10:19.505,ADP.2022-01-12T01:34:46.997,6298.68,6298.14562,6299.23001,6298.14562,brighter_earlier,14.28,14.28,7.326,5.477,1.338,-0.321414,0.018394,0.723,,likely_stellar_absorption_variability,difference does not form a bright line above the local spectrum,,-45.535,-40.564
TOI-261,ADP.2021-06-13T01:10:19.505,ADP.2022-01-12T01:34:46.997,6299.0,6298.4656,6299.55004,6299.55004,brighter_later,11.865,11.79,7.293,5.477,1.331,0.265353,-0.008879,0.951,,likely_stellar_absorption_variability,difference does not form a bright line above the local spectrum,,-31.745,-26.774
TOI-261,ADP.2021-06-13T01:10:19.505,ADP.2022-01-12T01:34:46.997,6299.76,6299.22553,6300.3101,6300.3101,brighter_later,12.254,12.246,6.818,5.478,1.245,0.269888,-0.032849,1.864,OI_sky_6300,known_line_proximity,feature is close to a common sky/stellar reference line,,-33.796,-28.825
TOI-261,ADP.2021-06-13T01:10:19.505,ADP.2022-01-12T01:34:46.997,6301.45,6300.91539,6302.00025,6300.91539,brighter_earlier,12.182,12.172,6.274,5.48,1.145,-0.259091,0.016819,1.572,,likely_stellar_absorption_variability,difference does not form a bright line above the local spectrum,,-33.412,-28.441
TOI-261,ADP.2021-06-13T01:10:19.505,ADP.2022-01-12T01:34:46.997,6302.21,6301.67532,6302.76032,6301.67532,brighter_earlier,13.175,13.171,7.188,5.48,1.312,-0.27572,0.00325,1.447,,likely_stellar_absorption_variability,difference does not form a bright line above the local spectrum,,-38.913,-33.942
TOI-261,ADP.2021-06-13T01:10:19.505,ADP.2022-01-12T01:34:46.997,6302.54,6302.00529,6303.09034,6303.09034,brighter_later,11.877,11.849,6.45,5.48,1.177,0.246803,0.028716,1.564,,likely_stellar_absorption_variability,difference does not form a bright line above the local spectrum,,-31.807,-26.837
TOI-261,ADP.2021-06-13T01:10:19.505,ADP.2022-01-12T01:34:46.997,6303.3,6302.76523,6303.85041,6303.85041,brighter_later,10.666,10.66,7.591,5.481,1.385,0.218023,-0.005805,2.573,,likely_stellar_absorption_variability,difference does not form a bright line above the local spectrum,,-25.833,-20.863
TOI-261,ADP.2021-06-13T01:10:19.505,ADP.2022-01-12T01:34:46.997,6305.26,6304.72506,6305.81058,6304.72506,brighter_earlier,10.767,10.763,6.523,5.483,1.19,-0.210639,-0.007335,2.22,,likely_stellar_absorption_variability,difference does not form a bright line above the local spectrum,,-26.307,-21.337
TOI-261,ADP.2021-06-13T01:10:19.505,ADP.2022-01-12T01:34:46.997,6306.02,6305.485,6306.57065,6305.485,brighter_earlier,12.608,12.606,6.72,5.483,1.225,-0.242362,0.013027,1.349,,likely_stellar_absorption_variability,difference does not form a bright line above the local spectrum,,-35.719,-30.749
TOI-261,ADP.2021-06-13T01:10:19.505,ADP.2022-01-12T01:34:46.997,6306.35,6305.81497,6306.90068,6306.90068,brighter_later,11.236,11.181,6.468,5.484,1.179,0.214321,0.007558,1.251,,likely_stellar_absorption_variability,difference does not form a bright line above the local spectrum,,-28.566,-23.596
TOI-261,ADP.2021-06-13T01:10:19.505,ADP.2022-01-12T01:34:46.997,6307.1,6306.56491,6307.65074,6307.65074,brighter_later,10.8,10.784,7.102,5.484,1.295,0.202382,0.005572,1.822,,likely_stellar_absorption_variability,difference does not form a bright line above the local spectrum,,-26.463,-21.492
TOI-261,ADP.2021-06-13T01:10:19.505,ADP.2022-01-12T01:34:46.997,6309.33,6308.79472,6309.88094,6308.79472,brighter_earlier,8.827,8.82,7.122,5.486,1.298,-0.156594,0.010084,1.713,,likely_stellar_absorption_variability,difference does not form a bright line above the local spectrum,,-17.969,-12.998
TOI-261,ADP.2021-06-13T01:10:19.505,ADP.2022-01-12T01:34:46.997,6310.07,6309.53466,6310.621,6309.53466,brighter_earlier,9.372,9.367,7.723,5.487,1.408,-0.163357,-0.039908,1.841,,likely_stellar_absorption_variability,difference does not form a bright line above the local spectrum,,-20.148,-15.177
TOI-261,ADP.2021-06-13T01:10:19.505,ADP.2022-01-12T01:34:46.997,6310.43,6309.89463,6310.98103,6310.98103,brighter_later,8.651,8.645,6.629,5.487,1.208,0.150287,-0.013619,0.952,,likely_stellar_absorption_variability,difference does not form a bright line above the local spectrum,,-17.292,-12.321
TOI-261,ADP.2021-06-13T01:10:19.505,ADP.2022-01-12T01:34:46.997,6311.18,6310.64456,6311.7311,6311.7311,brighter_later,9.496,9.496,5.965,5.488,1.087,0.163849,0.006853,2.585,,likely_stellar_absorption_variability,difference does not form a bright line above the local spectrum,,-20.661,-15.691
TOI-261,ADP.2021-06-13T01:10:19.505,ADP.2022-01-12T01:34:46.997,6313.68,6313.14435,6314.23132,6313.14435,brighter_earlier,8.693,8.684,4.262,5.49,0.776,-0.146552,0.021749,1.521,,likely_stellar_absorption_variability,difference does not form a bright line above the local spectrum,,-17.452,-12.482
TOI-261,ADP.2021-06-13T01:10:19.505,ADP.2022-01-12T01:34:46.997,6357.95,6357.41059,6358.50518,6358.50518,brighter_later,29.751,29.75,3.063,5.529,0.554,0.368656,0.387568,2.835,,likely_single_pixel_or_cosmic_ray,feature is narrower than the instrumental line-spread function,,-193.774,-188.803
TOI-261,ADP.2021-06-13T01:10:19.505,ADP.2022-01-12T01:34:46.997,6402.67,6402.1268,6403.22909,6402.1268,brighter_earlier,30.54,30.54,1.89,5.568,0.339,-0.413893,0.404555,3.366,,likely_single_pixel_or_cosmic_ray,feature is narrower than the instrumental line-spread function,,-204.115,-199.144
TOI-261,ADP.2021-06-13T01:10:19.505,ADP.2022-01-12T01:34:46.997,6475.25,6474.70064,6475.81543,6474.70064,brighter_earlier,8.1,8.099,8.325,5.631,1.479,-0.145185,0.00363,1.847,,likely_stellar_absorption_variability,difference does not form a bright line above the local spectrum,,-15.26,-10.289
TOI-261,ADP.2021-06-13T01:10:19.505,ADP.2022-01-12T01:34:46.997,6490.22,6489.66937,6490.78673,6489.66937,brighter_earlier,8.581,8.581,6.599,5.644,1.169,-0.145165,0.004914,1.782,,likely_stellar_absorption_variability,difference does not form a bright line above the local spectrum,,-17.027,-12.056
TOI-261,ADP.2021-06-13T01:10:19.505,ADP.2022-01-12T01:34:46.997,6514.15,6513.59734,6514.71882,6513.59734,brighter_earlier,9.488,9.478,8.96,5.664,1.582,-0.135187,-0.002024,1.652,,likely_stellar_absorption_variability,difference does not form a bright line above the local spectrum,,-20.628,-15.657
TOI-261,ADP.2021-06-13T01:10:19.505,ADP.2022-01-12T01:34:46.997,6516.83,6516.27711,6517.39906,6516.27711,brighter_earlier,13.144,13.144,2.539,5.667,0.448,-0.189314,0.195878,2.703,,likely_single_pixel_or_cosmic_ray,feature is narrower than the instrumental line-spread function,,-38.735,-33.764
TOI-261,ADP.2021-06-13T01:10:19.505,ADP.2022-01-12T01:34:46.997,6527.56,6527.0062,6528.12999,6527.0062,brighter_earlier,8.105,8.104,2.008,5.676,0.354,-0.121756,0.130015,1.913,,likely_single_pixel_or_cosmic_ray,feature is narrower than the instrumental line-spread function,,-15.278,-10.307
TOI-261,ADP.2021-06-13T01:10:19.505,ADP.2022-01-12T01:34:46.997,6543.34,6542.78487,6543.91137,6542.78487,brighter_earlier,9.484,9.483,8.152,5.69,1.433,-0.149272,0.016478,1.969,,likely_stellar_absorption_variability,difference does not form a bright line above the local spectrum,,-20.611,-15.641
TOI-261,ADP.2021-06-13T01:10:19.505,ADP.2022-01-12T01:34:46.997,6574.25,6573.69224,6574.82407,6573.69224,brighter_earlier,8.274,8.274,9.525,5.717,1.666,-0.111686,0.028328,1.434,,likely_stellar_absorption_variability,difference does not form a bright line above the local spectrum,,-15.888,-10.917
TOI-261,ADP.2021-06-13T01:10:19.505,ADP.2022-01-12T01:34:46.997,6584.98,6584.42133,6585.55501,6585.55501,brighter_later,9.889,9.889,2.558,5.726,0.447,0.131047,0.150491,2.488,,likely_single_pixel_or_cosmic_ray,feature is narrower than the instrumental line-spread function,,-22.333,-17.362
TOI-261,ADP.2021-06-13T01:10:19.505,ADP.2022-01-12T01:34:46.997,6724.29,6723.71951,6724.87717,6723.71951,brighter_earlier,10.3,10.3,2.287,5.847,0.391,-0.122995,0.122945,2.532,,likely_single_pixel_or_cosmic_ray,feature is narrower than the instrumental line-spread function,,-24.152,-19.181
TOI-261,ADP.2021-06-13T01:10:19.505,ADP.2022-01-12T01:34:46.997,6866.62,6866.03744,6867.2196,6866.03744,brighter_earlier,10.619,10.619,10.793,5.971,1.808,-0.661509,-0.009513,3.499,,low_sensitivity_spectral_edge,feature is in the low-sensitivity edge of the extracted spectrum,,-25.614,-20.643
TOI-261,ADP.2021-06-13T01:10:19.505,ADP.2022-01-12T01:34:46.997,6867.64,6867.05735,6868.23969,6867.05735,brighter_earlier,10.303,10.258,4.771,5.972,0.799,-0.672222,0.047998,9.268,,low_sensitivity_spectral_edge,feature is in the low-sensitivity edge of the extracted spectrum,,-24.166,-19.195
TOI-261,ADP.2021-06-13T01:10:19.505,ADP.2022-01-12T01:34:46.997,6867.78,6867.19734,6868.3797,6868.3797,brighter_later,9.268,9.029,12.248,5.972,2.051,0.60844,0.380324,10.303,,low_sensitivity_spectral_edge,feature is in the low-sensitivity edge of the extracted spectrum,,-19.722,-14.751
TOI-261,ADP.2021-06-13T01:10:19.505,ADP.2022-01-12T01:34:46.997,6868.12,6867.53731,6868.71973,6868.71973,brighter_later,11.634,10.802,10.516,5.972,1.761,0.775255,0.46539,11.859,,low_sensitivity_spectral_edge,feature is in the low-sensitivity edge of the extracted spectrum,,-30.558,-25.587
TOI-261,ADP.2021-06-13T01:10:19.505,ADP.2022-01-12T01:34:46.997,6868.29,6867.7073,6868.88975,6867.7073,brighter_earlier,11.859,11.859,4.678,5.972,0.783,-0.796114,0.199926,11.634,,low_sensitivity_spectral_edge,feature is in the low-sensitivity edge of the extracted spectrum,,-31.714,-26.743
TOI-261,ADP.2021-06-13T01:10:19.505,ADP.2022-01-12T01:34:46.997,6868.34,6867.75729,6868.93975,6867.75729,brighter_earlier,12.212,7.08,3.594,5.972,0.602,-0.821575,0.142112,9.248,,low_sensitivity_spectral_edge,feature is in the low-sensitivity edge of the extracted spectrum,,-33.572,-28.601
TOI-261,ADP.2021-06-13T01:10:19.505,ADP.2022-01-12T01:34:46.997,6868.5,6867.91728,6869.09976,6867.91728,brighter_earlier,12.231,12.229,11.434,5.973,1.914,-0.82849,0.096321,9.828,,low_sensitivity_spectral_edge,feature is in the low-sensitivity edge of the extracted spectrum,,-33.673,-28.702
TOI-261,ADP.2021-06-13T01:10:19.505,ADP.2022-01-12T01:34:46.997,6869.27,6868.68721,6869.86983,6868.68721,brighter_earlier,14.476,14.476,5.035,5.973,0.843,-1.012867,0.493455,6.664,,low_sensitivity_spectral_edge,feature is in the low-sensitivity edge of the extracted spectrum,,-46.765,-41.794
TOI-261,ADP.2021-06-13T01:10:19.505,ADP.2022-01-12T01:34:46.997,6869.41,6868.8272,6870.00984,6868.8272,brighter_earlier,10.736,10.736,2.91,5.973,0.487,-0.755523,0.17181,7.019,,low_sensitivity_spectral_edge,feature is in the low-sensitivity edge of the extracted spectrum,,-26.161,-21.191
TOI-261,ADP.2021-06-13T01:10:19.505,ADP.2022-01-12T01:34:46.997,6869.68,6869.09718,6870.27987,6870.27987,brighter_later,9.626,9.605,12.109,5.974,2.027,0.68491,-0.008295,0.617,,low_sensitivity_spectral_edge,feature is in the low-sensitivity edge of the extracted spectrum,,-21.207,-16.236
TOI-261,ADP.2021-06-13T01:10:19.505,ADP.2022-01-12T01:34:46.997,6870.32,6869.73712,6870.91992,6869.73712,brighter_earlier,10.346,10.346,5.608,5.974,0.939,-0.748538,0.040008,8.521,,low_sensitivity_spectral_edge,feature is in the low-sensitivity edge of the extracted spectrum,,-24.36,-19.389
TOI-261,ADP.2021-06-13T01:10:19.505,ADP.2022-01-12T01:34:46.997,6870.46,6869.87711,6871.05994,6871.05994,brighter_later,8.521,8.521,2.919,5.974,0.489,0.617448,0.394914,10.346,,low_sensitivity_spectral_edge,feature is in the low-sensitivity edge of the extracted spectrum,,-16.801,-11.83
TOI-261,ADP.2021-06-13T01:10:19.505,ADP.2022-01-12T01:34:46.997,6870.72,6870.13709,6871.31996,6870.13709,brighter_earlier,9.588,9.588,5.446,5.975,0.912,-0.696861,-0.102988,6.806,,low_sensitivity_spectral_edge,feature is in the low-sensitivity edge of the extracted spectrum,,-21.047,-16.076
TOI-261,ADP.2021-06-13T01:10:19.505,ADP.2022-01-12T01:34:46.997,6871.51,6870.92702,6872.11003,6872.11003,brighter_later,9.136,9.13,5.993,5.975,1.003,0.670007,-0.135848,9.704,,low_sensitivity_spectral_edge,feature is in the low-sensitivity edge of the extracted spectrum,,-19.188,-14.218
TOI-261,ADP.2021-06-13T01:10:19.505,ADP.2022-01-12T01:34:46.997,6871.68,6871.09701,6872.28004,6871.09701,brighter_earlier,9.704,9.347,4.8,5.975,0.803,-0.713039,0.426482,10.768,,low_sensitivity_spectral_edge,feature is in the low-sensitivity edge of the extracted spectrum,,-21.538,-16.567
TOI-261,ADP.2021-06-13T01:10:19.505,ADP.2022-01-12T01:34:46.997,6871.84,6871.257,6872.44006,6872.44006,brighter_later,10.768,10.768,4.935,5.976,0.826,0.792632,-0.009442,9.704,,low_sensitivity_spectral_edge,feature is in the low-sensitivity edge of the extracted spectrum,,-26.312,-21.341
TOI-261,ADP.2021-06-13T01:10:19.505,ADP.2022-01-12T01:34:46.997,6871.9,6871.31699,6872.50006,6872.50006,brighter_later,11.39,11.332,6.103,5.976,1.021,0.838962,0.081182,5.462,,low_sensitivity_spectral_edge,feature is in the low-sensitivity edge of the extracted spectrum,,-29.329,-24.358
TOI-261,ADP.2021-06-13T01:10:19.505,ADP.2022-01-12T01:34:46.997,6872.21,6871.62696,6872.81009,6871.62696,brighter_earlier,12.084,12.084,6.048,5.976,1.012,-0.893259,0.029476,0.937,,low_sensitivity_spectral_edge,feature is in the low-sensitivity edge of the extracted spectrum,,-32.892,-27.921
TOI-261,ADP.2021-06-13T01:10:19.505,ADP.2022-01-12T01:34:46.997,6872.28,6871.69696,6872.88009,6871.69696,brighter_earlier,11.891,11.891,6.32,5.976,1.057,-0.879622,0.032047,0.0,,low_sensitivity_spectral_edge,feature is in the low-sensitivity edge of the extracted spectrum,,-31.88,-26.909
TOI-261,ADP.2021-06-13T01:10:19.505,ADP.2022-01-12T01:34:46.997,6872.81,6872.22691,6873.41014,6873.41014,brighter_later,11.616,11.607,6.065,5.976,1.015,0.864415,0.025405,0.0,,low_sensitivity_spectral_edge,feature is in the low-sensitivity edge of the extracted spectrum,,-30.466,-25.496
TOI-261,ADP.2021-06-13T01:10:19.505,ADP.2022-01-12T01:34:46.997,6872.86,6872.27691,6873.46015,6873.46015,brighter_later,11.264,11.158,5.58,5.976,0.934,0.838677,0.01705,1.724,,low_sensitivity_spectral_edge,feature is in the low-sensitivity edge of the extracted spectrum,,-28.704,-23.734
TOI-261,ADP.2021-06-13T01:10:19.505,ADP.2022-01-12T01:34:46.997,6873.16,6872.57688,6873.76017,6872.57688,brighter_earlier,11.846,11.846,5.995,5.977,1.003,-0.884948,0.089866,2.987,,low_sensitivity_spectral_edge,feature is in the low-sensitivity edge of the extracted spectrum,,-31.646,-26.676
TOI-261,ADP.2021-06-13T01:10:19.505,ADP.2022-01-12T01:34:46.997,6873.23,6872.64688,6873.83018,6872.64688,brighter_earlier,11.459,11.459,5.07,5.977,0.848,-0.856737,-0.005051,10.522,,low_sensitivity_spectral_edge,feature is in the low-sensitivity edge of the extracted spectrum,,-29.674,-24.703
TOI-261,ADP.2021-06-13T01:10:19.505,ADP.2022-01-12T01:34:46.997,6873.4,6872.81686,6874.00019,6874.00019,brighter_later,10.522,10.15,4.818,5.977,0.806,0.788144,-0.058849,11.459,,low_sensitivity_spectral_edge,feature is in the low-sensitivity edge of the extracted spectrum,,-25.165,-20.194
TOI-261,ADP.2021-06-13T01:10:19.505,ADP.2022-01-12T01:34:46.997,6873.46,6872.87686,6874.0602,6874.0602,brighter_later,11.352,11.347,6.245,5.977,1.045,0.850881,0.0217,5.161,,low_sensitivity_spectral_edge,feature is in the low-sensitivity edge of the extracted spectrum,,-29.14,-24.169
TOI-261,ADP.2021-06-13T01:10:19.505,ADP.2022-01-12T01:34:46.997,6874.02,6873.43681,6874.62025,6873.43681,brighter_earlier,11.473,11.473,6.255,5.977,1.046,-0.86535,-0.011095,0.0,,low_sensitivity_spectral_edge,feature is in the low-sensitivity edge of the extracted spectrum,,-29.744,-24.773
TOI-261,ADP.2021-06-13T01:10:19.505,ADP.2022-01-12T01:34:46.997,6874.09,6873.5068,6874.69025,6873.5068,brighter_earlier,11.323,11.178,5.706,5.977,0.955,-0.854693,0.019388,2.865,,low_sensitivity_spectral_edge,feature is in the low-sensitivity edge of the extracted spectrum,,-28.996,-24.025
TOI-261,ADP.2021-06-13T01:10:19.505,ADP.2022-01-12T01:34:46.997,6874.35,6873.76678,6874.95028,6874.95028,brighter_later,11.42,11.42,5.253,5.978,0.879,0.864475,0.033909,3.147,,low_sensitivity_spectral_edge,feature is in the low-sensitivity edge of the extracted spectrum,,-29.479,-24.508
TOI-261,ADP.2021-06-13T01:10:19.505,ADP.2022-01-12T01:34:46.997,6874.41,6873.82678,6875.01028,6875.01028,brighter_later,11.616,11.616,5.972,5.978,0.999,0.879856,0.008386,0.0,,low_sensitivity_spectral_edge,feature is in the low-sensitivity edge of the extracted spectrum,,-30.466,-25.496
TOI-261,ADP.2021-06-13T01:10:19.505,ADP.2022-01-12T01:34:46.997,6874.96,6874.37673,6875.56033,6874.37673,brighter_earlier,11.2,11.184,5.851,5.978,0.979,-0.853466,0.025129,2.762,,low_sensitivity_spectral_edge,feature is in the low-sensitivity edge of the extracted spectrum,,-28.39,-23.419
TOI-261,ADP.2021-06-13T01:10:19.505,ADP.2022-01-12T01:34:46.997,6875.02,6874.43673,6875.62033,6874.43673,brighter_earlier,11.054,11.054,5.099,5.978,0.853,-0.842909,-0.053072,9.991,,low_sensitivity_spectral_edge,feature is in the low-sensitivity edge of the extracted spectrum,,-27.678,-22.708
TOI-261,ADP.2021-06-13T01:10:19.505,ADP.2022-01-12T01:34:46.997,6875.2,6874.61671,6875.80035,6875.80035,brighter_later,9.991,9.444,4.133,5.978,0.691,0.76335,-0.013088,11.054,,low_sensitivity_spectral_edge,feature is in the low-sensitivity edge of the extracted spectrum,,-22.778,-17.807
TOI-261,ADP.2021-06-13T01:10:19.505,ADP.2022-01-12T01:34:46.997,6875.27,6874.6867,6875.87036,6875.87036,brighter_later,10.888,10.888,6.258,5.978,1.047,0.832523,-0.025916,2.74,,low_sensitivity_spectral_edge,feature is in the low-sensitivity edge of the extracted spectrum,,-26.881,-21.91
TOI-261,ADP.2021-06-13T01:10:19.505,ADP.2022-01-12T01:34:46.997,6877.01,6876.42656,6877.61051,6876.42656,brighter_earlier,10.17,10.17,5.306,5.98,0.887,-0.792321,0.013922,1.743,,low_sensitivity_spectral_edge,feature is in the low-sensitivity edge of the extracted spectrum,,-23.569,-18.598
TOI-261,ADP.2021-06-13T01:10:19.505,ADP.2022-01-12T01:34:46.997,6877.06,6876.47655,6877.66051,6876.47655,brighter_earlier,10.141,10.141,4.982,5.98,0.833,-0.790506,0.020213,6.933,,low_sensitivity_spectral_edge,feature is in the low-sensitivity edge of the extracted spectrum,,-23.44,-18.469
TOI-261,ADP.2021-06-13T01:10:19.505,ADP.2022-01-12T01:34:46.997,6877.27,6876.68654,6877.87053,6877.87053,brighter_later,9.855,9.569,5.057,5.98,0.846,0.769924,0.008986,7.054,,low_sensitivity_spectral_edge,feature is in the low-sensitivity edge of the extracted spectrum,,-22.186,-17.215
TOI-261,ADP.2021-06-13T01:10:19.505,ADP.2022-01-12T01:34:46.997,6877.33,6876.74653,6877.93054,6877.93054,brighter_later,10.491,10.491,5.119,5.98,0.856,0.820113,0.027561,1.128,,low_sensitivity_spectral_edge,feature is in the low-sensitivity edge of the extracted spectrum,,-25.022,-20.051
TOI-261,ADP.2021-06-13T01:10:19.505,ADP.2022-01-12T01:34:46.997,6878.21,6877.62646,6878.81061,6878.81061,brighter_later,10.489,10.476,5.694,5.981,0.952,0.827654,0.030183,6.774,,low_sensitivity_spectral_edge,feature is in the low-sensitivity edge of the extracted spectrum,,-25.013,-20.042
TOI-261,ADP.2021-06-13T01:10:19.505,ADP.2022-01-12T01:34:46.997,6878.24,6877.65645,6878.84062,6878.84062,brighter_later,10.268,10.268,5.238,5.981,0.876,0.810428,-0.014496,9.866,,low_sensitivity_spectral_edge,feature is in the low-sensitivity edge of the extracted spectrum,,-24.008,-19.037
TOI-261,ADP.2021-06-13T01:10:19.505,ADP.2022-01-12T01:34:46.997,6878.42,6877.83644,6879.02063,6877.83644,brighter_earlier,9.866,9.522,4.866,5.981,0.814,-0.780168,-0.018741,10.268,,low_sensitivity_spectral_edge,feature is in the low-sensitivity edge of the extracted spectrum,,-22.233,-17.262
TOI-261,ADP.2021-06-13T01:10:19.505,ADP.2022-01-12T01:34:46.997,6878.46,6877.87643,6879.06063,6877.87643,brighter_earlier,10.027,10.008,5.638,5.981,0.943,-0.793267,0.010265,6.076,,low_sensitivity_spectral_edge,feature is in the low-sensitivity edge of the extracted spectrum,,-22.936,-17.965
TOI-261,ADP.2021-06-13T01:10:19.505,ADP.2022-01-12T01:34:46.997,6879.33,6878.74636,6879.93071,6878.74636,brighter_earlier,9.039,9.012,10.811,5.982,1.807,-0.721642,-0.00198,1.075,,low_sensitivity_spectral_edge,feature is in the low-sensitivity edge of the extracted spectrum,,-18.801,-13.83
TOI-261,ADP.2021-06-13T01:10:19.505,ADP.2022-01-12T01:34:46.997,6879.62,6879.03634,6880.22074,6880.22074,brighter_later,10.23,10.23,5.918,5.982,0.989,0.819208,0.018676,0.823,,low_sensitivity_spectral_edge,feature is in the low-sensitivity edge of the extracted spectrum,,-23.837,-18.866
TOI-261,ADP.2021-06-13T01:10:19.505,ADP.2022-01-12T01:34:46.997,6883.21,6882.62603,6883.81105,6882.62603,brighter_earlier,8.138,8.138,4.601,5.985,0.769,-0.675951,-0.010742,0.754,,low_sensitivity_spectral_edge,feature is in the low-sensitivity edge of the extracted spectrum,,-15.396,-10.425
TOI-261,ADP.2021-06-13T01:10:19.505,ADP.2022-01-12T01:34:46.997,6884.41,6883.82593,6885.01115,6885.01115,brighter_later,9.086,9.086,5.251,5.986,0.877,0.763749,-0.009913,0.781,,low_sensitivity_spectral_edge,feature is in the low-sensitivity edge of the extracted spectrum,,-18.988,-14.017
TOI-261,ADP.2021-06-13T01:10:19.505,ADP.2022-01-12T01:34:46.997,6885.13,6884.54587,6885.73122,6884.54587,brighter_earlier,8.761,8.761,5.332,5.987,0.891,-0.741663,-0.003788,0.168,,low_sensitivity_spectral_edge,feature is in the low-sensitivity edge of the extracted spectrum,,-17.713,-12.743
TOI-261,ADP.2021-06-13T01:10:19.505,ADP.2022-01-12T01:34:46.997,6885.18,6884.59586,6885.78122,6884.59586,brighter_earlier,8.362,8.335,4.485,5.987,0.749,-0.708184,-0.010411,0.534,,low_sensitivity_spectral_edge,feature is in the low-sensitivity edge of the extracted spectrum,,-16.21,-11.239
TOI-261,ADP.2021-06-13T01:10:19.505,ADP.2022-01-12T01:34:46.997,6886.11,6885.52579,6886.7113,6885.52579,brighter_earlier,8.84,8.84,5.173,5.988,0.864,-0.755546,0.065846,4.855,,low_sensitivity_spectral_edge,feature is in the low-sensitivity edge of the extracted spectrum,,-18.019,-13.048
TOI-261,ADP.2021-06-13T01:10:19.505,ADP.2022-01-12T01:34:46.997,6886.18,6885.59578,6886.78131,6885.59578,brighter_earlier,8.173,8.173,4.282,5.988,0.715,-0.699004,0.081155,8.98,,low_sensitivity_spectral_edge,feature is in the low-sensitivity edge of the extracted spectrum,,-15.522,-10.551
TOI-261,ADP.2021-06-13T01:10:19.505,ADP.2022-01-12T01:34:46.997,6886.32,6885.73577,6886.92132,6886.92132,brighter_later,8.069,8.068,4.072,5.988,0.68,0.691023,-0.063642,8.173,,low_sensitivity_spectral_edge,feature is in the low-sensitivity edge of the extracted spectrum,,-15.149,-10.179
TOI-261,ADP.2021-06-13T01:10:19.505,ADP.2022-01-12T01:34:46.997,6886.36,6885.77576,6886.96132,6886.96132,brighter_later,8.98,8.98,5.132,5.988,0.857,0.769361,-0.030471,8.173,,low_sensitivity_spectral_edge,feature is in the low-sensitivity edge of the extracted spectrum,,-18.567,-13.597
TOI-261,ADP.2021-06-13T01:10:19.505,ADP.2022-01-12T01:34:46.997,6887.36,6886.77568,6887.96141,6887.96141,brighter_later,8.374,8.374,4.641,5.989,0.775,0.724417,-0.009559,0.353,,low_sensitivity_spectral_edge,feature is in the low-sensitivity edge of the extracted spectrum,,-16.254,-11.283
TOI-261,ADP.2021-06-13T01:10:19.505,ADP.2022-01-12T01:34:46.997,6888.31,6887.7256,6888.91149,6887.7256,brighter_earlier,8.101,8.096,4.782,5.99,0.798,-0.707209,-0.004506,0.251,,low_sensitivity_spectral_edge,feature is in the low-sensitivity edge of the extracted spectrum,,-15.264,-10.293
TOI-261,ADP.2021-06-13T01:10:19.505,ADP.2022-01-12T01:34:46.997,6888.38,6887.79559,6888.9815,6887.79559,brighter_earlier,8.415,8.374,4.614,5.99,0.77,-0.735118,0.009512,0.798,,low_sensitivity_spectral_edge,feature is in the low-sensitivity edge of the extracted spectrum,,-16.406,-11.435
TOI-261,ADP.2021-06-13T01:10:19.505,ADP.2022-01-12T01:34:46.997,6889.26,6888.67552,6889.86158,6888.67552,brighter_earlier,8.534,8.534,4.953,5.991,0.827,-0.751719,0.005121,1.392,,low_sensitivity_spectral_edge,feature is in the low-sensitivity edge of the extracted spectrum,,-16.85,-11.879
TOI-261,ADP.2021-06-13T01:10:19.505,ADP.2022-01-12T01:34:46.997,6889.34,6888.75551,6889.94158,6888.75551,brighter_earlier,8.332,8.332,4.792,5.991,0.8,-0.734528,-0.038221,8.04,,low_sensitivity_spectral_edge,feature is in the low-sensitivity edge of the extracted spectrum,,-16.1,-11.129
TOI-261,ADP.2021-06-13T01:10:19.505,ADP.2022-01-12T01:34:46.997,6889.5,6888.9155,6890.1016,6890.1016,brighter_later,8.04,7.755,3.933,5.991,0.656,0.70978,-0.038512,8.332,,low_sensitivity_spectral_edge,feature is in the low-sensitivity edge of the extracted spectrum,,-15.047,-10.076
TOI-261,ADP.2021-06-13T01:10:19.505,ADP.2022-01-12T01:34:46.997,6889.57,6888.98549,6890.1716,6890.1716,brighter_later,8.625,8.625,4.674,5.991,0.78,0.761918,0.018305,3.253,,low_sensitivity_spectral_edge,feature is in the low-sensitivity edge of the extracted spectrum,,-17.193,-12.222
TOI-261,ADP.2021-06-13T01:10:19.505,ADP.2022-01-12T01:34:46.997,6890.53,6889.94541,6891.13169,6891.13169,brighter_later,8.138,8.138,5.044,5.992,0.842,0.72197,0.026756,0.297,,low_sensitivity_spectral_edge,feature is in the low-sensitivity edge of the extracted spectrum,,-15.396,-10.425
TOI-261,ADP.2021-06-13T01:10:19.505,ADP.2022-01-12T01:34:46.997,6892.66,6892.07523,6893.26187,6892.07523,brighter_earlier,8.075,8.075,5.472,5.994,0.913,-0.71676,-0.013233,0.0,,low_sensitivity_spectral_edge,feature is in the low-sensitivity edge of the extracted spectrum,,-15.171,-10.2
TOI-261,ADP.2021-06-13T01:10:19.505,ADP.2022-01-12T01:34:46.997,6892.75,6892.16522,6893.35188,6892.16522,brighter_earlier,8.29,7.945,4.904,5.994,0.818,-0.735875,0.022956,8.426,,low_sensitivity_spectral_edge,feature is in the low-sensitivity edge of the extracted spectrum,,-15.946,-10.975
TOI-261,ADP.2021-06-13T01:10:19.505,ADP.2022-01-12T01:34:46.997,6892.93,6892.34521,6893.5319,6893.5319,brighter_later,8.426,8.426,5.089,5.994,0.849,0.747984,-0.037506,8.29,,low_sensitivity_spectral_edge,feature is in the low-sensitivity edge of the extracted spectrum,,-16.447,-11.476
TOI-261,ADP.2021-06-13T01:10:19.505,ADP.2022-01-12T01:34:46.997,6896.32,6895.73492,6896.92219,6895.73492,brighter_earlier,8.336,8.336,5.131,5.997,0.856,-0.74073,-0.003421,0.418,,low_sensitivity_spectral_edge,feature is in the low-sensitivity edge of the extracted spectrum,,-16.114,-11.144
TOI-261,ADP.2021-06-13T01:10:19.505,ADP.2022-01-12T01:34:46.997,6896.4,6895.81491,6897.0022,6895.81491,brighter_earlier,8.756,8.756,5.349,5.997,0.892,-0.778016,0.053301,7.03,,low_sensitivity_spectral_edge,feature is in the low-sensitivity edge of the extracted spectrum,,-17.694,-12.723
TOI-261,ADP.2021-06-13T01:10:19.505,ADP.2022-01-12T01:34:46.997,6896.6,6896.0149,6897.20222,6897.20222,brighter_later,8.707,8.409,4.689,5.997,0.782,0.773702,-0.017644,6.944,,low_sensitivity_spectral_edge,feature is in the low-sensitivity edge of the extracted spectrum,,-17.506,-12.535
TOI-261,ADP.2021-06-13T01:10:19.505,ADP.2022-01-12T01:34:46.997,6896.66,6896.07489,6897.26222,6897.26222,brighter_later,8.699,8.699,5.133,5.997,0.856,0.773026,0.013099,1.434,,low_sensitivity_spectral_edge,feature is in the low-sensitivity edge of the extracted spectrum,,-17.475,-12.504
TOI-261,ADP.2021-06-13T01:10:19.505,ADP.2022-01-12T01:34:46.997,6897.52,6896.93482,6898.1223,6898.1223,brighter_later,8.067,8.053,4.841,5.998,0.807,0.717013,0.010119,0.838,,low_sensitivity_spectral_edge,feature is in the low-sensitivity edge of the extracted spectrum,,-15.142,-10.172
TOI-261,ADP.2021-06-13T01:10:19.505,ADP.2022-01-12T01:34:46.997,6897.59,6897.00481,6898.1923,6898.1923,brighter_later,8.097,8.097,4.621,5.998,0.77,0.719703,0.003632,0.481,,low_sensitivity_spectral_edge,feature is in the low-sensitivity edge of the extracted spectrum,,-15.249,-10.279
TOI-261,ADP.2021-06-13T01:10:19.505,ADP.2022-01-12T01:34:46.997,6900.23,6899.64459,6900.83254,6899.64459,brighter_earlier,8.218,8.218,4.602,6.0,0.767,-0.731006,-0.006845,0.617,,low_sensitivity_spectral_edge,feature is in the low-sensitivity edge of the extracted spectrum,,-15.684,-10.713
TOI-261,ADP.2021-06-13T01:10:19.505,ADP.2022-01-12T01:34:46.997,6900.3,6899.71458,6900.90254,6899.71458,brighter_earlier,8.784,8.784,5.177,6.0,0.863,-0.781358,-0.001692,6.378,,low_sensitivity_spectral_edge,feature is in the low-sensitivity edge of the extracted spectrum,,-17.802,-12.831
TOI-261,ADP.2021-06-13T01:10:19.505,ADP.2022-01-12T01:34:46.997,6900.51,6899.92456,6901.11256,6901.11256,brighter_later,8.502,8.436,4.489,6.0,0.748,0.756316,0.042849,6.923,,low_sensitivity_spectral_edge,feature is in the low-sensitivity edge of the extracted spectrum,,-16.73,-11.759
TOI-261,ADP.2021-06-13T01:10:19.505,ADP.2022-01-12T01:34:46.997,6900.58,6899.99456,6901.18257,6901.18257,brighter_later,8.346,8.346,4.688,6.001,0.781,0.742462,0.020709,1.064,,low_sensitivity_spectral_edge,feature is in the low-sensitivity edge of the extracted spectrum,,-16.151,-11.18
TOI-261,ADP.2021-06-13T01:10:19.505,ADP.2022-01-12T01:34:46.997,6901.43,6900.84449,6902.03264,6902.03264,brighter_later,8.064,8.025,4.975,6.001,0.829,0.717533,-0.006574,0.748,,low_sensitivity_spectral_edge,feature is in the low-sensitivity edge of the extracted spectrum,,-15.132,-10.161
TOI-261,ADP.2021-06-13T01:10:19.505,ADP.2022-01-12T01:34:46.997,6901.49,6900.90448,6902.09265,6902.09265,brighter_later,8.353,8.353,4.479,6.001,0.746,0.743276,0.020618,0.63,,low_sensitivity_spectral_edge,feature is in the low-sensitivity edge of the extracted spectrum,,-16.177,-11.206
TOI-261,ADP.2021-06-13T01:10:19.505,ADP.2022-01-12T01:34:46.997,6903.49,6902.90431,6904.09282,6902.90431,brighter_earlier,8.274,8.271,4.492,6.003,0.748,-0.736592,0.018041,0.744,,low_sensitivity_spectral_edge,feature is in the low-sensitivity edge of the extracted spectrum,,-15.888,-10.917
TOI-261,ADP.2021-06-13T01:10:19.505,ADP.2022-01-12T01:34:46.997,6904.39,6903.80423,6904.9929,6903.80423,brighter_earlier,8.235,8.235,4.738,6.004,0.789,-0.733326,0.006421,0.66,,low_sensitivity_spectral_edge,feature is in the low-sensitivity edge of the extracted spectrum,,-15.746,-10.775
TOI-261,ADP.2021-06-13T01:10:19.505,ADP.2022-01-12T01:34:46.997,6904.45,6903.86423,6905.0529,6903.86423,brighter_earlier,8.732,8.732,4.801,6.004,0.8,-0.777591,-0.011946,4.151,,low_sensitivity_spectral_edge,feature is in the low-sensitivity edge of the extracted spectrum,,-17.602,-12.631
TOI-261,ADP.2021-06-13T01:10:19.505,ADP.2022-01-12T01:34:46.997,6904.68,6904.09421,6905.28292,6905.28292,brighter_later,8.652,8.454,4.267,6.004,0.711,0.770519,0.033374,4.673,,low_sensitivity_spectral_edge,feature is in the low-sensitivity edge of the extracted spectrum,,-17.296,-12.325
TOI-261,ADP.2021-06-13T01:10:19.505,ADP.2022-01-12T01:34:46.997,6904.74,6904.1542,6905.34293,6905.34293,brighter_later,8.393,8.393,4.682,6.004,0.78,0.747444,0.011275,0.775,,low_sensitivity_spectral_edge,feature is in the low-sensitivity edge of the extracted spectrum,,-16.324,-11.354
TOI-261,ADP.2021-06-13T01:10:19.505,ADP.2022-01-12T01:34:46.997,6905.59,6905.00413,6906.193,6906.193,brighter_later,8.009,7.917,4.152,6.005,0.691,0.713445,0.00556,0.81,,low_sensitivity_spectral_edge,feature is in the low-sensitivity edge of the extracted spectrum,,-14.937,-9.966
TOI-261,ADP.2021-06-13T01:10:19.505,ADP.2022-01-12T01:34:46.997,6907.91,6907.32394,6908.51321,6907.32394,brighter_earlier,8.046,8.046,4.184,6.007,0.697,-0.717205,0.000239,0.756,,low_sensitivity_spectral_edge,feature is in the low-sensitivity edge of the extracted spectrum,,-15.068,-10.097
TOI-261,ADP.2021-06-13T01:10:19.505,ADP.2022-01-12T01:34:46.997,6907.95,6907.36393,6908.55321,6907.36393,brighter_earlier,8.077,8.05,4.554,6.007,0.758,-0.719951,-0.015243,0.873,,low_sensitivity_spectral_edge,feature is in the low-sensitivity edge of the extracted spectrum,,-15.178,-10.207
TOI-261,ADP.2021-06-13T01:10:19.505,ADP.2022-01-12T01:34:46.997,6908.81,6908.22386,6909.41328,6908.22386,brighter_earlier,8.829,8.829,4.371,6.008,0.728,-0.787172,0.003506,0.558,,low_sensitivity_spectral_edge,feature is in the low-sensitivity edge of the extracted spectrum,,-17.976,-13.006
TOI-261,ADP.2021-06-13T01:10:19.505,ADP.2022-01-12T01:34:46.997,6908.85,6908.26386,6909.45329,6908.26386,brighter_earlier,8.595,8.552,4.704,6.008,0.783,-0.766327,-0.0073,2.107,,low_sensitivity_spectral_edge,feature is in the low-sensitivity edge of the extracted spectrum,,-17.08,-12.109
TOI-261,ADP.2021-06-13T01:10:19.505,ADP.2022-01-12T01:34:46.997,6909.11,6908.52383,6909.71331,6909.71331,brighter_later,9.167,9.167,4.474,6.008,0.745,0.817348,0.020055,2.272,,low_sensitivity_spectral_edge,feature is in the low-sensitivity edge of the extracted spectrum,,-19.313,-14.342
TOI-261,ADP.2021-06-13T01:10:19.505,ADP.2022-01-12T01:34:46.997,6909.14,6908.55383,6909.74331,6909.74331,brighter_later,8.788,8.788,4.609,6.008,0.767,0.783595,-0.00707,0.858,,low_sensitivity_spectral_edge,feature is in the low-sensitivity edge of the extracted spectrum,,-17.817,-12.847
TOI-282,ADP.2020-12-10T01:12:05.357,ADP.2021-01-19T01:19:36.927,3870.7,3870.76422,3870.74416,3870.76422,brighter_earlier,9.667,9.667,2.013,3.366,0.598,-0.401257,0.512814,2.32,,low_sensitivity_spectral_edge,feature is in the low-sensitivity edge of the extracted spectrum,,-21.38,-16.409
TOI-282,ADP.2020-12-10T01:12:05.357,ADP.2021-01-19T01:19:36.927,3919.41,3919.47503,3919.45472,3919.45472,brighter_later,15.884,15.884,1.224,3.408,0.359,0.67148,0.018092,3.957,,low_sensitivity_spectral_edge,feature is in the low-sensitivity edge of the extracted spectrum,,-56.087,-51.116
TOI-282,ADP.2020-12-10T01:12:05.357,ADP.2021-01-19T01:19:36.927,4010.64,4010.70655,4010.68576,4010.68576,brighter_later,8.39,8.39,1.825,3.488,0.523,0.219326,0.122322,3.704,,likely_single_pixel_or_cosmic_ray,feature is narrower than the instrumental line-spread function,,-16.313,-11.342
TOI-282,ADP.2020-12-10T01:12:05.357,ADP.2021-01-19T01:19:36.927,4096.53,4096.59797,4096.57674,4096.57674,brighter_later,11.76,11.76,2.314,3.562,0.65,0.274568,0.291413,3.758,,likely_single_pixel_or_cosmic_ray,feature is narrower than the instrumental line-spread function,,-31.202,-26.231
TOI-282,ADP.2020-12-10T01:12:05.357,ADP.2021-01-19T01:19:36.927,4254.71,4254.7806,4254.75854,4254.7806,brighter_earlier,11.196,11.196,2.184,3.7,0.59,-0.212932,0.224636,2.257,,likely_single_pixel_or_cosmic_ray,feature is narrower than the instrumental line-spread function,,-28.37,-23.398
TOI-282,ADP.2020-12-10T01:12:05.357,ADP.2021-01-19T01:19:36.927,4275.71,4275.78094,4275.75878,4275.75878,brighter_later,13.268,13.268,2.006,3.718,0.539,0.257338,0.250661,2.576,,likely_single_pixel_or_cosmic_ray,feature is narrower than the instrumental line-spread function,,-39.45,-34.478
TOI-282,ADP.2020-12-10T01:12:05.357,ADP.2021-01-19T01:19:36.927,4331.59,4331.66187,4331.63942,4331.66187,brighter_earlier,8.576,8.575,2.116,3.767,0.562,-0.156642,0.160128,0.952,,likely_single_pixel_or_cosmic_ray,feature is narrower than the instrumental line-spread function,,-17.008,-12.036
TOI-282,ADP.2020-12-10T01:12:05.357,ADP.2021-01-19T01:19:36.927,4351.95,4352.02221,4351.99965,4351.99965,brighter_later,39.198,39.198,1.533,3.784,0.405,0.676427,0.636839,4.989,,likely_single_pixel_or_cosmic_ray,feature is narrower than the instrumental line-spread function,,-335.335,-330.363
TOI-282,ADP.2020-12-10T01:12:05.357,ADP.2021-01-19T01:19:36.927,4415.01,4415.08326,4415.06037,4415.06037,brighter_later,10.515,10.51,2.261,3.839,0.589,0.182678,0.207746,1.707,,likely_single_pixel_or_cosmic_ray,feature is narrower than the instrumental line-spread function,,-25.133,-20.161
TOI-282,ADP.2020-12-10T01:12:05.357,ADP.2021-01-19T01:19:36.927,4417.69,4417.7633,4417.7404,4417.7633,brighter_earlier,21.188,21.188,1.971,3.841,0.513,-0.363443,0.221935,2.409,,likely_single_pixel_or_cosmic_ray,feature is narrower than the instrumental line-spread function,,-98.909,-93.938
TOI-282,ADP.2020-12-10T01:12:05.357,ADP.2021-01-19T01:19:36.927,4481.27,4481.34435,4481.32113,4481.32113,brighter_later,18.416,18.416,1.486,3.897,0.381,0.290285,0.288322,1.866,,likely_single_pixel_or_cosmic_ray,feature is narrower than the instrumental line-spread function,,-75.01,-70.038
TOI-282,ADP.2020-12-10T01:12:05.357,ADP.2021-01-19T01:19:36.927,4526.96,4527.03511,4527.01165,4527.03511,brighter_earlier,14.041,14.041,1.797,3.936,0.457,-0.205094,0.021596,1.884,,likely_single_pixel_or_cosmic_ray,feature is narrower than the instrumental line-spread function,,-44.058,-39.087
TOI-282,ADP.2020-12-10T01:12:05.357,ADP.2021-01-19T01:19:36.927,5051.88,5051.96382,5051.93764,5051.96382,brighter_earlier,30.586,30.586,2.073,4.393,0.472,-0.36496,0.406039,2.343,,likely_single_pixel_or_cosmic_ray,feature is narrower than the instrumental line-spread function,,-204.726,-199.754
TOI-282,ADP.2020-12-10T01:12:05.357,ADP.2021-01-19T01:19:36.927,5093.99,5094.07452,5094.04812,5094.07452,brighter_earlier,45.482,45.482,2.066,4.43,0.466,-0.548485,0.541906,5.389,,likely_single_pixel_or_cosmic_ray,feature is narrower than the instrumental line-spread function,,-450.95,-445.978
TOI-282,ADP.2020-12-10T01:12:05.357,ADP.2021-01-19T01:19:36.927,5239.18,5239.26693,5239.23977,5239.23977,brighter_later,10.82,10.82,2.97,4.556,0.652,0.127341,0.152824,2.423,,likely_single_pixel_or_cosmic_ray,feature is narrower than the instrumental line-spread function,,-26.558,-21.586
TOI-282,ADP.2020-12-10T01:12:05.357,ADP.2021-01-19T01:19:36.927,5304.03,5304.11801,5304.09051,5304.09051,brighter_later,38.835,38.835,2.265,4.612,0.491,0.699698,0.73117,2.988,,likely_single_pixel_or_cosmic_ray,feature is narrower than the instrumental line-spread function,,-329.18,-324.208
TOI-282,ADP.2020-12-10T01:12:05.357,ADP.2021-01-19T01:19:36.927,5356.7,5356.78888,5356.76111,5356.76111,brighter_later,11.364,11.364,2.956,4.658,0.635,0.149871,0.168088,2.624,,likely_single_pixel_or_cosmic_ray,feature is narrower than the instrumental line-spread function,,-29.199,-24.228
TOI-282,ADP.2020-12-10T01:12:05.357,ADP.2021-01-19T01:19:36.927,5446.01,5446.10036,5446.07213,5446.07213,brighter_later,16.715,16.715,3.333,4.736,0.704,0.217397,0.217564,2.891,,likely_single_pixel_or_cosmic_ray,feature is narrower than the instrumental line-spread function,,-61.992,-57.02
TOI-282,ADP.2020-12-10T01:12:05.357,ADP.2021-01-19T01:19:36.927,5463.21,5463.30065,5463.27233,5463.30065,brighter_earlier,9.691,9.69,1.9,4.751,0.4,-0.120761,0.190246,1.488,,likely_single_pixel_or_cosmic_ray,feature is narrower than the instrumental line-spread function,,-21.482,-16.511
TOI-282,ADP.2020-12-10T01:12:05.357,ADP.2021-01-19T01:19:36.927,5512.03,5512.12146,5512.09289,5512.12146,brighter_earlier,22.298,22.298,2.937,4.793,0.613,-0.278864,0.2961,3.397,,likely_single_pixel_or_cosmic_ray,feature is narrower than the instrumental line-spread function,,-109.413,-104.441
TOI-282,ADP.2020-12-10T01:12:05.357,ADP.2021-01-19T01:19:36.927,5552.25,5552.34212,5552.31334,5552.34212,brighter_earlier,9.007,9.006,1.805,4.828,0.374,-0.11529,0.110731,2.041,,likely_single_pixel_or_cosmic_ray,feature is narrower than the instrumental line-spread function,,-18.674,-13.703
TOI-282,ADP.2020-12-10T01:12:05.357,ADP.2021-01-19T01:19:36.927,5660.4,5660.49392,5660.46458,5660.49392,brighter_earlier,16.06,16.06,2.2,4.922,0.447,-0.203425,0.209881,2.833,,likely_single_pixel_or_cosmic_ray,feature is narrower than the instrumental line-spread function,,-57.313,-52.341
TOI-282,ADP.2020-12-10T01:12:05.357,ADP.2021-01-19T01:19:36.927,5672.26,5672.35412,5672.32471,5672.32471,brighter_later,21.757,21.757,1.9,4.932,0.385,0.267369,0.266386,1.601,,likely_single_pixel_or_cosmic_ray,feature is narrower than the instrumental line-spread function,,-104.227,-99.255
TOI-282,ADP.2020-12-10T01:12:05.357,ADP.2021-01-19T01:19:36.927,5676.53,5676.62419,5676.59476,5676.62419,brighter_earlier,9.567,9.563,1.657,4.936,0.336,-0.122271,0.146407,2.261,,likely_single_pixel_or_cosmic_ray,feature is narrower than the instrumental line-spread function,,-20.958,-15.987
TOI-282,ADP.2020-12-10T01:12:05.357,ADP.2021-01-19T01:19:36.927,5693.2,5693.29446,5693.26495,5693.26495,brighter_later,10.285,10.283,2.453,4.951,0.496,0.145369,0.141118,2.498,,likely_single_pixel_or_cosmic_ray,feature is narrower than the instrumental line-spread function,,-24.084,-19.113
TOI-282,ADP.2020-12-10T01:12:05.357,ADP.2021-01-19T01:19:36.927,5721.8,5721.89494,5721.86528,5721.89494,brighter_earlier,22.421,22.421,1.99,4.975,0.4,-0.292147,0.292169,1.955,,likely_single_pixel_or_cosmic_ray,feature is narrower than the instrumental line-spread function,,-110.61,-105.638
TOI-282,ADP.2020-12-10T01:12:05.357,ADP.2021-01-19T01:19:36.927,5745.22,5745.31533,5745.28555,5745.31533,brighter_earlier,11.769,11.769,1.985,4.996,0.397,-0.161931,0.168215,2.138,,likely_single_pixel_or_cosmic_ray,feature is narrower than the instrumental line-spread function,,-31.249,-26.277
TOI-282,ADP.2020-12-10T01:12:05.357,ADP.2021-01-19T01:19:36.927,5793.72,5793.81613,5793.7861,5793.81613,brighter_earlier,45.343,45.343,1.937,5.038,0.385,-0.626697,0.649852,5.886,,likely_single_pixel_or_cosmic_ray,feature is narrower than the instrumental line-spread function,,-448.207,-443.235
TOI-282,ADP.2020-12-10T01:12:05.357,ADP.2021-01-19T01:19:36.927,5838.83,5838.92688,5838.89661,5838.89661,brighter_later,31.568,31.567,2.224,5.077,0.438,0.430999,0.432195,2.313,,likely_single_pixel_or_cosmic_ray,feature is narrower than the instrumental line-spread function,,-217.993,-213.022
TOI-282,ADP.2020-12-10T01:12:05.357,ADP.2021-01-19T01:19:36.927,5843.82,5843.91696,5843.88667,5843.88667,brighter_later,25.989,25.988,1.985,5.082,0.391,0.362976,0.374519,1.772,,likely_single_pixel_or_cosmic_ray,feature is narrower than the instrumental line-spread function,,-148.181,-143.209
TOI-282,ADP.2020-12-10T01:12:05.357,ADP.2021-01-19T01:19:36.927,5849.79,5849.88706,5849.85674,5849.88706,brighter_earlier,11.87,11.868,2.268,5.087,0.446,-0.170235,0.162788,2.301,,likely_single_pixel_or_cosmic_ray,feature is narrower than the instrumental line-spread function,,-31.771,-26.799
TOI-282,ADP.2020-12-10T01:12:05.357,ADP.2021-01-19T01:19:36.927,5856.48,5856.57717,5856.54682,5856.57717,brighter_earlier,26.723,26.722,2.601,5.093,0.511,-0.379574,0.404408,4.231,,likely_single_pixel_or_cosmic_ray,feature is narrower than the instrumental line-spread function,,-156.594,-151.623
TOI-282,ADP.2020-12-10T01:12:05.357,ADP.2021-01-19T01:19:36.927,5885.92,5886.01766,5885.98715,5886.01766,brighter_earlier,10.134,10.134,7.03,5.118,1.374,-0.16814,-0.043374,2.589,,likely_stellar_absorption_variability,difference does not form a bright line above the local spectrum,,-23.409,-18.437
TOI-282,ADP.2020-12-10T01:12:05.357,ADP.2021-01-19T01:19:36.927,5891.59,5891.68776,5891.65722,5891.68776,brighter_earlier,10.474,10.473,5.898,5.123,1.151,-0.182034,-0.03685,2.93,,likely_stellar_absorption_variability,difference does not form a bright line above the local spectrum,,-24.944,-19.973
TOI-282,ADP.2020-12-10T01:12:05.357,ADP.2021-01-19T01:19:36.927,5898.09,5898.18786,5898.15729,5898.18786,brighter_earlier,10.636,10.634,5.401,5.129,1.053,-0.188977,-0.060278,2.576,,likely_stellar_absorption_variability,difference does not form a bright line above the local spectrum,,-25.693,-20.722
TOI-282,ADP.2020-12-10T01:12:05.357,ADP.2021-01-19T01:19:36.927,5899.97,5900.06789,5900.03731,5900.06789,brighter_earlier,10.308,10.294,7.028,5.13,1.37,-0.184301,-0.048856,1.973,,likely_stellar_absorption_variability,difference does not form a bright line above the local spectrum,,-24.188,-19.217
TOI-282,ADP.2020-12-10T01:12:05.357,ADP.2021-01-19T01:19:36.927,5901.4,5901.49792,5901.46733,5901.49792,brighter_earlier,12.641,12.641,6.459,5.132,1.259,-0.2271,-0.05682,2.179,,likely_stellar_absorption_variability,difference does not form a bright line above the local spectrum,,-35.902,-30.93
TOI-282,ADP.2020-12-10T01:12:05.357,ADP.2021-01-19T01:19:36.927,5918.99,5919.08821,5919.05753,5919.08821,brighter_earlier,8.475,8.455,8.498,5.147,1.651,-0.148854,-0.056513,2.615,,likely_stellar_absorption_variability,difference does not form a bright line above the local spectrum,,-16.629,-11.657
TOI-282,ADP.2020-12-10T01:12:05.357,ADP.2021-01-19T01:19:36.927,5919.57,5919.66822,5919.63754,5919.66822,brighter_earlier,11.992,11.992,7.605,5.147,1.478,-0.209929,-0.080316,3.24,,likely_stellar_absorption_variability,difference does not form a bright line above the local spectrum,,-32.407,-27.436
TOI-282,ADP.2020-12-10T01:12:05.357,ADP.2021-01-19T01:19:36.927,5932.05,5932.14843,5932.11768,5932.14843,brighter_earlier,10.508,10.507,7.863,5.158,1.524,-0.174221,0.016251,2.624,,likely_stellar_absorption_variability,difference does not form a bright line above the local spectrum,,-25.1,-20.129
TOI-282,ADP.2020-12-10T01:12:05.357,ADP.2021-01-19T01:19:36.927,5941.02,5941.11858,5941.08778,5941.11858,brighter_earlier,9.747,9.745,7.131,5.166,1.38,-0.167401,-0.08029,1.451,,likely_stellar_absorption_variability,difference does not form a bright line above the local spectrum,,-21.721,-16.75
TOI-282,ADP.2020-12-10T01:12:05.357,ADP.2021-01-19T01:19:36.927,5941.56,5941.65858,5941.62779,5941.65858,brighter_earlier,8.058,7.931,7.779,5.167,1.506,-0.13867,-0.0448,3.255,,likely_stellar_absorption_variability,difference does not form a bright line above the local spectrum,,-15.11,-10.139
TOI-282,ADP.2020-12-10T01:12:05.357,ADP.2021-01-19T01:19:36.927,5942.5,5942.5986,5942.5678,5942.5986,brighter_earlier,9.421,9.342,7.478,5.167,1.447,-0.162718,-0.050579,1.321,,likely_stellar_absorption_variability,difference does not form a bright line above the local spectrum,,-20.35,-15.378
TOI-282,ADP.2020-12-10T01:12:05.357,ADP.2021-01-19T01:19:36.927,5945.94,5946.03866,5946.00784,5946.03866,brighter_earlier,12.067,12.067,6.203,5.17,1.2,-0.211168,-0.041104,2.998,,likely_stellar_absorption_variability,difference does not form a bright line above the local spectrum,,-32.802,-27.83
TOI-282,ADP.2020-12-10T01:12:05.357,ADP.2021-01-19T01:19:36.927,5947.0,5947.09867,5947.06785,5947.09867,brighter_earlier,9.968,9.954,6.94,5.171,1.342,-0.175138,-0.038052,1.492,,likely_stellar_absorption_variability,difference does not form a bright line above the local spectrum,,-22.677,-17.705
TOI-282,ADP.2020-12-10T01:12:05.357,ADP.2021-01-19T01:19:36.927,5949.12,5949.21871,5949.18787,5949.21871,brighter_earlier,9.16,9.158,7.073,5.173,1.367,-0.162233,0.004244,1.148,,likely_stellar_absorption_variability,difference does not form a bright line above the local spectrum,,-19.285,-14.313
TOI-282,ADP.2020-12-10T01:12:05.357,ADP.2021-01-19T01:19:36.927,6267.69,6267.794,6267.76151,6267.76151,brighter_later,28.329,28.329,1.875,5.45,0.344,0.465866,0.49789,4.021,,likely_single_pixel_or_cosmic_ray,feature is narrower than the instrumental line-spread function,,-175.818,-170.847
TOI-282,ADP.2020-12-10T01:12:05.357,ADP.2021-01-19T01:19:36.927,6277.25,6277.35415,6277.32162,6277.35415,brighter_earlier,8.289,8.217,3.721,5.458,0.682,-0.144675,-0.039097,7.454,,likely_single_pixel_or_cosmic_ray,feature is narrower than the instrumental line-spread function,,-15.942,-10.971
TOI-282,ADP.2020-12-10T01:12:05.357,ADP.2021-01-19T01:19:36.927,6278.06,6278.16417,6278.13163,6278.16417,brighter_earlier,9.32,9.32,7.165,5.459,1.312,-0.1633,-0.098026,7.697,,likely_stellar_absorption_variability,difference does not form a bright line above the local spectrum,,-19.934,-14.963
TOI-282,ADP.2020-12-10T01:12:05.357,ADP.2021-01-19T01:19:36.927,6278.75,6278.85418,6278.82163,6278.82163,brighter_later,8.542,7.883,4.449,5.46,0.815,0.150157,-0.0529,9.083,,likely_stellar_absorption_variability,difference does not form a bright line above the local spectrum,,-16.88,-11.908
TOI-282,ADP.2020-12-10T01:12:05.357,ADP.2021-01-19T01:19:36.927,6278.82,6278.92418,6278.89163,6278.92418,brighter_earlier,9.083,9.067,4.459,5.46,0.817,-0.159719,-0.065572,9.171,,likely_stellar_absorption_variability,difference does not form a bright line above the local spectrum,,-18.976,-14.005
TOI-282,ADP.2020-12-10T01:12:05.357,ADP.2021-01-19T01:19:36.927,6278.99,6279.09418,6279.06164,6279.06164,brighter_later,9.171,9.161,5.753,5.46,1.054,0.161389,-0.11445,9.083,,likely_stellar_absorption_variability,difference does not form a bright line above the local spectrum,,-19.329,-14.358
TOI-282,ADP.2020-12-10T01:12:05.357,ADP.2021-01-19T01:19:36.927,6280.27,6280.3742,6280.34165,6280.34165,brighter_later,9.146,9.134,5.257,5.461,0.963,0.161914,-0.096758,8.936,,likely_stellar_absorption_variability,difference does not form a bright line above the local spectrum,,-19.229,-14.257
TOI-282,ADP.2020-12-10T01:12:05.357,ADP.2021-01-19T01:19:36.927,6280.34,6280.44421,6280.41165,6280.44421,brighter_earlier,8.936,7.137,4.484,5.461,0.821,-0.158245,-0.088799,9.146,,likely_stellar_absorption_variability,difference does not form a bright line above the local spectrum,,-18.394,-13.423
TOI-282,ADP.2020-12-10T01:12:05.357,ADP.2021-01-19T01:19:36.927,6281.84,6281.94423,6281.91167,6281.91167,brighter_later,8.274,8.267,4.684,5.462,0.857,0.147559,-0.105742,6.707,,likely_stellar_absorption_variability,difference does not form a bright line above the local spectrum,,-15.888,-10.916
TOI-282,ADP.2020-12-10T01:12:05.357,ADP.2021-01-19T01:19:36.927,6292.83,6292.93441,6292.90179,6292.90179,brighter_later,8.842,8.834,5.234,5.472,0.957,0.159605,-0.07176,7.001,,likely_stellar_absorption_variability,difference does not form a bright line above the local spectrum,,-18.027,-13.055
TOI-282,ADP.2020-12-10T01:12:05.357,ADP.2021-01-19T01:19:36.927,6295.06,6295.16445,6295.13182,6295.13182,brighter_later,8.795,8.784,5.306,5.474,0.969,0.1556,-0.096483,8.997,,likely_stellar_absorption_variability,difference does not form a bright line above the local spectrum,,-17.845,-12.873
TOI-282,ADP.2020-12-10T01:12:05.357,ADP.2021-01-19T01:19:36.927,6295.12,6295.22445,6295.19182,6295.22445,brighter_earlier,8.997,8.994,4.528,5.474,0.827,-0.159088,-0.073541,8.795,,likely_stellar_absorption_variability,difference does not form a bright line above the local spectrum,,-18.635,-13.663
TOI-282,ADP.2020-12-10T01:12:05.357,ADP.2021-01-19T01:19:36.927,6295.84,6295.94446,6295.91183,6295.91183,brighter_later,9.877,9.877,4.5,5.475,0.822,0.173506,-0.091048,9.711,,likely_stellar_absorption_variability,difference does not form a bright line above the local spectrum,,-22.281,-17.309
TOI-282,ADP.2020-12-10T01:12:05.357,ADP.2021-01-19T01:19:36.927,6295.9,6296.00446,6295.97183,6296.00446,brighter_earlier,9.711,8.723,4.376,5.475,0.799,-0.170492,-0.128058,9.877,,likely_stellar_absorption_variability,difference does not form a bright line above the local spectrum,,-21.568,-16.596
TOI-282,ADP.2020-12-10T01:12:05.357,ADP.2021-01-19T01:19:36.927,6298.33,6298.4345,6298.40186,6298.40186,brighter_later,9.215,9.214,4.481,5.477,0.818,0.158172,-0.048918,8.44,,likely_stellar_absorption_variability,difference does not form a bright line above the local spectrum,,-19.507,-14.535
TOI-282,ADP.2020-12-10T01:12:05.357,ADP.2021-01-19T01:19:36.927,6298.39,6298.4945,6298.46186,6298.4945,brighter_earlier,8.44,6.061,4.554,5.477,0.831,-0.144787,-0.12068,9.215,,likely_stellar_absorption_variability,difference does not form a bright line above the local spectrum,,-16.498,-11.527
TOI-282,ADP.2020-12-10T01:12:05.357,ADP.2021-01-19T01:19:36.927,6299.11,6299.21452,6299.18187,6299.18187,brighter_later,9.471,9.157,4.87,5.477,0.889,0.161386,-0.101358,10.332,,likely_stellar_absorption_variability,difference does not form a bright line above the local spectrum,,-20.557,-15.586
TOI-282,ADP.2020-12-10T01:12:05.357,ADP.2021-01-19T01:19:36.927,6299.17,6299.27452,6299.24187,6299.27452,brighter_earlier,10.332,10.332,4.4,5.478,0.803,-0.175959,-0.101504,9.471,,likely_stellar_absorption_variability,difference does not form a bright line above the local spectrum,,-24.297,-19.325
TOI-282,ADP.2020-12-10T01:12:05.357,ADP.2021-01-19T01:19:36.927,6301.88,6301.98456,6301.9519,6301.9519,brighter_later,8.018,8.012,4.472,5.48,0.816,0.133037,-0.03686,6.458,,likely_stellar_absorption_variability,difference does not form a bright line above the local spectrum,,-14.969,-9.997
TOI-282,ADP.2020-12-10T01:12:05.357,ADP.2021-01-19T01:19:36.927,6305.69,6305.79463,6305.76194,6305.76194,brighter_later,8.345,8.312,4.098,5.483,0.747,0.13335,-0.031549,6.977,,likely_single_pixel_or_cosmic_ray,feature is narrower than the instrumental line-spread function,,-16.147,-11.176
TOI-282,ADP.2020-12-10T01:12:05.357,ADP.2021-01-19T01:19:36.927,6306.44,6306.54464,6306.51195,6306.51195,brighter_later,8.625,8.624,4.831,5.484,0.881,0.136782,-0.050942,6.613,,likely_stellar_absorption_variability,difference does not form a bright line above the local spectrum,,-17.193,-12.222
TOI-282,ADP.2020-12-10T01:12:05.357,ADP.2021-01-19T01:19:36.927,6364.68,6364.7856,6364.75261,6364.75261,brighter_later,18.356,18.355,2.588,5.535,0.468,0.249587,0.26107,2.817,,likely_single_pixel_or_cosmic_ray,feature is narrower than the instrumental line-spread function,,-74.529,-69.558
TOI-282,ADP.2020-12-10T01:12:05.357,ADP.2021-01-19T01:19:36.927,6382.67,6382.7759,6382.74282,6382.74282,brighter_later,17.057,17.057,3.233,5.55,0.582,0.243491,0.230265,1.749,,likely_single_pixel_or_cosmic_ray,feature is narrower than the instrumental line-spread function,,-64.509,-59.537
TOI-282,ADP.2020-12-10T01:12:05.357,ADP.2021-01-19T01:19:36.927,6458.98,6459.08717,6459.05369,6459.08717,brighter_earlier,18.184,18.184,2.228,5.617,0.397,-0.309633,0.331221,1.972,,likely_single_pixel_or_cosmic_ray,feature is narrower than the instrumental line-spread function,,-73.16,-68.189
TOI-282,ADP.2020-12-10T01:12:05.357,ADP.2021-01-19T01:19:36.927,6475.75,6475.85745,6475.82388,6475.85745,brighter_earlier,9.273,9.271,8.308,5.631,1.475,-0.182859,-0.103016,2.68,,likely_stellar_absorption_variability,difference does not form a bright line above the local spectrum,,-19.742,-14.771
TOI-282,ADP.2020-12-10T01:12:05.357,ADP.2021-01-19T01:19:36.927,6479.98,6480.08752,6480.05393,6480.08752,brighter_earlier,8.847,8.841,7.554,5.635,1.341,-0.16974,-0.080276,2.354,,likely_stellar_absorption_variability,difference does not form a bright line above the local spectrum,,-18.046,-13.075
TOI-282,ADP.2020-12-10T01:12:05.357,ADP.2021-01-19T01:19:36.927,6483.17,6483.27757,6483.24397,6483.27757,brighter_earlier,8.659,8.655,8.653,5.638,1.535,-0.162662,-0.062735,2.512,,likely_stellar_absorption_variability,difference does not form a bright line above the local spectrum,,-17.322,-12.351
TOI-282,ADP.2020-12-10T01:12:05.357,ADP.2021-01-19T01:19:36.927,6490.72,6490.8277,6490.79405,6490.8277,brighter_earlier,9.811,9.81,9.033,5.644,1.6,-0.17528,-0.089573,2.2,,likely_stellar_absorption_variability,difference does not form a bright line above the local spectrum,,-21.996,-17.024
TOI-282,ADP.2020-12-10T01:12:05.357,ADP.2021-01-19T01:19:36.927,6492.83,6492.93773,6492.90408,6492.93773,brighter_earlier,8.564,8.562,9.527,5.646,1.687,-0.151448,-0.066372,1.296,,likely_stellar_absorption_variability,difference does not form a bright line above the local spectrum,,-16.963,-11.991
TOI-282,ADP.2020-12-10T01:12:05.357,ADP.2021-01-19T01:19:36.927,6495.79,6495.89778,6495.86411,6495.89778,brighter_earlier,10.011,10.011,8.615,5.649,1.525,-0.174518,-0.125388,1.24,,likely_stellar_absorption_variability,difference does not form a bright line above the local spectrum,,-22.865,-17.894
TOI-282,ADP.2020-12-10T01:12:05.357,ADP.2021-01-19T01:19:36.927,6514.66,6514.76809,6514.73432,6514.76809,brighter_earlier,14.429,14.428,7.421,5.665,1.31,-0.233554,-0.069754,1.852,,likely_stellar_absorption_variability,difference does not form a bright line above the local spectrum,,-46.469,-41.497
TOI-282,ADP.2020-12-10T01:12:05.357,ADP.2021-01-19T01:19:36.927,6516.57,6516.67812,6516.64435,6516.67812,brighter_earlier,10.846,10.836,13.02,5.667,2.298,-0.175438,-0.019666,3.846,,likely_stellar_line_profile_change,feature is substantially broader than an unresolved HARPS line,,-26.681,-21.71
TOI-282,ADP.2020-12-10T01:12:05.357,ADP.2021-01-19T01:19:36.927,6523.79,6523.89824,6523.86443,6523.89824,brighter_earlier,8.456,8.453,7.754,5.673,1.367,-0.136385,-0.026224,2.681,,likely_stellar_absorption_variability,difference does not form a bright line above the local spectrum,,-16.558,-11.586
TOI-282,ADP.2020-12-10T01:12:05.357,ADP.2021-01-19T01:19:36.927,6532.29,6532.39839,6532.36453,6532.39839,brighter_earlier,11.088,11.088,6.899,5.68,1.215,-0.182298,-0.032045,1.973,,likely_stellar_absorption_variability,difference does not form a bright line above the local spectrum,,-27.843,-22.872
TOI-282,ADP.2020-12-10T01:12:05.357,ADP.2021-01-19T01:19:36.927,6543.84,6543.94858,6543.91466,6543.94858,brighter_earlier,11.522,11.521,8.796,5.69,1.546,-0.209845,-0.074433,2.957,,likely_stellar_absorption_variability,difference does not form a bright line above the local spectrum,,-29.991,-25.019
TOI-282,ADP.2020-12-10T01:12:05.357,ADP.2021-01-19T01:19:36.927,6552.55,6552.65872,6552.62476,6552.65872,brighter_earlier,9.961,9.958,9.62,5.698,1.688,-0.185861,-0.047635,2.407,,likely_stellar_absorption_variability,difference does not form a bright line above the local spectrum,,-22.646,-17.675
TOI-282,ADP.2020-12-10T01:12:05.357,ADP.2021-01-19T01:19:36.927,6574.77,6574.87909,6574.84501,6574.87909,brighter_earlier,11.286,11.283,8.646,5.717,1.512,-0.16937,-0.045458,1.325,,likely_stellar_absorption_variability,difference does not form a bright line above the local spectrum,,-28.813,-23.841
TOI-282,ADP.2020-12-10T01:12:05.357,ADP.2021-01-19T01:19:36.927,6614.78,6614.88975,6614.85547,6614.88975,brighter_earlier,11.288,11.288,4.331,5.752,0.753,-0.19207,0.202638,1.757,,follow_up_required,instrument-width bright feature in one epoch; cosmic ray remains unexcluded,,-28.823,-23.851
TOI-282,ADP.2020-12-10T01:12:05.357,ADP.2021-01-19T01:19:36.927,6635.13,6635.24009,6635.2057,6635.2057,brighter_later,10.299,10.298,2.785,5.77,0.483,0.146717,0.1228,2.126,,likely_single_pixel_or_cosmic_ray,feature is narrower than the instrumental line-spread function,,-24.148,-19.176
TOI-282,ADP.2020-12-10T01:12:05.357,ADP.2021-01-19T01:19:36.927,6845.37,6845.48358,6845.4481,6845.48358,brighter_earlier,9.024,9.023,3.765,5.952,0.632,-0.139732,0.13621,2.46,,low_sensitivity_spectral_edge,feature is in the low-sensitivity edge of the extracted spectrum,,-18.741,-13.77
TOI-282,ADP.2020-12-10T01:12:05.357,ADP.2021-01-19T01:19:36.927,6867.07,6867.18394,6867.14835,6867.14835,brighter_later,14.548,14.548,7.37,5.971,1.234,0.333824,-0.196963,13.389,,low_sensitivity_spectral_edge,feature is in the low-sensitivity edge of the extracted spectrum,,-47.221,-42.249
TOI-282,ADP.2020-12-10T01:12:05.357,ADP.2021-01-19T01:19:36.927,6867.18,6867.29394,6867.25835,6867.29394,brighter_earlier,13.389,11.831,6.237,5.971,1.045,-0.307926,-0.028691,14.548,,low_sensitivity_spectral_edge,feature is in the low-sensitivity edge of the extracted spectrum,,-40.154,-35.183
TOI-282,ADP.2020-12-10T01:12:05.357,ADP.2021-01-19T01:19:36.927,6867.41,6867.52395,6867.48835,6867.48835,brighter_later,11.238,10.531,5.579,5.972,0.934,0.259669,-0.084679,11.849,,low_sensitivity_spectral_edge,feature is in the low-sensitivity edge of the extracted spectrum,,-28.576,-23.605
TOI-282,ADP.2020-12-10T01:12:05.357,ADP.2021-01-19T01:19:36.927,6867.49,6867.60395,6867.56835,6867.60395,brighter_earlier,11.849,11.173,9.117,5.972,1.527,-0.274237,-0.240866,11.238,,low_sensitivity_spectral_edge,feature is in the low-sensitivity edge of the extracted spectrum,,-31.662,-26.69
TOI-282,ADP.2020-12-10T01:12:05.357,ADP.2021-01-19T01:19:36.927,6867.96,6868.07396,6868.03836,6868.03836,brighter_later,12.382,12.351,8.397,5.972,1.406,0.289299,-0.174688,5.462,,low_sensitivity_spectral_edge,feature is in the low-sensitivity edge of the extracted spectrum,,-34.485,-29.514
TOI-282,ADP.2020-12-10T01:12:05.357,ADP.2021-01-19T01:19:36.927,6868.19,6868.30396,6868.26836,6868.30396,brighter_earlier,12.761,12.761,6.741,5.972,1.129,-0.299545,0.211323,6.456,,low_sensitivity_spectral_edge,feature is in the low-sensitivity edge of the extracted spectrum,,-36.568,-31.596
TOI-282,ADP.2020-12-10T01:12:05.357,ADP.2021-01-19T01:19:36.927,6868.41,6868.52396,6868.48836,6868.48836,brighter_later,9.273,7.595,5.222,5.973,0.874,0.218627,-0.13142,11.773,,low_sensitivity_spectral_edge,feature is in the low-sensitivity edge of the extracted spectrum,,-19.742,-14.771
TOI-282,ADP.2020-12-10T01:12:05.357,ADP.2021-01-19T01:19:36.927,6868.5,6868.61396,6868.57836,6868.61396,brighter_earlier,11.773,11.452,8.046,5.973,1.347,-0.278055,-0.015344,9.273,,low_sensitivity_spectral_edge,feature is in the low-sensitivity edge of the extracted spectrum,,-31.269,-26.298
TOI-282,ADP.2020-12-10T01:12:05.357,ADP.2021-01-19T01:19:36.927,6868.76,6868.87397,6868.83836,6868.83836,brighter_later,12.572,12.553,8.59,5.973,1.438,0.298472,-0.251086,8.728,,low_sensitivity_spectral_edge,feature is in the low-sensitivity edge of the extracted spectrum,,-35.521,-30.55
TOI-282,ADP.2020-12-10T01:12:05.357,ADP.2021-01-19T01:19:36.927,6868.87,6868.98397,6868.94837,6868.98397,brighter_earlier,8.728,7.643,4.785,5.973,0.801,-0.207648,-0.001174,12.572,,low_sensitivity_spectral_edge,feature is in the low-sensitivity edge of the extracted spectrum,,-17.586,-12.615
TOI-282,ADP.2020-12-10T01:12:05.357,ADP.2021-01-19T01:19:36.927,6868.96,6869.07397,6869.03837,6869.03837,brighter_later,9.088,8.243,5.264,5.973,0.881,0.216604,-0.064547,11.535,,low_sensitivity_spectral_edge,feature is in the low-sensitivity edge of the extracted spectrum,,-18.996,-14.025
TOI-282,ADP.2020-12-10T01:12:05.357,ADP.2021-01-19T01:19:36.927,6869.05,6869.16397,6869.12837,6869.16397,brighter_earlier,11.535,11.535,8.322,5.973,1.393,-0.275406,-0.297996,9.088,,low_sensitivity_spectral_edge,feature is in the low-sensitivity edge of the extracted spectrum,,-30.056,-25.085
TOI-282,ADP.2020-12-10T01:12:05.357,ADP.2021-01-19T01:19:36.927,6869.75,6869.86399,6869.82838,6869.82838,brighter_later,10.738,10.719,7.794,5.974,1.305,0.259927,-0.411147,10.842,,low_sensitivity_spectral_edge,feature is in the low-sensitivity edge of the extracted spectrum,,-26.171,-21.199
TOI-282,ADP.2020-12-10T01:12:05.357,ADP.2021-01-19T01:19:36.927,6869.93,6870.04399,6870.00838,6870.04399,brighter_earlier,10.842,10.842,7.816,5.974,1.308,-0.263347,-0.501824,10.738,,low_sensitivity_spectral_edge,feature is in the low-sensitivity edge of the extracted spectrum,,-26.662,-21.691
TOI-282,ADP.2020-12-10T01:12:05.357,ADP.2021-01-19T01:19:36.927,6870.8,6870.914,6870.87839,6870.87839,brighter_later,10.299,10.294,6.873,5.975,1.15,0.248918,-0.385126,10.251,,low_sensitivity_spectral_edge,feature is in the low-sensitivity edge of the extracted spectrum,,-24.148,-19.176
TOI-282,ADP.2020-12-10T01:12:05.357,ADP.2021-01-19T01:19:36.927,6870.9,6871.014,6870.97839,6871.014,brighter_earlier,10.251,9.815,7.049,5.975,1.18,-0.247558,-0.310455,10.299,,low_sensitivity_spectral_edge,feature is in the low-sensitivity edge of the extracted spectrum,,-23.931,-18.96
TOI-282,ADP.2020-12-10T01:12:05.357,ADP.2021-01-19T01:19:36.927,6871.11,6871.22401,6871.18839,6871.18839,brighter_later,10.903,10.903,7.268,5.975,1.216,0.262847,-0.005849,10.839,,low_sensitivity_spectral_edge,feature is in the low-sensitivity edge of the extracted spectrum,,-26.953,-21.981
TOI-282,ADP.2020-12-10T01:12:05.357,ADP.2021-01-19T01:19:36.927,6871.25,6871.36401,6871.32839,6871.36401,brighter_earlier,10.839,10.839,8.408,5.975,1.407,-0.261022,-0.399166,10.903,,low_sensitivity_spectral_edge,feature is in the low-sensitivity edge of the extracted spectrum,,-26.648,-21.676
TOI-282,ADP.2020-12-10T01:12:05.357,ADP.2021-01-19T01:19:36.927,6872.09,6872.20402,6872.1684,6872.1684,brighter_later,10.713,10.691,7.989,5.976,1.337,0.256239,-0.398526,11.804,,low_sensitivity_spectral_edge,feature is in the low-sensitivity edge of the extracted spectrum,,-26.053,-21.082
TOI-282,ADP.2020-12-10T01:12:05.357,ADP.2021-01-19T01:19:36.927,6872.21,6872.32403,6872.2884,6872.32403,brighter_earlier,11.804,11.804,6.961,5.976,1.165,-0.282076,-0.373039,10.713,,low_sensitivity_spectral_edge,feature is in the low-sensitivity edge of the extracted spectrum,,-31.429,-26.458
TOI-282,ADP.2020-12-10T01:12:05.357,ADP.2021-01-19T01:19:36.927,6872.68,6872.79403,6872.75841,6872.75841,brighter_later,11.322,11.282,7.628,5.976,1.276,0.269525,-0.371283,10.744,,low_sensitivity_spectral_edge,feature is in the low-sensitivity edge of the extracted spectrum,,-28.991,-24.019
TOI-282,ADP.2020-12-10T01:12:05.357,ADP.2021-01-19T01:19:36.927,6872.81,6872.92404,6872.88841,6872.92404,brighter_earlier,10.744,10.738,8.027,5.976,1.343,-0.25549,-0.38837,11.322,,low_sensitivity_spectral_edge,feature is in the low-sensitivity edge of the extracted spectrum,,-26.199,-21.227
TOI-282,ADP.2020-12-10T01:12:05.357,ADP.2021-01-19T01:19:36.927,6873.63,6873.74405,6873.70842,6873.70842,brighter_later,10.843,10.843,7.947,5.977,1.33,0.25614,-0.344373,11.723,,low_sensitivity_spectral_edge,feature is in the low-sensitivity edge of the extracted spectrum,,-26.667,-21.695
TOI-282,ADP.2020-12-10T01:12:05.357,ADP.2021-01-19T01:19:36.927,6873.76,6873.87405,6873.83842,6873.87405,brighter_earlier,11.723,11.723,7.137,5.977,1.194,-0.276618,-0.391091,10.843,,low_sensitivity_spectral_edge,feature is in the low-sensitivity edge of the extracted spectrum,,-31.012,-26.041
TOI-282,ADP.2020-12-10T01:12:05.357,ADP.2021-01-19T01:19:36.927,6874.49,6874.60406,6874.56843,6874.56843,brighter_later,11.134,11.132,8.105,5.978,1.356,0.261165,-0.36951,10.936,,low_sensitivity_spectral_edge,feature is in the low-sensitivity edge of the extracted spectrum,,-28.067,-23.095
TOI-282,ADP.2020-12-10T01:12:05.357,ADP.2021-01-19T01:19:36.927,6874.63,6874.74407,6874.70843,6874.74407,brighter_earlier,10.936,10.936,7.651,5.978,1.28,-0.256218,-0.350602,11.134,,low_sensitivity_spectral_edge,feature is in the low-sensitivity edge of the extracted spectrum,,-27.11,-22.139
TOI-282,ADP.2020-12-10T01:12:05.357,ADP.2021-01-19T01:19:36.927,6875.44,6875.55408,6875.51844,6875.51844,brighter_later,10.87,10.868,7.714,5.979,1.29,0.252976,-0.388617,11.371,,low_sensitivity_spectral_edge,feature is in the low-sensitivity edge of the extracted spectrum,,-26.795,-21.824
TOI-282,ADP.2020-12-10T01:12:05.357,ADP.2021-01-19T01:19:36.927,6875.56,6875.67408,6875.63844,6875.67408,brighter_earlier,11.371,11.343,7.925,5.979,1.326,-0.26435,-0.343555,10.87,,low_sensitivity_spectral_edge,feature is in the low-sensitivity edge of the extracted spectrum,,-29.234,-24.263
TOI-282,ADP.2020-12-10T01:12:05.357,ADP.2021-01-19T01:19:36.927,6876.56,6876.6741,6876.63845,6876.63845,brighter_later,11.383,11.383,8.233,5.98,1.377,0.262448,-0.347579,10.789,,low_sensitivity_spectral_edge,feature is in the low-sensitivity edge of the extracted spectrum,,-29.294,-24.322
TOI-282,ADP.2020-12-10T01:12:05.357,ADP.2021-01-19T01:19:36.927,6876.69,6876.8041,6876.76846,6876.8041,brighter_earlier,10.789,10.776,7.319,5.98,1.224,-0.248475,-0.31123,11.383,,low_sensitivity_spectral_edge,feature is in the low-sensitivity edge of the extracted spectrum,,-26.411,-21.44
TOI-282,ADP.2020-12-10T01:12:05.357,ADP.2021-01-19T01:19:36.927,6877.49,6877.60411,6877.56846,6877.56846,brighter_later,11.479,11.479,8.109,5.98,1.356,0.26259,-0.378313,11.986,,low_sensitivity_spectral_edge,feature is in the low-sensitivity edge of the extracted spectrum,,-29.774,-24.803
TOI-282,ADP.2020-12-10T01:12:05.357,ADP.2021-01-19T01:19:36.927,6877.6,6877.71412,6877.67847,6877.71412,brighter_earlier,11.986,11.98,6.736,5.981,1.126,-0.27394,-0.321752,11.479,,low_sensitivity_spectral_edge,feature is in the low-sensitivity edge of the extracted spectrum,,-32.376,-27.404
TOI-282,ADP.2020-12-10T01:12:05.357,ADP.2021-01-19T01:19:36.927,6878.89,6879.00414,6878.96848,6878.96848,brighter_later,12.116,12.116,8.207,5.982,1.372,0.273879,-0.300633,12.767,,low_sensitivity_spectral_edge,feature is in the low-sensitivity edge of the extracted spectrum,,-33.061,-28.089
TOI-282,ADP.2020-12-10T01:12:05.357,ADP.2021-01-19T01:19:36.927,6879.0,6879.11414,6879.07848,6879.11414,brighter_earlier,12.767,12.745,7.486,5.982,1.251,-0.288325,-0.300932,12.116,,low_sensitivity_spectral_edge,feature is in the low-sensitivity edge of the extracted spectrum,,-36.601,-31.629
TOI-282,ADP.2020-12-10T01:12:05.357,ADP.2021-01-19T01:19:36.927,6879.79,6879.90415,6879.86849,6879.86849,brighter_later,12.118,10.398,6.984,5.982,1.167,0.271833,-0.282894,12.894,,low_sensitivity_spectral_edge,feature is in the low-sensitivity edge of the extracted spectrum,,-33.072,-28.1
TOI-282,ADP.2020-12-10T01:12:05.357,ADP.2021-01-19T01:19:36.927,6879.88,6879.99415,6879.95849,6879.99415,brighter_earlier,12.894,12.894,6.943,5.983,1.161,-0.289,-0.249324,12.118,,low_sensitivity_spectral_edge,feature is in the low-sensitivity edge of the extracted spectrum,,-37.313,-32.341
TOI-282,ADP.2020-12-10T01:12:05.357,ADP.2021-01-19T01:19:36.927,6883.69,6883.80422,6883.76854,6883.76854,brighter_later,12.707,12.706,7.256,5.986,1.212,0.27547,-0.337296,13.061,,low_sensitivity_spectral_edge,feature is in the low-sensitivity edge of the extracted spectrum,,-36.267,-31.295
TOI-282,ADP.2020-12-10T01:12:05.357,ADP.2021-01-19T01:19:36.927,6883.78,6883.89422,6883.85854,6883.89422,brighter_earlier,13.061,13.061,6.24,5.986,1.042,-0.282898,-0.367649,12.707,,low_sensitivity_spectral_edge,feature is in the low-sensitivity edge of the extracted spectrum,,-38.26,-33.288
TOI-282,ADP.2020-12-10T01:12:05.357,ADP.2021-01-19T01:19:36.927,6885.61,6885.72425,6885.68856,6885.68856,brighter_later,12.295,12.293,5.975,5.987,0.998,0.261969,-0.358522,12.467,,low_sensitivity_spectral_edge,feature is in the low-sensitivity edge of the extracted spectrum,,-34.016,-29.045
TOI-282,ADP.2020-12-10T01:12:05.357,ADP.2021-01-19T01:19:36.927,6885.71,6885.82425,6885.78856,6885.82425,brighter_earlier,12.467,12.467,6.932,5.988,1.158,-0.265395,-0.318392,12.295,,low_sensitivity_spectral_edge,feature is in the low-sensitivity edge of the extracted spectrum,,-34.947,-29.975
TOI-282,ADP.2020-12-10T01:12:05.357,ADP.2021-01-19T01:19:36.927,6886.59,6886.70426,6886.66857,6886.66857,brighter_later,12.326,12.324,6.899,5.988,1.152,0.260285,-0.375659,12.562,,low_sensitivity_spectral_edge,feature is in the low-sensitivity edge of the extracted spectrum,,-34.183,-29.211
TOI-282,ADP.2020-12-10T01:12:05.357,ADP.2021-01-19T01:19:36.927,6886.72,6886.83427,6886.79857,6886.83427,brighter_earlier,12.562,12.556,6.712,5.988,1.121,-0.264954,-0.284891,12.326,,low_sensitivity_spectral_edge,feature is in the low-sensitivity edge of the extracted spectrum,,-35.466,-30.495
TOI-282,ADP.2020-12-10T01:12:05.357,ADP.2021-01-19T01:19:36.927,6888.79,6888.9043,6888.86859,6888.86859,brighter_later,12.573,12.573,7.418,5.99,1.238,0.260175,-0.345264,12.552,,low_sensitivity_spectral_edge,feature is in the low-sensitivity edge of the extracted spectrum,,-35.527,-30.555
TOI-282,ADP.2020-12-10T01:12:05.357,ADP.2021-01-19T01:19:36.927,6888.91,6889.0243,6888.98859,6889.0243,brighter_earlier,12.552,12.546,8.323,5.99,1.389,-0.259437,-0.374034,12.573,,low_sensitivity_spectral_edge,feature is in the low-sensitivity edge of the extracted spectrum,,-35.412,-30.44
TOI-282,ADP.2020-12-10T01:12:05.357,ADP.2021-01-19T01:19:36.927,6889.75,6889.86432,6889.8286,6889.8286,brighter_later,12.904,12.904,6.323,5.991,1.055,0.264617,-0.399121,12.645,,low_sensitivity_spectral_edge,feature is in the low-sensitivity edge of the extracted spectrum,,-37.369,-32.398
TOI-282,ADP.2020-12-10T01:12:05.357,ADP.2021-01-19T01:19:36.927,6889.87,6889.98432,6889.94861,6889.98432,brighter_earlier,12.645,12.645,7.534,5.991,1.258,-0.259015,-0.362368,12.904,,low_sensitivity_spectral_edge,feature is in the low-sensitivity edge of the extracted spectrum,,-35.924,-30.952
TOI-282,ADP.2020-12-10T01:12:05.357,ADP.2021-01-19T01:19:36.927,6892.21,6892.32436,6892.28863,6892.28863,brighter_later,12.473,12.468,7.148,5.993,1.193,0.25652,-0.352663,12.702,,low_sensitivity_spectral_edge,feature is in the low-sensitivity edge of the extracted spectrum,,-34.98,-30.008
TOI-282,ADP.2020-12-10T01:12:05.357,ADP.2021-01-19T01:19:36.927,6892.34,6892.45436,6892.41863,6892.45436,brighter_earlier,12.702,12.702,6.6,5.993,1.101,-0.26131,-0.331561,12.473,,low_sensitivity_spectral_edge,feature is in the low-sensitivity edge of the extracted spectrum,,-36.239,-31.268
TOI-282,ADP.2020-12-10T01:12:05.357,ADP.2021-01-19T01:19:36.927,6893.15,6893.26437,6893.22864,6893.22864,brighter_later,12.173,12.164,7.869,5.994,1.313,0.25091,-0.370398,13.108,,low_sensitivity_spectral_edge,feature is in the low-sensitivity edge of the extracted spectrum,,-33.364,-28.392
TOI-282,ADP.2020-12-10T01:12:05.357,ADP.2021-01-19T01:19:36.927,6893.28,6893.39438,6893.35864,6893.39438,brighter_earlier,13.108,13.108,7.101,5.994,1.185,-0.270272,-0.355371,12.173,,low_sensitivity_spectral_edge,feature is in the low-sensitivity edge of the extracted spectrum,,-38.528,-33.557
TOI-282,ADP.2020-12-10T01:12:05.357,ADP.2021-01-19T01:19:36.927,6895.89,6896.00442,6895.96867,6895.96867,brighter_later,12.407,12.401,6.249,5.996,1.042,0.257409,-0.400471,13.686,,low_sensitivity_spectral_edge,feature is in the low-sensitivity edge of the extracted spectrum,,-34.621,-29.649
TOI-282,ADP.2020-12-10T01:12:05.357,ADP.2021-01-19T01:19:36.927,6896.01,6896.12442,6896.08868,6896.12442,brighter_earlier,13.686,13.686,5.998,5.997,1.0,-0.284009,-0.318565,12.407,,low_sensitivity_spectral_edge,feature is in the low-sensitivity edge of the extracted spectrum,,-41.91,-36.938
TOI-282,ADP.2020-12-10T01:12:05.357,ADP.2021-01-19T01:19:36.927,6896.81,6896.92443,6896.88868,6896.88868,brighter_later,13.0,12.982,6.768,5.997,1.128,0.27029,-0.375147,12.751,,low_sensitivity_spectral_edge,feature is in the low-sensitivity edge of the extracted spectrum,,-37.912,-32.941
TOI-282,ADP.2020-12-10T01:12:05.357,ADP.2021-01-19T01:19:36.927,6896.93,6897.04444,6897.00869,6897.04444,brighter_earlier,12.751,12.749,6.146,5.997,1.025,-0.265185,-0.384829,13.0,,low_sensitivity_spectral_edge,feature is in the low-sensitivity edge of the extracted spectrum,,-36.512,-31.54
TOI-282,ADP.2020-12-10T01:12:05.357,ADP.2021-01-19T01:19:36.927,6899.8,6899.91448,6899.87872,6899.87872,brighter_later,13.996,13.996,6.546,6.0,1.091,0.293042,-0.345123,13.686,,low_sensitivity_spectral_edge,feature is in the low-sensitivity edge of the extracted spectrum,,-43.783,-38.811
TOI-282,ADP.2020-12-10T01:12:05.357,ADP.2021-01-19T01:19:36.927,6899.93,6900.04449,6900.00872,6900.04449,brighter_earlier,13.686,13.571,6.976,6.0,1.163,-0.286635,-0.272608,13.996,,low_sensitivity_spectral_edge,feature is in the low-sensitivity edge of the extracted spectrum,,-41.91,-36.938
TOI-282,ADP.2020-12-10T01:12:05.357,ADP.2021-01-19T01:19:36.927,6900.71,6900.8245,6900.78873,6900.78873,brighter_later,14.009,14.009,5.791,6.001,0.965,0.293932,-0.303325,13.77,,low_sensitivity_spectral_edge,feature is in the low-sensitivity edge of the extracted spectrum,,-43.862,-38.891
TOI-282,ADP.2020-12-10T01:12:05.357,ADP.2021-01-19T01:19:36.927,6900.84,6900.9545,6900.91873,6900.9545,brighter_earlier,13.77,13.77,6.169,6.001,1.028,-0.289004,-0.308991,14.009,,low_sensitivity_spectral_edge,feature is in the low-sensitivity edge of the extracted spectrum,,-42.413,-37.442
TOI-282,ADP.2020-12-10T01:12:05.357,ADP.2021-01-19T01:19:36.927,6903.97,6904.08455,6904.04877,6904.04877,brighter_later,13.679,13.677,5.926,6.003,0.987,0.289187,-0.34483,14.249,,low_sensitivity_spectral_edge,feature is in the low-sensitivity edge of the extracted spectrum,,-41.868,-36.896
TOI-282,ADP.2020-12-10T01:12:05.357,ADP.2021-01-19T01:19:36.927,6904.07,6904.18455,6904.14877,6904.18455,brighter_earlier,14.249,14.249,5.882,6.004,0.98,-0.301314,-0.406863,13.679,,low_sensitivity_spectral_edge,feature is in the low-sensitivity edge of the extracted spectrum,,-45.342,-40.371
TOI-282,ADP.2020-12-10T01:12:05.357,ADP.2021-01-19T01:19:36.927,6904.87,6904.98457,6904.94878,6904.94878,brighter_later,14.022,14.015,6.368,6.004,1.061,0.297054,-0.291303,14.445,,low_sensitivity_spectral_edge,feature is in the low-sensitivity edge of the extracted spectrum,,-43.942,-38.97
TOI-282,ADP.2020-12-10T01:12:05.357,ADP.2021-01-19T01:19:36.927,6904.98,6905.09457,6905.05878,6905.09457,brighter_earlier,14.445,14.441,5.708,6.004,0.951,-0.306095,-0.366259,14.022,,low_sensitivity_spectral_edge,feature is in the low-sensitivity edge of the extracted spectrum,,-46.569,-41.598
TOI-282,ADP.2020-12-10T01:12:05.357,ADP.2021-01-19T01:19:36.927,6908.39,6908.50463,6908.46882,6908.46882,brighter_later,15.356,15.356,5.708,6.007,0.95,0.327957,-0.319971,14.463,,low_sensitivity_spectral_edge,feature is in the low-sensitivity edge of the extracted spectrum,,-52.491,-47.519
TOI-282,ADP.2020-12-10T01:12:05.357,ADP.2021-01-19T01:19:36.927,6908.49,6908.60463,6908.56882,6908.60463,brighter_earlier,14.463,14.452,6.903,6.007,1.149,-0.308952,-0.290812,15.356,,low_sensitivity_spectral_edge,feature is in the low-sensitivity edge of the extracted spectrum,,-46.683,-41.711
TOI-282,ADP.2020-12-10T01:12:05.357,ADP.2021-01-19T01:19:36.927,6909.3,6909.41464,6909.37883,6909.37883,brighter_later,14.702,14.702,5.651,6.008,0.941,0.314651,-0.423284,15.073,,low_sensitivity_spectral_edge,feature is in the low-sensitivity edge of the extracted spectrum,,-48.204,-43.232
TOI-282,ADP.2020-12-10T01:12:05.357,ADP.2021-01-19T01:19:36.927,6909.38,6909.49464,6909.45883,6909.49464,brighter_earlier,15.073,15.068,6.002,6.008,0.999,-0.322659,-0.356869,14.702,,low_sensitivity_spectral_edge,feature is in the low-sensitivity edge of the extracted spectrum,,-50.613,-45.641
TOI-4399,ADP.2021-09-17T01:03:12.717,ADP.2022-07-08T01:10:02.854,3795.92,3796.20401,3795.94122,3795.94122,brighter_later,9.279,9.276,3.582,3.301,1.085,0.671417,0.653883,1.855,,low_sensitivity_spectral_edge,feature is in the low-sensitivity edge of the extracted spectrum,,-19.767,-14.795
TOI-4399,ADP.2021-09-17T01:03:12.717,ADP.2022-07-08T01:10:02.854,3834.07,3834.35687,3834.09143,3834.35687,brighter_earlier,10.382,10.382,1.695,3.334,0.508,-0.560353,0.577855,3.012,,low_sensitivity_spectral_edge,feature is in the low-sensitivity edge of the extracted spectrum,,-24.524,-19.552
TOI-4399,ADP.2021-09-17T01:03:12.717,ADP.2022-07-08T01:10:02.854,4214.2,4214.51531,4214.22356,4214.51531,brighter_earlier,11.704,11.704,1.666,3.665,0.455,-0.206759,0.226343,2.399,,likely_single_pixel_or_cosmic_ray,feature is narrower than the instrumental line-spread function,,-30.915,-25.944
TOI-4399,ADP.2021-09-17T01:03:12.717,ADP.2022-07-08T01:10:02.854,4492.35,4492.68612,4492.37511,4492.68612,brighter_earlier,15.931,15.931,1.749,3.906,0.448,-0.211925,0.192395,2.568,,likely_single_pixel_or_cosmic_ray,feature is narrower than the instrumental line-spread function,,-56.413,-51.442
TOI-4399,ADP.2021-09-17T01:03:12.717,ADP.2022-07-08T01:10:02.854,4506.26,4506.59716,4506.28519,4506.59716,brighter_earlier,8.725,8.725,2.365,3.918,0.603,-0.102626,0.086955,2.778,,likely_single_pixel_or_cosmic_ray,feature is narrower than the instrumental line-spread function,,-17.575,-12.603
TOI-4399,ADP.2021-09-17T01:03:12.717,ADP.2022-07-08T01:10:02.854,4535.55,4535.88935,4535.57535,4535.88935,brighter_earlier,8.851,8.851,1.945,3.944,0.493,-0.113626,0.126293,1.512,,likely_single_pixel_or_cosmic_ray,feature is narrower than the instrumental line-spread function,,-18.062,-13.09
TOI-4399,ADP.2021-09-17T01:03:12.717,ADP.2022-07-08T01:10:02.854,4602.56,4602.90437,4602.58573,4602.90437,brighter_earlier,13.082,13.079,2.85,4.002,0.712,-0.153375,0.166887,2.534,,likely_single_pixel_or_cosmic_ray,feature is narrower than the instrumental line-spread function,,-38.38,-33.408
TOI-4399,ADP.2021-09-17T01:03:12.717,ADP.2022-07-08T01:10:02.854,4605.34,4605.68457,4605.36574,4605.36574,brighter_later,15.511,15.511,2.472,4.005,0.617,0.179136,0.173755,2.968,,likely_single_pixel_or_cosmic_ray,feature is narrower than the instrumental line-spread function,,-53.534,-48.563
TOI-4399,ADP.2021-09-17T01:03:12.717,ADP.2022-07-08T01:10:02.854,4656.43,4656.7784,4656.45603,4656.45603,brighter_later,9.055,9.054,1.962,4.049,0.485,0.100467,0.092642,2.098,,likely_single_pixel_or_cosmic_ray,feature is narrower than the instrumental line-spread function,,-18.865,-13.893
TOI-4399,ADP.2021-09-17T01:03:12.717,ADP.2022-07-08T01:10:02.854,4687.34,4687.69071,4687.3662,4687.3662,brighter_later,16.294,16.294,2.395,4.076,0.587,0.184897,0.18928,1.749,,likely_single_pixel_or_cosmic_ray,feature is narrower than the instrumental line-spread function,,-58.963,-53.992
TOI-4399,ADP.2021-09-17T01:03:12.717,ADP.2022-07-08T01:10:02.854,4703.59,4703.94193,4703.61629,4703.61629,brighter_later,8.33,8.329,2.073,4.09,0.507,0.093223,0.10855,2.178,,likely_single_pixel_or_cosmic_ray,feature is narrower than the instrumental line-spread function,,-16.092,-11.121
TOI-4399,ADP.2021-09-17T01:03:12.717,ADP.2022-07-08T01:10:02.854,4723.09,4723.44338,4723.1164,4723.1164,brighter_later,8.429,8.429,2.947,4.107,0.718,0.091912,0.097082,1.899,,likely_single_pixel_or_cosmic_ray,feature is narrower than the instrumental line-spread function,,-16.458,-11.486
TOI-4399,ADP.2021-09-17T01:03:12.717,ADP.2022-07-08T01:10:02.854,4759.39,4759.7461,4759.4166,4759.4166,brighter_later,8.715,8.715,2.329,4.139,0.563,0.092684,0.092803,1.57,,likely_single_pixel_or_cosmic_ray,feature is narrower than the instrumental line-spread function,,-17.536,-12.565
TOI-4399,ADP.2021-09-17T01:03:12.717,ADP.2022-07-08T01:10:02.854,4863.01,4863.37385,4863.03718,4863.37385,brighter_earlier,8.707,8.707,1.57,4.229,0.371,-0.093684,0.101702,2.31,,likely_single_pixel_or_cosmic_ray,feature is narrower than the instrumental line-spread function,,-17.506,-12.534
TOI-4399,ADP.2021-09-17T01:03:12.717,ADP.2022-07-08T01:10:02.854,4959.32,4959.69106,4959.34772,4959.69106,brighter_earlier,11.226,11.226,1.598,4.312,0.371,-0.118173,0.105467,2.979,,likely_single_pixel_or_cosmic_ray,feature is narrower than the instrumental line-spread function,,-28.517,-23.546
TOI-4399,ADP.2021-09-17T01:03:12.717,ADP.2022-07-08T01:10:02.854,4982.23,4982.60277,4982.25785,4982.25785,brighter_later,9.577,9.577,1.902,4.332,0.439,0.100237,0.128631,2.797,,likely_single_pixel_or_cosmic_ray,feature is narrower than the instrumental line-spread function,,-21.0,-16.029
TOI-4399,ADP.2021-09-17T01:03:12.717,ADP.2022-07-08T01:10:02.854,5139.02,5139.4045,5139.04872,5139.04872,brighter_later,10.356,10.356,2.242,4.469,0.502,0.108664,0.133323,2.393,,likely_single_pixel_or_cosmic_ray,feature is narrower than the instrumental line-spread function,,-24.406,-19.434
TOI-4399,ADP.2021-09-17T01:03:12.717,ADP.2022-07-08T01:10:02.854,5206.05,5206.43952,5206.0791,5206.0791,brighter_later,12.789,12.789,2.536,4.527,0.56,0.132763,0.131179,1.718,,likely_single_pixel_or_cosmic_ray,feature is narrower than the instrumental line-spread function,,-36.724,-31.752
TOI-4399,ADP.2021-09-17T01:03:12.717,ADP.2022-07-08T01:10:02.854,5341.92,5342.31969,5341.94986,5342.31969,brighter_earlier,10.856,10.856,1.914,4.645,0.412,-0.147652,0.163008,2.435,,likely_single_pixel_or_cosmic_ray,feature is narrower than the instrumental line-spread function,,-26.729,-21.757
TOI-4399,ADP.2021-09-17T01:03:12.717,ADP.2022-07-08T01:10:02.854,5452.61,5453.01797,5452.64048,5453.01797,brighter_earlier,9.006,9.006,3.0,4.741,0.633,-0.097376,0.115224,3.056,,likely_single_pixel_or_cosmic_ray,feature is narrower than the instrumental line-spread function,,-18.67,-13.699
TOI-4399,ADP.2021-09-17T01:03:12.717,ADP.2022-07-08T01:10:02.854,5469.95,5470.35927,5469.98057,5469.98057,brighter_later,22.555,22.555,2.665,4.756,0.56,0.225934,0.227606,1.904,,likely_single_pixel_or_cosmic_ray,feature is narrower than the instrumental line-spread function,,-111.921,-106.95
TOI-4399,ADP.2021-09-17T01:03:12.717,ADP.2022-07-08T01:10:02.854,5596.71,5597.12875,5596.74128,5596.74128,brighter_later,10.854,10.853,2.672,4.867,0.549,0.119321,0.123633,1.78,,likely_single_pixel_or_cosmic_ray,feature is narrower than the instrumental line-spread function,,-26.719,-21.748
TOI-4399,ADP.2021-09-17T01:03:12.717,ADP.2022-07-08T01:10:02.854,5781.67,5782.10259,5781.70232,5781.70232,brighter_later,60.694,60.694,1.864,5.028,0.371,0.649712,0.65951,7.978,,likely_single_pixel_or_cosmic_ray,feature is narrower than the instrumental line-spread function,,-801.8,-796.828
TOI-4399,ADP.2021-09-17T01:03:12.717,ADP.2022-07-08T01:10:02.854,5875.46,5875.89961,5875.49284,5875.49284,brighter_later,18.324,18.324,2.158,5.109,0.422,0.203854,0.209102,1.993,,likely_single_pixel_or_cosmic_ray,feature is narrower than the instrumental line-spread function,,-74.274,-69.302
TOI-4399,ADP.2021-09-17T01:03:12.717,ADP.2022-07-08T01:10:02.854,5954.85,5955.29555,5954.88329,5955.29555,brighter_earlier,20.12,20.12,2.453,5.178,0.474,-0.24432,0.251071,1.017,,likely_single_pixel_or_cosmic_ray,feature is narrower than the instrumental line-spread function,,-89.307,-84.336
TOI-4399,ADP.2021-09-17T01:03:12.717,ADP.2022-07-08T01:10:02.854,6276.14,6276.60958,6276.17508,6276.17508,brighter_later,12.705,12.648,8.862,5.458,1.624,0.19625,-0.006481,2.4,,likely_stellar_absorption_variability,difference does not form a bright line above the local spectrum,,-36.256,-31.284
TOI-4399,ADP.2021-09-17T01:03:12.717,ADP.2022-07-08T01:10:02.854,6276.35,6276.8196,6276.38508,6276.38508,brighter_later,12.488,12.335,7.229,5.458,1.324,0.193533,-0.005993,5.066,,likely_stellar_absorption_variability,difference does not form a bright line above the local spectrum,,-35.061,-30.09
TOI-4399,ADP.2021-09-17T01:03:12.717,ADP.2022-07-08T01:10:02.854,6276.57,6277.03962,6276.60508,6277.03962,brighter_earlier,17.23,17.194,9.012,5.458,1.651,-0.26794,0.034464,4.142,,likely_stellar_absorption_variability,difference does not form a bright line above the local spectrum,,-65.801,-60.829
TOI-4399,ADP.2021-09-17T01:03:12.717,ADP.2022-07-08T01:10:02.854,6276.77,6277.23963,6276.80508,6277.23963,brighter_earlier,15.331,13.114,5.305,5.458,0.972,-0.239148,0.042282,13.407,,likely_stellar_absorption_variability,difference does not form a bright line above the local spectrum,,-52.324,-47.352
TOI-4399,ADP.2021-09-17T01:03:12.717,ADP.2022-07-08T01:10:02.854,6276.84,6277.30964,6276.87508,6276.87508,brighter_later,13.407,13.235,5.659,5.458,1.037,0.209363,-0.007108,15.331,,likely_stellar_absorption_variability,difference does not form a bright line above the local spectrum,,-40.259,-35.288
TOI-4399,ADP.2021-09-17T01:03:12.717,ADP.2022-07-08T01:10:02.854,6276.98,6277.44965,6277.01509,6277.01509,brighter_later,12.281,12.072,10.26,5.458,1.88,0.192189,0.023526,0.0,,likely_stellar_line_profile_change,feature is substantially broader than an unresolved HARPS line,,-33.941,-28.969
TOI-4399,ADP.2021-09-17T01:03:12.717,ADP.2022-07-08T01:10:02.854,6277.17,6277.63966,6277.20509,6277.20509,brighter_later,12.055,11.171,6.493,5.458,1.19,0.189214,0.045867,16.655,,likely_stellar_absorption_variability,difference does not form a bright line above the local spectrum,,-32.739,-27.767
TOI-4399,ADP.2021-09-17T01:03:12.717,ADP.2022-07-08T01:10:02.854,6277.27,6277.73967,6277.30509,6277.73967,brighter_earlier,16.655,16.522,5.656,5.458,1.036,-0.261804,0.029668,12.055,,likely_stellar_absorption_variability,difference does not form a bright line above the local spectrum,,-61.555,-56.584
TOI-4399,ADP.2021-09-17T01:03:12.717,ADP.2022-07-08T01:10:02.854,6277.41,6277.87968,6277.44509,6277.87968,brighter_earlier,12.624,10.834,10.888,5.459,1.995,-0.198874,0.051501,5.48,,likely_stellar_line_profile_change,feature is substantially broader than an unresolved HARPS line,,-35.808,-30.836
TOI-4399,ADP.2021-09-17T01:03:12.717,ADP.2022-07-08T01:10:02.854,6277.64,6278.1097,6277.67509,6277.67509,brighter_later,19.381,19.165,7.958,5.459,1.458,0.306391,-0.026426,6.306,,likely_stellar_absorption_variability,difference does not form a bright line above the local spectrum,,-82.952,-77.981
TOI-4399,ADP.2021-09-17T01:03:12.717,ADP.2022-07-08T01:10:02.854,6278.06,6278.52973,6278.09509,6278.52973,brighter_earlier,23.794,23.794,11.112,5.459,2.035,-0.37856,0.033253,3.861,,likely_stellar_line_profile_change,feature is substantially broader than an unresolved HARPS line,,-124.414,-119.443
TOI-4399,ADP.2021-09-17T01:03:12.717,ADP.2022-07-08T01:10:02.854,6278.4,6278.86975,6278.43509,6278.43509,brighter_later,16.658,15.761,6.633,5.459,1.215,0.266389,-0.000522,4.517,,likely_stellar_absorption_variability,difference does not form a bright line above the local spectrum,,-61.577,-56.606
TOI-4399,ADP.2021-09-17T01:03:12.717,ADP.2022-07-08T01:10:02.854,6278.63,6279.09977,6278.66509,6278.66509,brighter_later,19.422,19.42,7.524,5.46,1.378,0.311674,-0.010278,7.4,,likely_stellar_absorption_variability,difference does not form a bright line above the local spectrum,,-83.298,-78.327
TOI-4399,ADP.2021-09-17T01:03:12.717,ADP.2022-07-08T01:10:02.854,6278.84,6279.30979,6278.8751,6279.30979,brighter_earlier,17.844,17.517,6.309,5.46,1.156,-0.287258,0.034543,10.295,,likely_stellar_absorption_variability,difference does not form a bright line above the local spectrum,,-70.492,-65.521
TOI-4399,ADP.2021-09-17T01:03:12.717,ADP.2022-07-08T01:10:02.854,6279.06,6279.5298,6279.0951,6279.5298,brighter_earlier,18.128,17.991,7.642,5.46,1.4,-0.292785,-0.005841,0.947,,likely_stellar_absorption_variability,difference does not form a bright line above the local spectrum,,-72.718,-67.746
TOI-4399,ADP.2021-09-17T01:03:12.717,ADP.2022-07-08T01:10:02.854,6279.43,6279.89983,6279.4651,6279.4651,brighter_later,16.627,16.534,7.34,5.46,1.344,0.270022,0.016699,0.842,,likely_stellar_absorption_variability,difference does not form a bright line above the local spectrum,,-61.352,-56.381
TOI-4399,ADP.2021-09-17T01:03:12.717,ADP.2022-07-08T01:10:02.854,6279.84,6280.30986,6279.8751,6280.30986,brighter_earlier,13.537,13.413,6.253,5.461,1.145,-0.221176,-0.010906,16.491,,likely_stellar_absorption_variability,difference does not form a bright line above the local spectrum,,-41.024,-36.053
TOI-4399,ADP.2021-09-17T01:03:12.717,ADP.2022-07-08T01:10:02.854,6279.93,6280.39987,6279.9651,6279.9651,brighter_later,16.491,16.424,5.978,5.461,1.095,0.269803,-0.031202,13.537,,likely_stellar_absorption_variability,difference does not form a bright line above the local spectrum,,-60.371,-55.399
TOI-4399,ADP.2021-09-17T01:03:12.717,ADP.2022-07-08T01:10:02.854,6280.35,6280.8199,6280.3851,6280.8199,brighter_earlier,17.484,17.452,8.344,5.461,1.528,-0.28782,0.006741,0.856,,likely_stellar_absorption_variability,difference does not form a bright line above the local spectrum,,-67.722,-62.75
TOI-4399,ADP.2021-09-17T01:03:12.717,ADP.2022-07-08T01:10:02.854,6280.71,6281.17993,6280.74511,6280.74511,brighter_later,15.149,15.107,7.294,5.461,1.335,0.250692,-0.001768,0.64,,likely_stellar_absorption_variability,difference does not form a bright line above the local spectrum,,-51.114,-46.142
TOI-4399,ADP.2021-09-17T01:03:12.717,ADP.2022-07-08T01:10:02.854,6281.13,6281.59996,6281.16511,6281.59996,brighter_earlier,14.033,13.967,7.839,5.462,1.435,-0.233658,0.000213,1.179,,likely_stellar_absorption_variability,difference does not form a bright line above the local spectrum,,-44.009,-39.038
TOI-4399,ADP.2021-09-17T01:03:12.717,ADP.2022-07-08T01:10:02.854,6281.48,6281.94998,6281.51511,6281.51511,brighter_later,15.805,15.778,7.695,5.462,1.409,0.264497,0.019822,0.88,,likely_stellar_absorption_variability,difference does not form a bright line above the local spectrum,,-55.542,-50.57
TOI-4399,ADP.2021-09-17T01:03:12.717,ADP.2022-07-08T01:10:02.854,6281.92,6282.39002,6281.95511,6282.39002,brighter_earlier,15.216,15.197,7.052,5.463,1.291,-0.256255,0.006426,0.841,,likely_stellar_absorption_variability,difference does not form a bright line above the local spectrum,,-51.558,-46.586
TOI-4399,ADP.2021-09-17T01:03:12.717,ADP.2022-07-08T01:10:02.854,6282.26,6282.73004,6282.29512,6282.29512,brighter_later,11.126,10.999,8.209,5.463,1.503,0.188281,-0.005618,1.016,,likely_stellar_absorption_variability,difference does not form a bright line above the local spectrum,,-28.028,-23.057
TOI-4399,ADP.2021-09-17T01:03:12.717,ADP.2022-07-08T01:10:02.854,6282.68,6283.15007,6282.71512,6283.15007,brighter_earlier,11.885,11.878,6.896,5.463,1.262,-0.202334,-0.002283,1.435,,likely_stellar_absorption_variability,difference does not form a bright line above the local spectrum,,-31.849,-26.877
TOI-4399,ADP.2021-09-17T01:03:12.717,ADP.2022-07-08T01:10:02.854,6283.33,6283.80012,6283.36512,6283.36512,brighter_later,8.975,8.961,7.104,5.464,1.3,0.154202,-0.005497,0.903,,likely_stellar_absorption_variability,difference does not form a bright line above the local spectrum,,-18.548,-13.576
TOI-4399,ADP.2021-09-17T01:03:12.717,ADP.2022-07-08T01:10:02.854,6283.75,6284.22015,6283.78512,6284.22015,brighter_earlier,9.792,9.78,7.845,5.464,1.436,-0.169218,0.003306,1.6,,likely_stellar_absorption_variability,difference does not form a bright line above the local spectrum,,-21.914,-16.943
TOI-4399,ADP.2021-09-17T01:03:12.717,ADP.2022-07-08T01:10:02.854,6287.71,6288.18045,6287.74515,6288.18045,brighter_earlier,8.59,8.577,6.577,5.468,1.203,-0.156653,0.008028,0.469,,likely_stellar_absorption_variability,difference does not form a bright line above the local spectrum,,-17.061,-12.089
TOI-4399,ADP.2021-09-17T01:03:12.717,ADP.2022-07-08T01:10:02.854,6288.93,6289.40054,6288.96515,6288.96515,brighter_later,9.437,9.419,6.256,5.469,1.144,0.174871,0.007062,1.385,,likely_stellar_absorption_variability,difference does not form a bright line above the local spectrum,,-20.416,-15.445
TOI-4399,ADP.2021-09-17T01:03:12.717,ADP.2022-07-08T01:10:02.854,6289.36,6289.83057,6289.39515,6289.83057,brighter_earlier,9.411,9.369,8.306,5.469,1.519,-0.175361,0.00487,0.243,,likely_stellar_absorption_variability,difference does not form a bright line above the local spectrum,,-20.309,-15.337
TOI-4399,ADP.2021-09-17T01:03:12.717,ADP.2022-07-08T01:10:02.854,6289.75,6290.2206,6289.78516,6289.78516,brighter_later,12.87,12.863,7.221,5.469,1.32,0.241029,0.005782,0.335,,likely_stellar_absorption_variability,difference does not form a bright line above the local spectrum,,-37.178,-32.206
TOI-4399,ADP.2021-09-17T01:03:12.717,ADP.2022-07-08T01:10:02.854,6290.17,6290.64063,6290.20516,6290.64063,brighter_earlier,12.572,12.557,7.421,5.47,1.357,-0.235585,-0.002122,1.664,,likely_stellar_absorption_variability,difference does not form a bright line above the local spectrum,,-35.521,-30.55
TOI-4399,ADP.2021-09-17T01:03:12.717,ADP.2022-07-08T01:10:02.854,6291.69,6292.16075,6291.72517,6291.72517,brighter_later,12.493,12.375,7.0,5.471,1.28,0.228499,0.014394,1.275,,likely_stellar_absorption_variability,difference does not form a bright line above the local spectrum,,-35.089,-30.117
TOI-4399,ADP.2021-09-17T01:03:12.717,ADP.2022-07-08T01:10:02.854,6292.12,6292.59078,6292.15517,6292.59078,brighter_earlier,12.919,12.753,8.121,5.471,1.484,-0.234639,-0.010989,1.055,,likely_stellar_absorption_variability,difference does not form a bright line above the local spectrum,,-37.454,-32.482
TOI-4399,ADP.2021-09-17T01:03:12.717,ADP.2022-07-08T01:10:02.854,6292.49,6292.96081,6292.52517,6292.52517,brighter_later,15.956,15.952,7.636,5.472,1.396,0.288064,0.010188,0.428,,likely_stellar_absorption_variability,difference does not form a bright line above the local spectrum,,-56.587,-51.616
TOI-4399,ADP.2021-09-17T01:03:12.717,ADP.2022-07-08T01:10:02.854,6292.91,6293.38084,6292.94517,6293.38084,brighter_earlier,15.876,15.865,7.191,5.472,1.314,-0.284651,0.004272,0.922,,likely_stellar_absorption_variability,difference does not form a bright line above the local spectrum,,-56.032,-51.06
TOI-4399,ADP.2021-09-17T01:03:12.717,ADP.2022-07-08T01:10:02.854,6294.71,6295.18097,6294.74518,6294.74518,brighter_later,14.3,14.295,7.166,5.474,1.309,0.248784,0.002777,2.57,,likely_stellar_absorption_variability,difference does not form a bright line above the local spectrum,,-45.66,-40.688
TOI-4399,ADP.2021-09-17T01:03:12.717,ADP.2022-07-08T01:10:02.854,6295.14,6295.61101,6295.17519,6295.61101,brighter_earlier,16.562,16.515,7.049,5.474,1.288,-0.286028,-0.006112,0.719,,likely_stellar_absorption_variability,difference does not form a bright line above the local spectrum,,-60.882,-55.911
TOI-4399,ADP.2021-09-17T01:03:12.717,ADP.2022-07-08T01:10:02.854,6295.49,6295.96103,6295.52519,6295.52519,brighter_later,17.647,17.612,7.532,5.474,1.376,0.302943,-0.014517,0.469,,likely_stellar_absorption_variability,difference does not form a bright line above the local spectrum,,-68.969,-63.998
TOI-4399,ADP.2021-09-17T01:03:12.717,ADP.2022-07-08T01:10:02.854,6295.92,6296.39106,6295.95519,6296.39106,brighter_earlier,17.903,17.899,7.064,5.475,1.29,-0.305064,-0.002421,1.177,,likely_stellar_absorption_variability,difference does not form a bright line above the local spectrum,,-70.952,-65.98
TOI-4399,ADP.2021-09-17T01:03:12.717,ADP.2022-07-08T01:10:02.854,6297.99,6298.46122,6298.0252,6298.0252,brighter_later,13.801,13.795,7.995,5.477,1.46,0.226722,0.004093,1.282,,likely_stellar_absorption_variability,difference does not form a bright line above the local spectrum,,-42.6,-37.628
TOI-4399,ADP.2021-09-17T01:03:12.717,ADP.2022-07-08T01:10:02.854,6298.41,6298.88125,6298.44521,6298.88125,brighter_earlier,15.884,15.861,8.183,5.477,1.494,-0.258986,0.00251,0.609,,likely_stellar_absorption_variability,difference does not form a bright line above the local spectrum,,-56.087,-51.116
TOI-4399,ADP.2021-09-17T01:03:12.717,ADP.2022-07-08T01:10:02.854,6298.76,6299.23128,6298.79521,6298.79521,brighter_later,19.471,19.47,6.831,5.477,1.247,0.315453,0.013088,1.263,,likely_stellar_absorption_variability,difference does not form a bright line above the local spectrum,,-83.713,-78.742
TOI-4399,ADP.2021-09-17T01:03:12.717,ADP.2022-07-08T01:10:02.854,6299.19,6299.66131,6299.22521,6299.66131,brighter_earlier,17.699,17.542,7.222,5.478,1.318,-0.284492,0.007849,1.537,,likely_stellar_absorption_variability,difference does not form a bright line above the local spectrum,,-69.37,-64.398
TOI-4399,ADP.2021-09-17T01:03:12.717,ADP.2022-07-08T01:10:02.854,6301.53,6302.00148,6301.56522,6301.56522,brighter_later,13.43,13.415,6.248,5.48,1.14,0.206594,0.011803,1.165,,likely_stellar_absorption_variability,difference does not form a bright line above the local spectrum,,-40.394,-35.423
TOI-4399,ADP.2021-09-17T01:03:12.717,ADP.2022-07-08T01:10:02.854,6301.96,6302.43152,6301.99523,6302.43152,brighter_earlier,14.495,14.479,7.27,5.48,1.327,-0.221128,0.009322,0.602,,likely_stellar_absorption_variability,difference does not form a bright line above the local spectrum,,-46.885,-41.914
TOI-4399,ADP.2021-09-17T01:03:12.717,ADP.2022-07-08T01:10:02.854,6302.29,6302.76154,6302.32523,6302.32523,brighter_later,15.841,15.805,7.379,5.48,1.347,0.240119,0.007741,0.702,,likely_stellar_absorption_variability,difference does not form a bright line above the local spectrum,,-55.79,-50.818
TOI-4399,ADP.2021-09-17T01:03:12.717,ADP.2022-07-08T01:10:02.854,6302.72,6303.19157,6302.75523,6303.19157,brighter_earlier,15.992,15.986,7.233,5.481,1.32,-0.240385,0.006587,1.132,,likely_stellar_absorption_variability,difference does not form a bright line above the local spectrum,,-56.838,-51.866
TOI-4399,ADP.2021-09-17T01:03:12.717,ADP.2022-07-08T01:10:02.854,6305.03,6305.50175,6305.06524,6305.50175,brighter_earlier,8.652,8.6,2.315,5.483,0.422,-0.124151,0.10857,0.782,,likely_single_pixel_or_cosmic_ray,feature is narrower than the instrumental line-spread function,,-17.296,-12.324
TOI-4399,ADP.2021-09-17T01:03:12.717,ADP.2022-07-08T01:10:02.854,6305.33,6305.80177,6305.36524,6305.36524,brighter_later,13.03,13.017,6.75,5.483,1.231,0.18581,0.00375,1.552,,likely_stellar_absorption_variability,difference does not form a bright line above the local spectrum,,-38.083,-33.111
TOI-4399,ADP.2021-09-17T01:03:12.717,ADP.2022-07-08T01:10:02.854,6305.76,6306.2318,6305.79525,6306.2318,brighter_earlier,14.304,14.298,7.022,5.483,1.281,-0.202168,0.002588,0.437,,likely_stellar_absorption_variability,difference does not form a bright line above the local spectrum,,-45.685,-40.713
TOI-4399,ADP.2021-09-17T01:03:12.717,ADP.2022-07-08T01:10:02.854,6306.1,6306.57183,6306.13525,6306.13525,brighter_later,15.18,15.176,7.249,5.484,1.322,0.213021,-0.000109,1.297,,likely_stellar_absorption_variability,difference does not form a bright line above the local spectrum,,-51.319,-46.347
TOI-4399,ADP.2021-09-17T01:03:12.717,ADP.2022-07-08T01:10:02.854,6306.52,6306.99186,6306.55525,6306.99186,brighter_earlier,14.674,14.628,6.652,5.484,1.213,-0.204101,-0.001767,1.886,,likely_stellar_absorption_variability,difference does not form a bright line above the local spectrum,,-48.024,-43.053
TOI-4399,ADP.2021-09-17T01:03:12.717,ADP.2022-07-08T01:10:02.854,6309.43,6309.90208,6309.46527,6309.46527,brighter_later,11.024,10.953,6.398,5.486,1.166,0.143848,0.006439,2.053,,likely_stellar_absorption_variability,difference does not form a bright line above the local spectrum,,-27.533,-22.562
TOI-4399,ADP.2021-09-17T01:03:12.717,ADP.2022-07-08T01:10:02.854,6309.85,6310.32211,6309.88527,6310.32211,brighter_earlier,12.119,12.088,6.914,5.487,1.26,-0.156632,0.009454,0.448,,likely_stellar_absorption_variability,difference does not form a bright line above the local spectrum,,-33.077,-28.105
TOI-4399,ADP.2021-09-17T01:03:12.717,ADP.2022-07-08T01:10:02.854,6310.15,6310.62213,6310.18527,6310.18527,brighter_later,12.38,12.33,7.855,5.487,1.432,0.15934,0.013186,2.152,,likely_stellar_absorption_variability,difference does not form a bright line above the local spectrum,,-34.475,-29.503
TOI-4399,ADP.2021-09-17T01:03:12.717,ADP.2022-07-08T01:10:02.854,6310.59,6311.06216,6310.62527,6311.06216,brighter_earlier,12.398,12.389,6.123,5.487,1.116,-0.159198,-0.009606,1.201,,likely_stellar_absorption_variability,difference does not form a bright line above the local spectrum,,-34.572,-29.6
TOI-4399,ADP.2021-09-17T01:03:12.717,ADP.2022-07-08T01:10:02.854,6313.77,6314.2424,6313.80529,6313.80529,brighter_later,8.668,8.653,5.165,5.49,0.941,0.109459,0.005639,1.47,,likely_stellar_absorption_variability,difference does not form a bright line above the local spectrum,,-17.357,-12.385
TOI-4399,ADP.2021-09-17T01:03:12.717,ADP.2022-07-08T01:10:02.854,6314.2,6314.67243,6314.23529,6314.67243,brighter_earlier,9.235,9.23,8.099,5.491,1.475,-0.116348,0.002248,2.396,,likely_stellar_absorption_variability,difference does not form a bright line above the local spectrum,,-19.588,-14.616
TOI-4399,ADP.2021-09-17T01:03:12.717,ADP.2022-07-08T01:10:02.854,6314.51,6314.98246,6314.5453,6314.5453,brighter_later,9.031,9.025,7.492,5.491,1.364,0.113595,0.004317,1.126,,likely_stellar_absorption_variability,difference does not form a bright line above the local spectrum,,-18.769,-13.798
TOI-4399,ADP.2021-09-17T01:03:12.717,ADP.2022-07-08T01:10:02.854,6314.94,6315.41249,6314.9753,6315.41249,brighter_earlier,10.192,10.189,5.172,5.491,0.942,-0.127907,0.013958,1.712,,likely_stellar_absorption_variability,difference does not form a bright line above the local spectrum,,-23.667,-18.695
TOI-4399,ADP.2021-09-17T01:03:12.717,ADP.2022-07-08T01:10:02.854,6771.22,6771.72663,6771.25785,6771.72663,brighter_earlier,10.66,10.66,3.133,5.888,0.532,-0.1375,0.155516,2.7,,likely_single_pixel_or_cosmic_ray,feature is narrower than the instrumental line-spread function,,-25.805,-20.834
TOI-4399,ADP.2021-09-17T01:03:12.717,ADP.2022-07-08T01:10:02.854,6777.66,6778.16711,6777.69788,6777.69788,brighter_later,10.64,10.64,3.822,5.894,0.649,0.128552,0.131208,2.822,,likely_single_pixel_or_cosmic_ray,feature is narrower than the instrumental line-spread function,,-25.712,-20.74
TOI-4399,ADP.2021-09-17T01:03:12.717,ADP.2022-07-08T01:10:02.854,6779.6,6780.10725,6779.6379,6780.10725,brighter_earlier,9.647,9.646,2.592,5.895,0.44,-0.114182,0.123577,1.778,,likely_single_pixel_or_cosmic_ray,feature is narrower than the instrumental line-spread function,,-21.296,-16.324
TOI-4399,ADP.2021-09-17T01:03:12.717,ADP.2022-07-08T01:10:02.854,6866.71,6867.22377,6866.74838,6866.74838,brighter_later,9.142,8.742,10.943,5.971,1.833,0.713376,-0.010478,1.716,,low_sensitivity_spectral_edge,feature is in the low-sensitivity edge of the extracted spectrum,,-19.212,-14.241
TOI-4399,ADP.2021-09-17T01:03:12.717,ADP.2022-07-08T01:10:02.854,6867.03,6867.5438,6867.06838,6867.06838,brighter_later,8.196,6.835,8.316,5.971,1.393,0.649833,0.07324,11.419,,low_sensitivity_spectral_edge,feature is in the low-sensitivity edge of the extracted spectrum,,-15.605,-10.633
TOI-4399,ADP.2021-09-17T01:03:12.717,ADP.2022-07-08T01:10:02.854,6867.18,6867.69381,6867.21838,6867.69381,brighter_earlier,11.419,11.419,12.359,5.971,2.07,-0.912112,0.195321,8.196,,low_sensitivity_spectral_edge,feature is in the low-sensitivity edge of the extracted spectrum,,-29.474,-24.502
TOI-4399,ADP.2021-09-17T01:03:12.717,ADP.2022-07-08T01:10:02.854,6867.49,6868.00383,6867.52839,6868.00383,brighter_earlier,8.492,5.555,6.938,5.972,1.162,-0.688611,0.277504,8.216,,low_sensitivity_spectral_edge,feature is in the low-sensitivity edge of the extracted spectrum,,-16.692,-11.721
TOI-4399,ADP.2021-09-17T01:03:12.717,ADP.2022-07-08T01:10:02.854,6868.6,6869.11391,6868.63839,6868.63839,brighter_later,8.601,8.494,10.159,5.973,1.701,0.734859,0.208375,2.857,,low_sensitivity_spectral_edge,feature is in the low-sensitivity edge of the extracted spectrum,,-17.102,-12.131
TOI-4399,ADP.2021-09-17T01:03:12.717,ADP.2022-07-08T01:10:02.854,6868.85,6869.36393,6868.88839,6869.36393,brighter_earlier,8.721,8.721,4.966,5.973,0.831,-0.753652,0.044139,3.42,,low_sensitivity_spectral_edge,feature is in the low-sensitivity edge of the extracted spectrum,,-17.559,-12.588
TOI-4399,ADP.2021-09-17T01:03:12.717,ADP.2022-07-08T01:10:02.854,6869.36,6869.87397,6869.3984,6869.3984,brighter_later,10.708,10.708,5.901,5.973,0.988,0.946739,0.083495,0.0,,low_sensitivity_spectral_edge,feature is in the low-sensitivity edge of the extracted spectrum,,-26.03,-21.058
TOI-4399,ADP.2021-09-17T01:03:12.717,ADP.2022-07-08T01:10:02.854,6869.49,6870.00398,6869.5284,6869.5284,brighter_later,10.247,10.247,5.327,5.973,0.892,0.911179,0.053774,0.05,,low_sensitivity_spectral_edge,feature is in the low-sensitivity edge of the extracted spectrum,,-23.913,-18.942
TOI-4399,ADP.2021-09-17T01:03:12.717,ADP.2022-07-08T01:10:02.854,6869.83,6870.344,6869.8684,6870.344,brighter_earlier,9.455,9.405,5.404,5.974,0.905,-0.853398,0.030222,0.468,,low_sensitivity_spectral_edge,feature is in the low-sensitivity edge of the extracted spectrum,,-20.491,-15.519
TOI-4399,ADP.2021-09-17T01:03:12.717,ADP.2022-07-08T01:10:02.854,6869.96,6870.47401,6869.9984,6870.47401,brighter_earlier,9.899,9.899,6.564,5.974,1.099,-0.898428,0.022627,0.0,,low_sensitivity_spectral_edge,feature is in the low-sensitivity edge of the extracted spectrum,,-22.376,-17.405
TOI-4399,ADP.2021-09-17T01:03:12.717,ADP.2022-07-08T01:10:02.854,6870.41,6870.92405,6870.4484,6870.4484,brighter_later,8.856,8.79,5.304,5.974,0.888,0.799417,0.012082,0.204,,low_sensitivity_spectral_edge,feature is in the low-sensitivity edge of the extracted spectrum,,-18.081,-13.11
TOI-4399,ADP.2021-09-17T01:03:12.717,ADP.2022-07-08T01:10:02.854,6870.46,6870.97405,6870.4984,6870.4984,brighter_later,9.042,9.042,5.514,5.974,0.923,0.815547,0.029887,0.0,,low_sensitivity_spectral_edge,feature is in the low-sensitivity edge of the extracted spectrum,,-18.813,-13.841
TOI-4399,ADP.2021-09-17T01:03:12.717,ADP.2022-07-08T01:10:02.854,6870.74,6871.25407,6870.7784,6870.7784,brighter_later,8.318,7.5,5.426,5.975,0.908,0.746521,-0.047418,6.04,,low_sensitivity_spectral_edge,feature is in the low-sensitivity edge of the extracted spectrum,,-16.048,-11.077
TOI-4399,ADP.2021-09-17T01:03:12.717,ADP.2022-07-08T01:10:02.854,6870.93,6871.44409,6870.96841,6871.44409,brighter_earlier,8.004,6.617,4.675,5.975,0.783,-0.715924,-0.093344,6.948,,low_sensitivity_spectral_edge,feature is in the low-sensitivity edge of the extracted spectrum,,-14.919,-9.948
TOI-4399,ADP.2021-09-17T01:03:12.717,ADP.2022-07-08T01:10:02.854,6871.21,6871.72411,6871.24841,6871.72411,brighter_earlier,9.228,9.228,5.969,5.975,0.999,-0.821321,0.01447,0.0,,low_sensitivity_spectral_edge,feature is in the low-sensitivity edge of the extracted spectrum,,-19.56,-14.588
TOI-4399,ADP.2021-09-17T01:03:12.717,ADP.2022-07-08T01:10:02.854,6871.27,6871.78411,6871.30841,6871.78411,brighter_earlier,9.58,9.564,5.865,5.975,0.982,-0.851707,0.020866,0.0,,low_sensitivity_spectral_edge,feature is in the low-sensitivity edge of the extracted spectrum,,-21.013,-16.042
TOI-4399,ADP.2021-09-17T01:03:12.717,ADP.2022-07-08T01:10:02.854,6871.71,6872.22415,6871.74841,6871.74841,brighter_later,9.866,9.866,6.033,5.975,1.01,0.87032,0.023074,0.0,,low_sensitivity_spectral_edge,feature is in the low-sensitivity edge of the extracted spectrum,,-22.233,-17.262
TOI-4399,ADP.2021-09-17T01:03:12.717,ADP.2022-07-08T01:10:02.854,6871.76,6872.27415,6871.79841,6871.79841,brighter_later,9.89,9.89,5.785,5.975,0.968,0.871617,0.014939,0.0,,low_sensitivity_spectral_edge,feature is in the low-sensitivity edge of the extracted spectrum,,-22.337,-17.366
TOI-4399,ADP.2021-09-17T01:03:12.717,ADP.2022-07-08T01:10:02.854,6872.17,6872.68418,6872.20841,6872.68418,brighter_earlier,8.204,8.143,5.74,5.976,0.961,-0.717684,-0.100472,6.026,,low_sensitivity_spectral_edge,feature is in the low-sensitivity edge of the extracted spectrum,,-15.634,-10.662
TOI-4399,ADP.2021-09-17T01:03:12.717,ADP.2022-07-08T01:10:02.854,6872.37,6872.88419,6872.40841,6872.40841,brighter_later,8.665,8.647,6.326,5.976,1.059,0.755252,-0.056971,6.281,,low_sensitivity_spectral_edge,feature is in the low-sensitivity edge of the extracted spectrum,,-17.345,-12.374
TOI-4399,ADP.2021-09-17T01:03:12.717,ADP.2022-07-08T01:10:02.854,6872.77,6873.28422,6872.80842,6873.28422,brighter_earlier,9.986,9.986,6.077,5.976,1.017,-0.864111,0.017147,0.0,,low_sensitivity_spectral_edge,feature is in the low-sensitivity edge of the extracted spectrum,,-22.756,-17.784
TOI-4399,ADP.2021-09-17T01:03:12.717,ADP.2022-07-08T01:10:02.854,6872.84,6873.35423,6872.87842,6873.35423,brighter_earlier,9.267,9.265,5.945,5.976,0.995,-0.800904,0.00036,0.0,,low_sensitivity_spectral_edge,feature is in the low-sensitivity edge of the extracted spectrum,,-19.718,-14.746
TOI-4399,ADP.2021-09-17T01:03:12.717,ADP.2022-07-08T01:10:02.854,6873.26,6873.77426,6873.29842,6873.29842,brighter_later,10.609,10.609,6.258,5.977,1.047,0.909778,0.030976,0.0,,low_sensitivity_spectral_edge,feature is in the low-sensitivity edge of the extracted spectrum,,-25.568,-20.596
TOI-4399,ADP.2021-09-17T01:03:12.717,ADP.2022-07-08T01:10:02.854,6873.32,6873.83427,6873.35842,6873.35842,brighter_later,9.657,9.597,5.475,5.977,0.916,0.827216,0.002482,0.0,,low_sensitivity_spectral_edge,feature is in the low-sensitivity edge of the extracted spectrum,,-21.338,-16.367
TOI-4399,ADP.2021-09-17T01:03:12.717,ADP.2022-07-08T01:10:02.854,6873.72,6874.2343,6873.75842,6874.2343,brighter_earlier,10.256,10.256,5.55,5.977,0.929,-0.872012,0.038753,0.0,,low_sensitivity_spectral_edge,feature is in the low-sensitivity edge of the extracted spectrum,,-23.954,-18.982
TOI-4399,ADP.2021-09-17T01:03:12.717,ADP.2022-07-08T01:10:02.854,6873.78,6874.2943,6873.81842,6874.2943,brighter_earlier,10.644,10.644,5.945,5.977,0.995,-0.903987,0.028845,0.49,,low_sensitivity_spectral_edge,feature is in the low-sensitivity edge of the extracted spectrum,,-25.731,-20.759
TOI-4399,ADP.2021-09-17T01:03:12.717,ADP.2022-07-08T01:10:02.854,6874.11,6874.62433,6874.14842,6874.14842,brighter_later,10.541,10.509,5.965,5.977,0.998,0.889773,0.024619,0.374,,low_sensitivity_spectral_edge,feature is in the low-sensitivity edge of the extracted spectrum,,-25.253,-20.281
TOI-4399,ADP.2021-09-17T01:03:12.717,ADP.2022-07-08T01:10:02.854,6874.18,6874.69433,6874.21842,6874.21842,brighter_later,10.071,9.99,5.519,5.978,0.923,0.848935,0.01911,0.0,,low_sensitivity_spectral_edge,feature is in the low-sensitivity edge of the extracted spectrum,,-23.129,-18.158
TOI-4399,ADP.2021-09-17T01:03:12.717,ADP.2022-07-08T01:10:02.854,6874.58,6875.09436,6874.61843,6875.09436,brighter_earlier,10.47,10.47,6.139,5.978,1.027,-0.875976,0.007976,0.0,,low_sensitivity_spectral_edge,feature is in the low-sensitivity edge of the extracted spectrum,,-24.926,-19.954
TOI-4399,ADP.2021-09-17T01:03:12.717,ADP.2022-07-08T01:10:02.854,6874.65,6875.16437,6874.68843,6875.16437,brighter_earlier,9.814,9.792,5.677,5.978,0.95,-0.820019,0.003308,0.0,,low_sensitivity_spectral_edge,feature is in the low-sensitivity edge of the extracted spectrum,,-22.009,-17.037
TOI-4399,ADP.2021-09-17T01:03:12.717,ADP.2022-07-08T01:10:02.854,6875.05,6875.5644,6875.08843,6875.08843,brighter_later,10.094,10.094,5.477,5.978,0.916,0.837007,0.007463,0.0,,low_sensitivity_spectral_edge,feature is in the low-sensitivity edge of the extracted spectrum,,-23.231,-18.26
TOI-4399,ADP.2021-09-17T01:03:12.717,ADP.2022-07-08T01:10:02.854,6875.11,6875.6244,6875.14843,6875.14843,brighter_later,10.102,10.102,5.977,5.978,1.0,0.836676,-0.019169,0.0,,low_sensitivity_spectral_edge,feature is in the low-sensitivity edge of the extracted spectrum,,-23.267,-18.295
TOI-4399,ADP.2021-09-17T01:03:12.717,ADP.2022-07-08T01:10:02.854,6875.52,6876.03443,6875.55843,6876.03443,brighter_earlier,9.983,9.933,5.727,5.979,0.958,-0.82035,0.008298,0.0,,low_sensitivity_spectral_edge,feature is in the low-sensitivity edge of the extracted spectrum,,-22.743,-17.771
TOI-4399,ADP.2021-09-17T01:03:12.717,ADP.2022-07-08T01:10:02.854,6875.58,6876.09444,6875.61843,6876.09444,brighter_earlier,10.145,10.145,5.691,5.979,0.952,-0.832675,0.011527,0.0,,low_sensitivity_spectral_edge,feature is in the low-sensitivity edge of the extracted spectrum,,-23.457,-18.486
TOI-4399,ADP.2021-09-17T01:03:12.717,ADP.2022-07-08T01:10:02.854,6876.17,6876.68448,6876.20843,6876.20843,brighter_later,9.759,9.757,5.378,5.979,0.899,0.791863,0.00912,0.0,,low_sensitivity_spectral_edge,feature is in the low-sensitivity edge of the extracted spectrum,,-21.773,-16.801
TOI-4399,ADP.2021-09-17T01:03:12.717,ADP.2022-07-08T01:10:02.854,6876.23,6876.74448,6876.26844,6876.26844,brighter_later,10.386,10.373,5.797,5.979,0.97,0.841783,0.022652,0.0,,low_sensitivity_spectral_edge,feature is in the low-sensitivity edge of the extracted spectrum,,-24.542,-19.57
TOI-4399,ADP.2021-09-17T01:03:12.717,ADP.2022-07-08T01:10:02.854,6876.64,6877.15451,6876.67844,6877.15451,brighter_earlier,10.52,10.52,5.339,5.98,0.893,-0.845822,0.020504,0.0,,low_sensitivity_spectral_edge,feature is in the low-sensitivity edge of the extracted spectrum,,-25.156,-20.184
TOI-4399,ADP.2021-09-17T01:03:12.717,ADP.2022-07-08T01:10:02.854,6876.7,6877.21452,6876.73844,6877.21452,brighter_earlier,10.57,10.515,6.008,5.98,1.005,-0.848828,0.016325,0.0,,low_sensitivity_spectral_edge,feature is in the low-sensitivity edge of the extracted spectrum,,-25.387,-20.415
TOI-4399,ADP.2021-09-17T01:03:12.717,ADP.2022-07-08T01:10:02.854,6877.11,6877.62455,6877.14844,6877.14844,brighter_later,10.765,10.765,5.657,5.98,0.946,0.857523,0.012933,0.055,,low_sensitivity_spectral_edge,feature is in the low-sensitivity edge of the extracted spectrum,,-26.298,-21.326
TOI-4399,ADP.2021-09-17T01:03:12.717,ADP.2022-07-08T01:10:02.854,6877.14,6877.65455,6877.17844,6877.17844,brighter_later,10.786,10.786,6.25,5.98,1.045,0.858615,0.002735,0.0,,low_sensitivity_spectral_edge,feature is in the low-sensitivity edge of the extracted spectrum,,-26.397,-21.426
TOI-4399,ADP.2021-09-17T01:03:12.717,ADP.2022-07-08T01:10:02.854,6877.58,6878.09458,6877.61844,6878.09458,brighter_earlier,10.29,10.225,5.854,5.981,0.979,-0.812035,-0.008455,0.151,,low_sensitivity_spectral_edge,feature is in the low-sensitivity edge of the extracted spectrum,,-24.107,-19.135
TOI-4399,ADP.2021-09-17T01:03:12.717,ADP.2022-07-08T01:10:02.854,6877.62,6878.13459,6877.65844,6878.13459,brighter_earlier,9.62,9.615,5.167,5.981,0.864,-0.758514,-0.001935,0.0,,low_sensitivity_spectral_edge,feature is in the low-sensitivity edge of the extracted spectrum,,-21.182,-16.21
TOI-4399,ADP.2021-09-17T01:03:12.717,ADP.2022-07-08T01:10:02.854,6878.52,6879.03466,6878.55845,6878.55845,brighter_later,10.576,10.576,5.61,5.981,0.938,0.818844,0.012217,0.574,,low_sensitivity_spectral_edge,feature is in the low-sensitivity edge of the extracted spectrum,,-25.414,-20.443
TOI-4399,ADP.2021-09-17T01:03:12.717,ADP.2022-07-08T01:10:02.854,6878.98,6879.49469,6879.01845,6879.49469,brighter_earlier,10.767,10.767,5.77,5.982,0.965,-0.825721,-0.001162,0.0,,low_sensitivity_spectral_edge,feature is in the low-sensitivity edge of the extracted spectrum,,-26.307,-21.336
TOI-4399,ADP.2021-09-17T01:03:12.717,ADP.2022-07-08T01:10:02.854,6879.01,6879.52469,6879.04845,6879.52469,brighter_earlier,10.972,10.971,6.132,5.982,1.025,-0.840918,0.002922,0.0,,low_sensitivity_spectral_edge,feature is in the low-sensitivity edge of the extracted spectrum,,-27.283,-22.312
TOI-4399,ADP.2021-09-17T01:03:12.717,ADP.2022-07-08T01:10:02.854,6879.42,6879.93472,6879.45845,6879.45845,brighter_later,9.652,9.529,10.372,5.982,1.734,0.733531,-0.000196,0.0,,low_sensitivity_spectral_edge,feature is in the low-sensitivity edge of the extracted spectrum,,-21.317,-16.345
TOI-4399,ADP.2021-09-17T01:03:12.717,ADP.2022-07-08T01:10:02.854,6879.88,6880.39476,6879.91846,6880.39476,brighter_earlier,9.009,8.991,10.118,5.983,1.691,-0.678115,-0.003489,0.349,,low_sensitivity_spectral_edge,feature is in the low-sensitivity edge of the extracted spectrum,,-18.682,-13.711
TOI-4399,ADP.2021-09-17T01:03:12.717,ADP.2022-07-08T01:10:02.854,6883.33,6883.84501,6883.36847,6883.36847,brighter_later,11.037,10.998,5.49,5.986,0.917,0.77038,0.009415,0.058,,low_sensitivity_spectral_edge,feature is in the low-sensitivity edge of the extracted spectrum,,-27.596,-22.625
TOI-4399,ADP.2021-09-17T01:03:12.717,ADP.2022-07-08T01:10:02.854,6883.78,6884.29505,6883.81848,6884.29505,brighter_earlier,11.726,11.726,5.633,5.986,0.941,-0.81013,0.004228,0.156,,low_sensitivity_spectral_edge,feature is in the low-sensitivity edge of the extracted spectrum,,-31.028,-26.056
TOI-4399,ADP.2021-09-17T01:03:12.717,ADP.2022-07-08T01:10:02.854,6885.23,6885.74516,6885.26849,6885.26849,brighter_later,11.649,11.649,5.476,5.987,0.915,0.778051,-0.022671,0.395,,low_sensitivity_spectral_edge,feature is in the low-sensitivity edge of the extracted spectrum,,-30.634,-25.663
TOI-4399,ADP.2021-09-17T01:03:12.717,ADP.2022-07-08T01:10:02.854,6885.26,6885.77516,6885.29849,6885.29849,brighter_later,11.95,11.932,5.121,5.987,0.855,0.797588,0.015344,0.127,,low_sensitivity_spectral_edge,feature is in the low-sensitivity edge of the extracted spectrum,,-32.188,-27.216
TOI-4399,ADP.2021-09-17T01:03:12.717,ADP.2022-07-08T01:10:02.854,6885.69,6886.20519,6885.72849,6886.20519,brighter_earlier,12.215,12.215,5.262,5.988,0.879,-0.806949,-0.00031,0.0,,low_sensitivity_spectral_edge,feature is in the low-sensitivity edge of the extracted spectrum,,-33.588,-28.616
TOI-4399,ADP.2021-09-17T01:03:12.717,ADP.2022-07-08T01:10:02.854,6885.73,6886.24519,6885.76849,6886.24519,brighter_earlier,12.55,12.55,5.595,5.988,0.934,-0.828265,0.00798,0.0,,low_sensitivity_spectral_edge,feature is in the low-sensitivity edge of the extracted spectrum,,-35.401,-30.429
TOI-4399,ADP.2021-09-17T01:03:12.717,ADP.2022-07-08T01:10:02.854,6886.2,6886.71523,6886.23849,6886.23849,brighter_later,12.375,12.352,5.299,5.988,0.885,0.80749,0.02269,0.0,,low_sensitivity_spectral_edge,feature is in the low-sensitivity edge of the extracted spectrum,,-34.447,-29.476
TOI-4399,ADP.2021-09-17T01:03:12.717,ADP.2022-07-08T01:10:02.854,6886.26,6886.77523,6886.29849,6886.29849,brighter_later,12.392,12.392,5.882,5.988,0.982,0.807423,-0.002948,0.0,,low_sensitivity_spectral_edge,feature is in the low-sensitivity edge of the extracted spectrum,,-34.539,-29.568
TOI-4399,ADP.2021-09-17T01:03:12.717,ADP.2022-07-08T01:10:02.854,6886.67,6887.18526,6886.70849,6887.18526,brighter_earlier,11.973,11.958,5.337,5.988,0.891,-0.77239,-0.003616,0.326,,low_sensitivity_spectral_edge,feature is in the low-sensitivity edge of the extracted spectrum,,-32.308,-27.336
TOI-4399,ADP.2021-09-17T01:03:12.717,ADP.2022-07-08T01:10:02.854,6886.73,6887.24527,6886.76849,6887.24527,brighter_earlier,12.566,12.56,4.903,5.988,0.819,-0.809421,0.035142,0.622,,low_sensitivity_spectral_edge,feature is in the low-sensitivity edge of the extracted spectrum,,-35.488,-30.517
TOI-4399,ADP.2021-09-17T01:03:12.717,ADP.2022-07-08T01:10:02.854,6888.41,6888.9254,6888.4485,6888.4485,brighter_later,12.784,12.784,5.464,5.99,0.912,0.789432,-0.010469,0.486,,low_sensitivity_spectral_edge,feature is in the low-sensitivity edge of the extracted spectrum,,-36.696,-31.724
TOI-4399,ADP.2021-09-17T01:03:12.717,ADP.2022-07-08T01:10:02.854,6888.47,6888.9854,6888.5085,6888.5085,brighter_later,12.207,12.169,4.763,5.99,0.795,0.752675,0.010685,0.125,,low_sensitivity_spectral_edge,feature is in the low-sensitivity edge of the extracted spectrum,,-33.545,-28.573
TOI-4399,ADP.2021-09-17T01:03:12.717,ADP.2022-07-08T01:10:02.854,6888.87,6889.38543,6888.90851,6889.38543,brighter_earlier,13.549,13.549,5.251,5.99,0.877,-0.826841,0.01781,0.0,,low_sensitivity_spectral_edge,feature is in the low-sensitivity edge of the extracted spectrum,,-41.095,-36.124
TOI-4399,ADP.2021-09-17T01:03:12.717,ADP.2022-07-08T01:10:02.854,6888.94,6889.45543,6888.97851,6889.45543,brighter_earlier,13.396,13.354,5.167,5.99,0.863,-0.815998,0.034074,0.11,,low_sensitivity_spectral_edge,feature is in the low-sensitivity edge of the extracted spectrum,,-40.195,-35.224
TOI-4399,ADP.2021-09-17T01:03:12.717,ADP.2022-07-08T01:10:02.854,6889.35,6889.86547,6889.38851,6889.38851,brighter_later,13.407,13.407,5.302,5.991,0.885,0.807936,0.021188,0.0,,low_sensitivity_spectral_edge,feature is in the low-sensitivity edge of the extracted spectrum,,-40.259,-35.288
TOI-4399,ADP.2021-09-17T01:03:12.717,ADP.2022-07-08T01:10:02.854,6889.43,6889.94547,6889.46851,6889.46851,brighter_later,13.735,13.735,5.587,5.991,0.933,0.825965,0.010239,0.0,,low_sensitivity_spectral_edge,feature is in the low-sensitivity edge of the extracted spectrum,,-42.203,-37.232
TOI-4399,ADP.2021-09-17T01:03:12.717,ADP.2022-07-08T01:10:02.854,6889.82,6890.3355,6889.85851,6890.3355,brighter_earlier,12.711,12.703,5.391,5.991,0.9,-0.756563,0.009779,0.451,,low_sensitivity_spectral_edge,feature is in the low-sensitivity edge of the extracted spectrum,,-36.289,-31.318
TOI-4399,ADP.2021-09-17T01:03:12.717,ADP.2022-07-08T01:10:02.854,6889.9,6890.41551,6889.93851,6890.41551,brighter_earlier,12.816,12.811,5.093,5.991,0.85,-0.761144,0.013972,0.041,,low_sensitivity_spectral_edge,feature is in the low-sensitivity edge of the extracted spectrum,,-36.875,-31.903
TOI-4399,ADP.2021-09-17T01:03:12.717,ADP.2022-07-08T01:10:02.854,6891.83,6892.34565,6891.86852,6891.86852,brighter_later,13.553,13.553,5.205,5.993,0.869,0.795597,0.0159,0.462,,low_sensitivity_spectral_edge,feature is in the low-sensitivity edge of the extracted spectrum,,-41.119,-36.147
TOI-4399,ADP.2021-09-17T01:03:12.717,ADP.2022-07-08T01:10:02.854,6891.9,6892.41566,6891.93852,6891.93852,brighter_later,12.323,12.213,5.228,5.993,0.872,0.723146,0.00765,0.374,,low_sensitivity_spectral_edge,feature is in the low-sensitivity edge of the extracted spectrum,,-34.167,-29.195
TOI-4399,ADP.2021-09-17T01:03:12.717,ADP.2022-07-08T01:10:02.854,6892.29,6892.80569,6892.32852,6892.80569,brighter_earlier,13.307,13.307,5.378,5.993,0.897,-0.779406,0.003559,0.0,,low_sensitivity_spectral_edge,feature is in the low-sensitivity edge of the extracted spectrum,,-39.676,-34.705
TOI-4399,ADP.2021-09-17T01:03:12.717,ADP.2022-07-08T01:10:02.854,6892.36,6892.87569,6892.39853,6892.87569,brighter_earlier,14.201,14.201,5.733,5.993,0.957,-0.831482,0.012968,0.0,,low_sensitivity_spectral_edge,feature is in the low-sensitivity edge of the extracted spectrum,,-45.044,-40.073
TOI-4399,ADP.2021-09-17T01:03:12.717,ADP.2022-07-08T01:10:02.854,6892.76,6893.27572,6892.79853,6892.79853,brighter_later,14.09,14.075,5.308,5.994,0.886,0.823345,0.018139,0.0,,low_sensitivity_spectral_edge,feature is in the low-sensitivity edge of the extracted spectrum,,-44.359,-39.387
TOI-4399,ADP.2021-09-17T01:03:12.717,ADP.2022-07-08T01:10:02.854,6892.84,6893.35573,6892.87853,6892.87853,brighter_later,13.532,13.532,5.786,5.994,0.965,0.790462,0.016703,0.0,,low_sensitivity_spectral_edge,feature is in the low-sensitivity edge of the extracted spectrum,,-40.995,-36.023
TOI-4399,ADP.2021-09-17T01:03:12.717,ADP.2022-07-08T01:10:02.854,6893.23,6893.74576,6893.26853,6893.74576,brighter_earlier,13.297,13.233,5.312,5.994,0.886,-0.775209,0.000662,0.184,,low_sensitivity_spectral_edge,feature is in the low-sensitivity edge of the extracted spectrum,,-39.618,-34.647
TOI-4399,ADP.2021-09-17T01:03:12.717,ADP.2022-07-08T01:10:02.854,6893.31,6893.82576,6893.34853,6893.82576,brighter_earlier,12.534,12.534,5.269,5.994,0.879,-0.730447,0.011558,0.21,,low_sensitivity_spectral_edge,feature is in the low-sensitivity edge of the extracted spectrum,,-35.313,-30.341
TOI-4399,ADP.2021-09-17T01:03:12.717,ADP.2022-07-08T01:10:02.854,6895.49,6896.00592,6895.52854,6895.52854,brighter_later,12.023,12.021,4.751,5.996,0.792,0.693095,-0.018428,0.277,,low_sensitivity_spectral_edge,feature is in the low-sensitivity edge of the extracted spectrum,,-32.57,-27.599
TOI-4399,ADP.2021-09-17T01:03:12.717,ADP.2022-07-08T01:10:02.854,6895.56,6896.07593,6895.59854,6895.59854,brighter_later,13.192,13.126,4.969,5.996,0.829,0.760231,0.008288,0.183,,low_sensitivity_spectral_edge,feature is in the low-sensitivity edge of the extracted spectrum,,-39.011,-34.039
TOI-4399,ADP.2021-09-17T01:03:12.717,ADP.2022-07-08T01:10:02.854,6895.96,6896.47596,6895.99855,6896.47596,brighter_earlier,13.686,13.686,5.13,5.996,0.856,-0.787109,0.019998,0.0,,low_sensitivity_spectral_edge,feature is in the low-sensitivity edge of the extracted spectrum,,-41.91,-36.938
TOI-4399,ADP.2021-09-17T01:03:12.717,ADP.2022-07-08T01:10:02.854,6896.03,6896.54597,6896.06855,6896.54597,brighter_earlier,14.476,14.476,5.269,5.997,0.879,-0.832217,0.034356,0.0,,low_sensitivity_spectral_edge,feature is in the low-sensitivity edge of the extracted spectrum,,-46.765,-41.793
TOI-4399,ADP.2021-09-17T01:03:12.717,ADP.2022-07-08T01:10:02.854,6896.42,6896.93599,6896.45855,6896.45855,brighter_later,14.31,14.197,5.054,5.997,0.843,0.821073,0.010037,0.0,,low_sensitivity_spectral_edge,feature is in the low-sensitivity edge of the extracted spectrum,,-45.722,-40.751
TOI-4399,ADP.2021-09-17T01:03:12.717,ADP.2022-07-08T01:10:02.854,6896.49,6897.006,6896.52855,6896.52855,brighter_later,14.222,14.222,5.537,5.997,0.923,0.815724,0.026738,0.0,,low_sensitivity_spectral_edge,feature is in the low-sensitivity edge of the extracted spectrum,,-45.174,-40.203
TOI-4399,ADP.2021-09-17T01:03:12.717,ADP.2022-07-08T01:10:02.854,6896.88,6897.39603,6896.91855,6897.39603,brighter_earlier,13.246,13.221,4.736,5.997,0.79,-0.758251,0.020798,0.0,,low_sensitivity_spectral_edge,feature is in the low-sensitivity edge of the extracted spectrum,,-39.322,-34.351
TOI-4399,ADP.2021-09-17T01:03:12.717,ADP.2022-07-08T01:10:02.854,6896.96,6897.47603,6896.99855,6897.47603,brighter_earlier,13.351,13.351,5.306,5.997,0.885,-0.76395,-0.00135,0.178,,low_sensitivity_spectral_edge,feature is in the low-sensitivity edge of the extracted spectrum,,-39.932,-34.961
TOI-4399,ADP.2021-09-17T01:03:12.717,ADP.2022-07-08T01:10:02.854,6899.41,6899.92622,6899.44856,6899.44856,brighter_later,12.878,12.878,4.744,5.999,0.791,0.727762,-0.013702,0.382,,low_sensitivity_spectral_edge,feature is in the low-sensitivity edge of the extracted spectrum,,-37.223,-32.251
TOI-4399,ADP.2021-09-17T01:03:12.717,ADP.2022-07-08T01:10:02.854,6899.47,6899.98622,6899.50857,6899.50857,brighter_later,14.091,13.96,4.94,6.0,0.823,0.796063,0.006221,0.131,,low_sensitivity_spectral_edge,feature is in the low-sensitivity edge of the extracted spectrum,,-44.365,-39.394
TOI-4399,ADP.2021-09-17T01:03:12.717,ADP.2022-07-08T01:10:02.854,6899.88,6900.39625,6899.91857,6900.39625,brighter_earlier,14.354,14.354,5.427,6.0,0.905,-0.809215,0.010465,0.0,,low_sensitivity_spectral_edge,feature is in the low-sensitivity edge of the extracted spectrum,,-45.998,-41.026
TOI-4399,ADP.2021-09-17T01:03:12.717,ADP.2022-07-08T01:10:02.854,6899.94,6900.45626,6899.97857,6900.45626,brighter_earlier,14.953,14.953,5.142,6.0,0.857,-0.842737,0.015452,0.0,,low_sensitivity_spectral_edge,feature is in the low-sensitivity edge of the extracted spectrum,,-49.827,-44.856
TOI-4399,ADP.2021-09-17T01:03:12.717,ADP.2022-07-08T01:10:02.854,6900.32,6900.83629,6900.35857,6900.35857,brighter_later,13.891,13.826,4.91,6.0,0.818,0.781382,0.008128,0.103,,low_sensitivity_spectral_edge,feature is in the low-sensitivity edge of the extracted spectrum,,-43.144,-38.172
TOI-4399,ADP.2021-09-17T01:03:12.717,ADP.2022-07-08T01:10:02.854,6900.39,6900.90629,6900.42857,6900.42857,brighter_later,14.715,14.715,5.35,6.0,0.892,0.82744,0.016209,0.0,,low_sensitivity_spectral_edge,feature is in the low-sensitivity edge of the extracted spectrum,,-48.287,-43.315
TOI-4399,ADP.2021-09-17T01:03:12.717,ADP.2022-07-08T01:10:02.854,6900.79,6901.30632,6900.82857,6901.30632,brighter_earlier,13.376,13.297,4.453,6.001,0.742,-0.750571,0.008043,0.454,,low_sensitivity_spectral_edge,feature is in the low-sensitivity edge of the extracted spectrum,,-40.078,-35.107
TOI-4399,ADP.2021-09-17T01:03:12.717,ADP.2022-07-08T01:10:02.854,6900.86,6901.37633,6900.89857,6901.37633,brighter_earlier,13.723,13.723,4.937,6.001,0.823,-0.769784,0.003566,0.374,,low_sensitivity_spectral_edge,feature is in the low-sensitivity edge of the extracted spectrum,,-42.131,-37.16
TOI-4399,ADP.2021-09-17T01:03:12.717,ADP.2022-07-08T01:10:02.854,6903.58,6904.09653,6903.61859,6903.61859,brighter_later,13.278,13.277,4.348,6.003,0.724,0.734385,-0.010627,0.437,,low_sensitivity_spectral_edge,feature is in the low-sensitivity edge of the extracted spectrum,,-39.508,-34.536
TOI-4399,ADP.2021-09-17T01:03:12.717,ADP.2022-07-08T01:10:02.854,6903.63,6904.14653,6903.66859,6903.66859,brighter_later,13.982,13.913,4.703,6.003,0.783,0.773131,0.002702,0.68,,low_sensitivity_spectral_edge,feature is in the low-sensitivity edge of the extracted spectrum,,-43.697,-38.726
TOI-4399,ADP.2021-09-17T01:03:12.717,ADP.2022-07-08T01:10:02.854,6904.05,6904.56657,6904.08859,6904.56657,brighter_earlier,14.654,14.654,4.751,6.004,0.791,-0.808506,0.010928,0.0,,low_sensitivity_spectral_edge,feature is in the low-sensitivity edge of the extracted spectrum,,-47.896,-42.925
TOI-4399,ADP.2021-09-17T01:03:12.717,ADP.2022-07-08T01:10:02.854,6904.1,6904.61657,6904.13859,6904.61657,brighter_earlier,14.836,14.836,5.128,6.004,0.854,-0.818296,0.013279,0.0,,low_sensitivity_spectral_edge,feature is in the low-sensitivity edge of the extracted spectrum,,-49.067,-44.095
TOI-4399,ADP.2021-09-17T01:03:12.717,ADP.2022-07-08T01:10:02.854,6904.49,6905.0066,6904.52859,6904.52859,brighter_later,14.61,14.438,5.257,6.004,0.876,0.804196,-0.025149,0.172,,low_sensitivity_spectral_edge,feature is in the low-sensitivity edge of the extracted spectrum,,-47.615,-42.644
TOI-4399,ADP.2021-09-17T01:03:12.717,ADP.2022-07-08T01:10:02.854,6904.54,6905.0566,6904.57859,6904.57859,brighter_later,15.084,15.084,5.056,6.004,0.842,0.830047,0.020299,0.0,,low_sensitivity_spectral_edge,feature is in the low-sensitivity edge of the extracted spectrum,,-50.685,-45.714
TOI-4399,ADP.2021-09-17T01:03:12.717,ADP.2022-07-08T01:10:02.854,6904.96,6905.47663,6904.9986,6905.47663,brighter_earlier,14.129,13.96,4.836,6.004,0.805,-0.775778,-0.008111,0.7,,low_sensitivity_spectral_edge,feature is in the low-sensitivity edge of the extracted spectrum,,-44.599,-39.628
TOI-4399,ADP.2021-09-17T01:03:12.717,ADP.2022-07-08T01:10:02.854,6905.01,6905.52664,6905.0486,6905.52664,brighter_earlier,13.633,13.63,4.814,6.004,0.802,-0.748359,-0.010032,0.411,,low_sensitivity_spectral_edge,feature is in the low-sensitivity edge of the extracted spectrum,,-41.594,-36.622
TOI-4399,ADP.2021-09-17T01:03:12.717,ADP.2022-07-08T01:10:02.854,6908.01,6908.52686,6908.04861,6908.04861,brighter_later,15.129,15.129,4.533,6.007,0.755,0.817364,0.022542,1.099,,low_sensitivity_spectral_edge,feature is in the low-sensitivity edge of the extracted spectrum,,-50.982,-46.01
TOI-4399,ADP.2021-09-17T01:03:12.717,ADP.2022-07-08T01:10:02.854,6908.04,6908.55686,6908.07861,6908.07861,brighter_later,14.441,14.423,4.56,6.007,0.759,0.780086,0.022133,0.611,,low_sensitivity_spectral_edge,feature is in the low-sensitivity edge of the extracted spectrum,,-46.544,-41.573
TOI-4399,ADP.2021-09-17T01:03:12.717,ADP.2022-07-08T01:10:02.854,6908.48,6908.9969,6908.51862,6908.9969,brighter_earlier,15.401,15.401,5.189,6.007,0.864,-0.829997,-0.009667,0.0,,low_sensitivity_spectral_edge,feature is in the low-sensitivity edge of the extracted spectrum,,-52.793,-47.821
TOI-4399,ADP.2021-09-17T01:03:12.717,ADP.2022-07-08T01:10:02.854,6908.51,6909.0269,6908.54862,6909.0269,brighter_earlier,15.2,15.189,4.862,6.007,0.809,-0.819007,0.009039,0.196,,low_sensitivity_spectral_edge,feature is in the low-sensitivity edge of the extracted spectrum,,-51.451,-46.48
TOI-4399,ADP.2021-09-17T01:03:12.717,ADP.2022-07-08T01:10:02.854,6908.9,6909.41693,6908.93862,6908.93862,brighter_later,15.255,15.255,4.729,6.008,0.787,0.820247,0.004584,0.011,,low_sensitivity_spectral_edge,feature is in the low-sensitivity edge of the extracted spectrum,,-51.817,-46.845
TOI-4399,ADP.2021-09-17T01:03:12.717,ADP.2022-07-08T01:10:02.854,6908.94,6909.45693,6908.97862,6908.97862,brighter_later,14.936,14.936,4.437,6.008,0.738,0.802927,0.005159,0.0,,low_sensitivity_spectral_edge,feature is in the low-sensitivity edge of the extracted spectrum,,-49.716,-44.745
TOI-4399,ADP.2021-09-17T01:03:12.717,ADP.2022-07-08T01:10:02.854,6909.37,6909.88696,6909.40862,6909.88696,brighter_earlier,14.238,14.155,4.223,6.008,0.703,-0.763624,-0.005644,0.397,,low_sensitivity_spectral_edge,feature is in the low-sensitivity edge of the extracted spectrum,,-45.274,-40.302
TOI-4399,ADP.2021-09-17T01:03:12.717,ADP.2022-07-08T01:10:02.854,6909.41,6909.92697,6909.44862,6909.92697,brighter_earlier,14.075,14.05,4.433,6.008,0.738,-0.754731,-0.012552,0.701,,low_sensitivity_spectral_edge,feature is in the low-sensitivity edge of the extracted spectrum,,-44.267,-39.295
